t_s,decoded_current_A,successful_command_A,command_delayed_60_593ms_A
-1.9994240810000001,-0.0010986328125,0.0,
-1.9984229080000002,0.002197265625,0.0,
-1.9974501420000002,0.00201416015625,0.0,
-1.996448747,-0.00128173828125,0.0,
-1.9954496660000003,0.00201416015625,0.0,
-1.9944484560000002,-0.0029296875,0.0,
-1.9934489680000003,0.00018310546875,0.0,
-1.992450591,0.00018310546875,0.0,
-1.9915003620000002,-0.00128173828125,0.0,
-1.9904998370000002,0.00384521484375,0.0,
-1.9894528500000002,-0.0010986328125,0.0,
-1.9884539730000002,-0.0010986328125,0.0,
-1.9874560960000003,0.00201416015625,0.0,
-1.9864549790000001,-0.0010986328125,0.0,
-1.9854488240000001,0.00018310546875,0.0,
-1.9844552440000003,-0.0010986328125,0.0,
-1.9834568120000002,-0.0047607421875,0.0,
-1.9824581570000002,0.00201416015625,0.0,
-1.9815038170000001,0.00384521484375,0.0,
-1.9805056440000002,-0.0029296875,0.0,
-1.9794574900000002,-0.0010986328125,0.0,
-1.9784588720000003,-0.0010986328125,0.0,
-1.9774567360000002,-0.0029296875,0.0,
-1.9764576560000002,0.00384521484375,0.0,
-1.9754548720000003,0.00018310546875,0.0,
-1.9744566610000003,0.00018310546875,0.0,
-1.973460044,-0.0047607421875,0.0,
-1.9724630930000002,-0.0010986328125,0.0,
-1.9715113270000002,-0.0010986328125,0.0,
-1.9705121720000003,0.00201416015625,0.0,
-1.969460111,0.00531005859375,0.0,
-1.9684627710000002,-0.0010986328125,0.0,
-1.9674648200000002,-0.0010986328125,0.0,
-1.9664651290000001,0.00201416015625,0.0,
-1.965458622,0.00018310546875,0.0,
-1.9644604490000002,0.00018310546875,0.0,
-1.9634654980000001,-0.0010986328125,0.0,
-1.9624653070000002,-0.006591796875,0.0,
-1.9614632260000002,0.00018310546875,0.0,
-1.9605130530000001,-0.0029296875,0.0,
-1.9595170460000002,0.00201416015625,0.0,
-1.9584671700000003,0.00201416015625,0.0,
-1.9574669970000003,0.00201416015625,0.0,
-1.9564672500000002,0.00201416015625,0.0,
-1.9555187430000003,0.00201416015625,0.0,
-1.9544654780000001,-0.0029296875,0.0,
-1.9534686010000002,0.00201416015625,0.0,
-1.952467187,0.00018310546875,0.0,
-1.9514694220000002,0.00384521484375,0.0,
-1.9505192300000003,-0.006591796875,0.0,
-1.949521019,-0.0010986328125,0.0,
-1.948471921,0.00201416015625,0.0,
-1.947472322,-0.0047607421875,0.0,
-1.9464716680000003,0.00201416015625,0.0,
-1.945522753,-0.0010986328125,0.0,
-1.9444695990000003,0.00018310546875,0.0,
-1.943472408,0.00054931640625,0.0,
-1.942475383,-0.0010986328125,0.0,
-1.9414756540000002,-0.0010986328125,0.0,
-1.9404780550000003,0.00201416015625,0.0,
-1.9395262700000002,0.00714111328125,0.0,
-1.9384721900000002,0.00018310546875,0.0,0.0
-1.9374740910000001,-0.006591796875,0.0,0.0
-1.9364732700000002,0.00018310546875,0.0,0.0
-1.935525356,0.00201416015625,0.0,0.0
-1.9344744800000002,-0.0029296875,0.0,0.0
-1.9334774730000002,0.00201416015625,0.0,0.0
-1.9324784670000001,-0.0047607421875,0.0,0.0
-1.9314786830000001,-0.0029296875,0.0,0.0
-1.9304797870000001,-0.0029296875,0.0,0.0
-1.9294821140000002,-0.0047607421875,0.0,0.0
-1.9285312000000001,-0.0010986328125,0.0,0.0
-1.9274808610000003,-0.0010986328125,0.0,0.0
-1.9264810950000002,0.00201416015625,0.0,0.0
-1.9254837180000002,0.00201416015625,0.0,0.0
-1.9245317480000002,0.00531005859375,0.0,0.0
-1.923533372,0.00201416015625,0.0,0.0
-1.9224834960000001,-0.0010986328125,0.0,0.0
-1.9214802110000002,-0.0029296875,0.0,0.0
-1.9204863900000002,0.00201416015625,0.0,0.0
-1.9194871990000002,0.00201416015625,0.0,0.0
-1.9184881740000002,0.00201416015625,0.0,0.0
-1.9175351110000003,-0.0047607421875,0.0,0.0
-1.9164847910000002,-0.0010986328125,0.0,0.0
-1.9154852470000001,-0.0029296875,0.0,0.0
-1.9145425360000001,0.00714111328125,0.0,0.0
-1.9135379740000003,0.00201416015625,0.0,0.0
-1.9124876350000002,0.00201416015625,0.0,0.0
-1.9114883700000003,-0.0010986328125,0.0,0.0
-1.9104901410000001,-0.0010986328125,0.0,0.0
-1.909488357,0.00054931640625,0.0,0.0
-1.9085397020000001,0.00201416015625,0.0,0.0
-1.9074899920000001,0.00201416015625,0.0,0.0
-1.9064892450000002,0.00201416015625,0.0,0.0
-1.905490257,0.00201416015625,0.0,0.0
-1.9044933990000001,-0.0010986328125,0.0,0.0
-1.9034907260000002,0.00201416015625,0.0,0.0
-1.9024885340000002,0.00018310546875,0.0,0.0
-1.9014889170000002,-0.0029296875,0.0,0.0
-1.9004941330000003,0.00201416015625,0.0,0.0
-1.899491293,0.00201416015625,0.0,0.0
-1.8984923420000002,0.00201416015625,0.0,0.0
-1.8974920760000002,0.00201416015625,0.0,0.0
-1.8964927000000003,-0.0010986328125,0.0,0.0
-1.895490453,0.00054931640625,0.0,0.0
-1.89448915,-0.0029296875,0.0,0.0
-1.893492514,0.00201416015625,0.0,0.0
-1.8924906190000002,0.00201416015625,0.0,0.0
-1.8914914640000002,0.00201416015625,0.0,0.0
-1.890489569,0.00384521484375,0.0,0.0
-1.8894930250000002,-0.0010986328125,0.0,0.0
-1.8884902230000002,0.00018310546875,0.0,0.0
-1.8874900870000002,-0.0047607421875,0.0,0.0
-1.8864899140000002,-0.0010986328125,0.0,0.0
-1.8854925550000001,-0.0047607421875,0.0,0.0
-1.8844929750000001,0.00531005859375,0.0,0.0
-1.8834899310000002,0.00054931640625,0.0,0.0
-1.8824929620000002,-0.0010986328125,0.0,0.0
-1.8814917150000001,0.00531005859375,0.0,0.0
-1.880493597,-0.0047607421875,0.0,0.0
-1.8794915730000001,-0.0010986328125,0.0,0.0
-1.8784892510000002,-0.0029296875,0.0,0.0
-1.8774902260000002,0.00054931640625,0.0,0.0
-1.8764902200000002,-0.00128173828125,0.0,0.0
-1.8754420850000002,-0.0029296875,0.0,0.0
-1.8744420410000002,0.00018310546875,0.0,0.0
-1.8734886640000001,0.00018310546875,0.0,0.0
-1.8724946570000003,0.00201416015625,0.0,0.0
-1.8714426520000003,0.00054931640625,0.0,0.0
-1.8704455530000001,-0.0010986328125,0.0,0.0
-1.869445417,0.00201416015625,0.0,0.0
-1.8684475770000002,0.00201416015625,0.0,0.0
-1.86749607,-0.0010986328125,0.0,0.0
-1.8664414900000001,-0.0029296875,0.0,0.0
-1.8654444650000002,-0.0029296875,0.0,0.0
-1.8644492920000002,0.00201416015625,0.0,0.0
-1.8634980070000002,0.00201416015625,0.0,0.0
-1.862444742,-0.0029296875,0.0,0.0
-1.861447569,0.00201416015625,0.0,0.0
-1.8604494700000003,0.00201416015625,0.0,0.0
-1.8594484820000001,-0.0029296875,0.0,0.0
-1.8584484390000002,0.00018310546875,0.0,0.0
-1.85749771,-0.0029296875,0.0,0.0
-1.8564490930000002,-0.0010986328125,0.0,0.0
-1.855453197,0.00201416015625,0.0,0.0
-1.8544534500000003,0.00714111328125,0.0,0.0
-1.8535009990000002,-0.0010986328125,0.0,0.0
-1.852435679,0.00201416015625,0.0,0.0
-1.8514528200000002,0.00201416015625,0.0,0.0
-1.8504545170000002,0.00201416015625,0.0,0.0
-1.8494517520000002,-0.0029296875,0.0,0.0
-1.8484534310000003,0.00384521484375,0.0,0.0
-1.8475054240000002,0.00201416015625,0.0,0.0
-1.8464564360000002,-0.0047607421875,0.0,0.0
-1.8454553740000001,0.00201416015625,0.0,0.0
-1.8444535350000002,0.00018310546875,0.0,0.0
-1.8434544540000002,0.00018310546875,0.0,0.0
-1.8424598180000002,0.00201416015625,0.0,0.0
-1.841458867,0.00201416015625,0.0,0.0
-1.8405089710000002,-0.0010986328125,0.0,0.0
-1.8395054460000002,0.00018310546875,0.0,0.0
-1.838458681,-0.0010986328125,0.0,0.0
-1.8374569710000002,-0.0029296875,0.0,0.0
-1.8364605200000002,0.00201416015625,0.0,0.0
-1.8354607180000002,0.00201416015625,0.0,0.0
-1.8344597480000002,-0.0047607421875,0.0,0.0
-1.8334579640000002,-0.0029296875,0.0,0.0
-1.8324626620000002,0.00531005859375,0.0,0.0
-1.8315099510000001,0.00054931640625,0.0,0.0
-1.8305110370000002,-0.0029296875,0.0,0.0
-1.8294586790000003,-0.0029296875,0.0,0.0
-1.8284645060000002,-0.0010986328125,0.0,0.0
-1.8274625560000002,-0.0029296875,0.0,0.0
-1.8264653450000001,0.00201416015625,0.0,0.0
-1.8254616350000001,-0.006591796875,0.0,0.0
-1.8244605180000002,0.00018310546875,0.0,0.0
-1.8234662890000002,0.00201416015625,0.0,0.0
-1.8224678010000002,-0.0010986328125,0.0,0.0
-1.8214675910000002,-0.0010986328125,0.0,0.0
-1.820516806,0.00201416015625,0.0,0.0
-1.8195177820000001,0.00201416015625,0.0,0.0
-1.8184676830000002,0.00201416015625,0.0,0.0
-1.8174678060000002,0.00201416015625,0.0,0.0
-1.8164683190000002,-0.0010986328125,0.0,0.0
-1.81551546,0.00018310546875,0.0,0.0
-1.814519916,0.00201416015625,0.0,0.0
-1.8134690030000002,0.00201416015625,0.0,0.0
-1.8124708670000003,-0.0010986328125,0.0,0.0
-1.8114717120000001,0.00201416015625,0.0,0.0
-1.810473854,-0.0010986328125,0.0,0.0
-1.8094735890000002,0.00201416015625,0.0,0.0
-1.8085236190000002,0.00201416015625,0.0,0.0
-1.8074725200000001,-0.0010986328125,0.0,0.0
-1.806472829,0.00201416015625,0.0,0.0
-1.8054753590000001,0.00201416015625,0.0,0.0
-1.8045229080000003,0.00201416015625,0.0,0.0
-1.803525124,0.00201416015625,0.0,0.0
-1.8024749140000003,-0.0010986328125,0.0,0.0
-1.8014738150000003,-0.00128173828125,0.0,0.0
-1.8004777720000003,-0.0010986328125,0.0,0.0
-1.7994786170000001,0.00714111328125,0.0,0.0
-1.7984796480000003,0.00201416015625,0.0,0.0
-1.7975245110000002,-0.0029296875,0.0,0.0
-1.7964760610000001,0.00201416015625,0.0,0.0
-1.7954801290000002,-0.00457763671875,0.0,0.0
-1.7944771410000002,0.00201416015625,0.0,0.0
-1.7935218380000002,-0.0010986328125,0.0,0.0
-1.7924775720000001,0.00201416015625,0.0,0.0
-1.791470177,0.00018310546875,0.0,0.0
-1.790479689,-0.0010986328125,0.0,0.0
-1.7894795900000002,-0.0010986328125,0.0,0.0
-1.7884795100000002,-0.0029296875,0.0,0.0
-1.7875319290000002,-0.0029296875,0.0,0.0
-1.7862811290000002,0.00018310546875,0.0,0.0
-1.7855267680000002,-0.0010986328125,0.0,0.0
-1.7844766140000001,-0.0029296875,0.0,0.0
-1.783480015,0.00054931640625,0.0,0.0
-1.7824744350000001,-0.006591796875,0.0,0.0
-1.7814789100000001,0.00201416015625,0.0,0.0
-1.7804834960000002,0.00531005859375,0.0,0.0
-1.7795311000000003,0.00054931640625,0.0,0.0
-1.778476039,-0.0029296875,0.0,0.0
-1.7774872730000002,0.00201416015625,0.0,0.0
-1.7764757850000001,0.00018310546875,0.0,0.0
-1.7755315930000002,-0.0029296875,0.0,0.0
-1.7744808280000002,-0.0010986328125,0.0,0.0
-1.7734804330000002,-0.0029296875,0.0,0.0
-1.772482056,0.00531005859375,0.0,0.0
-1.7714888270000002,0.00201416015625,0.0,0.0
-1.770534376,0.00018310546875,0.0,0.0
-1.7695369250000001,0.00018310546875,0.0,0.0
-1.7684827520000002,0.00201416015625,0.0,0.0
-1.767492913,-0.00457763671875,0.0,0.0
-1.7664924990000002,0.00018310546875,0.0,0.0
-1.765540177,0.00531005859375,0.0,0.0
-1.7644831900000002,-0.0010986328125,0.0,0.0
-1.7634899430000002,-0.0029296875,0.0,0.0
-1.7624702330000002,0.00018310546875,0.0,0.0
-1.7614874480000002,0.00018310546875,0.0,0.0
-1.7604800160000003,0.00018310546875,0.0,0.0
-1.759488713,0.00018310546875,0.0,0.0
-1.7584805770000003,-0.0029296875,0.0,0.0
-1.7574963300000002,-0.0010986328125,0.0,0.0
-1.756487472,-0.0029296875,0.0,0.0
-1.755496077,0.00201416015625,0.0,0.0
-1.7544873300000001,0.00018310546875,0.0,0.0
-1.7534889710000001,-0.006591796875,0.0,0.0
-1.7524907240000003,0.00201416015625,0.0,0.0
-1.7514789960000001,-0.0010986328125,0.0,0.0
-1.7504938600000002,-0.0010986328125,0.0,0.0
-1.7494933160000001,0.00201416015625,0.0,0.0
-1.7483938110000001,-0.0029296875,0.0,0.0
-1.7474893590000002,-0.0029296875,0.0,0.0
-1.7464817420000003,-0.0010986328125,0.0,0.0
-1.7454913090000002,-0.0010986328125,0.0,0.0
-1.7444887290000002,0.00018310546875,0.0,0.0
-1.7434943520000001,0.00201416015625,0.0,0.0
-1.7424941790000001,-0.0010986328125,0.0,0.0
-1.7414943210000002,0.00201416015625,0.0,0.0
-1.7404897220000002,-0.00128173828125,0.0,0.0
-1.7394925860000001,-0.0010986328125,0.0,0.0
-1.73849369,0.00201416015625,0.0,0.0
-1.737490702,0.00018310546875,0.0,0.0
-1.736494307,0.00201416015625,0.0,0.0
-1.7354905230000002,0.00018310546875,0.0,0.0
-1.7344922020000002,-0.0029296875,0.0,0.0
-1.7334411590000003,-0.0010986328125,0.0,0.0
-1.7324434120000003,-0.0029296875,0.0,0.0
-1.731444479,0.00201416015625,0.0,0.0
-1.7304416950000001,0.00201416015625,0.0,0.0
-1.7294927620000002,-0.0010986328125,0.0,0.0
-1.7284330900000002,-0.0029296875,0.0,0.0
-1.7274512690000001,-0.0010986328125,0.0,0.0
-1.7264420770000002,0.00201416015625,0.0,0.0
-1.725454293,0.00201416015625,0.0,0.0
-1.7244888420000002,0.00201416015625,0.0,0.0
-1.7234475580000002,-0.0010986328125,0.0,0.0
-1.7224527370000002,0.00201416015625,0.0,0.0
-1.7214457300000001,0.00018310546875,0.0,0.0
-1.72045065,0.00531005859375,0.0,0.0
-1.719449199,0.00384521484375,0.0,0.0
-1.718498266,0.00384521484375,0.0,0.0
-1.7174504830000001,-0.0010986328125,0.0,0.0
-1.716445513,-0.0029296875,0.0,0.0
-1.7155019140000003,0.00201416015625,0.0,0.0
-1.7144459820000002,-0.0029296875,0.0,0.0
-1.7134480130000003,0.00018310546875,0.0,0.0
-1.7124565620000003,-0.0010986328125,0.0,0.0
-1.7114505370000002,0.00018310546875,0.0,0.0
-1.7104501420000002,0.00201416015625,0.0,0.0
-1.7095034310000001,0.00201416015625,0.0,0.0
-1.7084222770000002,-0.0010986328125,0.0,0.0
-1.7074553260000003,-0.0010986328125,0.0,0.0
-1.706455542,-0.0010986328125,0.0,0.0
-1.7055031830000003,0.00384521484375,0.0,0.0
-1.7044523440000001,0.00018310546875,0.0,0.0
-1.703455393,-0.0029296875,0.0,0.0
-1.7024592200000002,-0.0010986328125,0.0,0.0
-1.7014565280000002,-0.0029296875,0.0,0.0
-1.7004606890000002,-0.0010986328125,0.0,0.0
-1.6995100710000002,0.00201416015625,0.0,0.0
-1.6985110640000003,-0.0010986328125,0.0,0.0
-1.6974568920000002,0.00384521484375,0.0,0.0
-1.696457848,-0.006591796875,0.0,0.0
-1.695460916,0.00201416015625,0.0,0.0
-1.6944643540000002,0.00201416015625,0.0,0.0
-1.693506662,0.00384521484375,0.0,0.0
-1.692457638,0.00018310546875,0.0,0.0
-1.691462446,0.00201416015625,0.0,0.0
-1.6904681990000001,0.00201416015625,0.0,0.0
-1.689464341,-0.0010986328125,0.0,0.0
-1.6884577420000002,-0.0029296875,0.0,0.0
-1.6874629200000002,-0.0029296875,0.0,0.0
-1.6864665620000001,-0.0010986328125,0.0,0.0
-1.6854611670000001,0.00018310546875,0.0,0.0
-1.6844676420000002,-0.0010986328125,0.0,0.0
-1.683467024,0.00531005859375,0.0,0.0
-1.6825194430000001,0.00054931640625,0.0,0.0
-1.6815136590000002,-0.0029296875,0.0,0.0
-1.68046719,-0.0010986328125,0.0,0.0
-1.67946674,-0.00128173828125,0.0,0.0
-1.678469567,0.00201416015625,0.0,0.0
-1.6774635050000002,0.00054931640625,0.0,0.0
-1.6764624610000003,0.00201416015625,0.0,0.0
-1.675463807,-0.0029296875,0.0,0.0
-1.674460819,-0.0029296875,0.0,0.0
-1.6734725160000001,-0.0010986328125,0.0,0.0
-1.672522861,-0.0010986328125,0.0,0.0
-1.6714647070000002,0.00201416015625,0.0,0.0
-1.6704687010000001,-0.0029296875,0.0,0.0
-1.669463694,-0.0029296875,0.0,0.0
-1.6684781880000001,0.00054931640625,0.0,0.0
-1.667472811,0.00201416015625,0.0,0.0
-1.6664757490000002,0.00201416015625,0.0,0.0
-1.6654709650000001,0.00018310546875,0.0,0.0
-1.6644765330000002,0.00201416015625,0.0,0.0
-1.6634784710000001,0.00201416015625,0.0,0.0
-1.6625263710000002,0.00201416015625,0.0,0.0
-1.661467551,-0.0029296875,0.0,0.0
-1.6604730630000002,0.00018310546875,0.0,0.0
-1.6594760380000002,-0.0029296875,0.0,0.0
-1.6584796980000003,0.00347900390625,0.0,0.0
-1.6575279320000003,0.00347900390625,0.0,0.0
-1.6564839260000002,0.00054931640625,0.0,0.0
-1.6554822530000002,-0.0010986328125,0.0,0.0
-1.6544775980000002,0.00054931640625,0.0,0.0
-1.6534786660000003,-0.0010986328125,0.0,0.0
-1.6525164,0.00201416015625,0.0,0.0
-1.6515360040000002,-0.0010986328125,0.0,0.0
-1.650480554,-0.0010986328125,0.0,0.0
-1.649480955,0.00201416015625,0.0,0.0
-1.6484845600000002,0.00384521484375,0.0,0.0
-1.6474859050000001,-0.0010986328125,0.0,0.0
-1.6464842510000002,-0.0010986328125,0.0,0.0
-1.6454803190000002,-0.0029296875,0.0,0.0
-1.6444854230000001,-0.0010986328125,0.0,0.0
-1.6434831760000002,0.00531005859375,0.0,0.0
-1.6425372800000002,0.00384521484375,0.0,0.0
-1.6414742370000002,0.00018310546875,0.0,0.0
-1.640474879,-0.0010986328125,0.0,0.0
-1.6394867620000002,-0.0010986328125,0.0,0.0
-1.6384930880000002,-0.0010986328125,0.0,0.0
-1.6374922120000002,0.00201416015625,0.0,0.0
-1.6364862980000001,0.00018310546875,0.0,0.0
-1.6354808100000002,-0.0047607421875,0.0,0.0
-1.6344956370000001,-0.0010986328125,0.0,0.0
-1.6334846490000001,0.00384521484375,0.0,0.0
-1.6325366790000002,0.00201416015625,0.0,0.0
-1.6314888400000003,-0.0010986328125,0.0,0.0
-1.6304856490000001,0.00054931640625,0.0,0.0
-1.6294874750000001,0.00018310546875,0.0,0.0
-1.6284843390000001,0.00018310546875,0.0,0.0
-1.6274874810000002,-0.0010986328125,0.0,0.0
-1.626462327,0.00201416015625,0.0,0.0
-1.625492431,-0.0010986328125,0.0,0.0
-1.624491684,0.00201416015625,0.0,0.0
-1.6234935300000002,0.00201416015625,0.0,0.0
-1.6224931530000002,0.00201416015625,0.0,0.0
-1.6214896840000002,-0.0029296875,0.0,0.0
-1.6204907510000002,-0.0047607421875,0.0,0.0
-1.6194948930000002,0.00054931640625,0.0,0.0
-1.618497961,0.00018310546875,0.0,0.0
-1.6174917690000001,0.00201416015625,0.0,0.0
-1.6164872810000002,-0.0029296875,0.0,0.0
-1.6154944230000001,0.00054931640625,0.0,0.0
-1.6144928050000003,0.00201416015625,0.0,0.0
-1.6134932810000002,-0.0010986328125,0.0,0.0
-1.6124885520000003,0.00018310546875,0.0,0.0
-1.6114961570000002,0.00201416015625,0.0,0.0
-1.6104898730000001,0.00384521484375,0.0,0.0
-1.6094882920000002,-0.0047607421875,0.0,0.0
-1.6084943230000002,0.00201416015625,0.0,0.0
-1.6074989460000002,-0.0010986328125,0.0,0.0
-1.606485477,-0.0010986328125,0.0,0.0
-1.6054952480000002,-0.0010986328125,0.0,0.0
-1.604487427,0.00018310546875,0.0,0.0
-1.603491272,-0.0029296875,0.0,0.0
-1.6024900620000002,0.00201416015625,0.0,0.0
-1.6014806110000002,0.00054931640625,0.0,0.0
-1.6004945490000002,-0.0010986328125,0.0,0.0
-1.5994918390000001,-0.00457763671875,0.0,0.0
-1.5984884630000002,0.00018310546875,0.0,0.0
-1.5974926230000002,-0.0010986328125,0.0,0.0
-1.5964466540000002,-0.0010986328125,0.0,0.0
-1.5954969620000001,-0.0010986328125,0.0,0.0
-1.594446215,-0.0010986328125,0.0,0.0
-1.593499782,0.00201416015625,0.0,0.0
-1.5924828130000002,-0.0029296875,0.0,0.0
-1.5914880850000002,0.00201416015625,0.0,0.0
-1.5904519670000001,0.00201416015625,0.0,0.0
-1.589446461,0.00201416015625,0.0,0.0
-1.5884456580000001,0.00384521484375,0.0,0.0
-1.5874937630000001,0.00201416015625,0.0,0.0
-1.586444294,0.00018310546875,0.0,0.0
-1.5854473430000002,0.00201416015625,0.0,0.0
-1.5844475030000003,0.00054931640625,0.0,0.0
-1.5834416640000002,-0.00128173828125,0.0,0.0
-1.582454787,-0.0010986328125,0.0,0.0
-1.5814546690000002,-0.0010986328125,0.0,0.0
-1.5804964400000001,0.00018310546875,0.0,0.0
-1.5794458230000001,-0.0010986328125,0.0,0.0
-1.578449817,0.00054931640625,0.0,0.0
-1.5774473100000002,0.00018310546875,0.0,0.0
-1.5764484150000002,0.00018310546875,0.0,0.0
-1.5754954640000003,0.00201416015625,0.0,0.0
-1.574495828,-0.0029296875,0.0,0.0
-1.5734529330000002,0.00201416015625,0.0,0.0
-1.57245363,-0.0029296875,0.0,0.0
-1.5714557160000002,0.00201416015625,0.0,0.0
-1.5704575800000002,0.00714111328125,0.0,0.0
-1.5694985360000002,-0.0010986328125,0.0,0.0
-1.5685038260000002,0.00018310546875,0.0,0.0
-1.5674510980000003,-0.0010986328125,0.0,0.0
-1.566453722,0.00201416015625,0.0,0.0
-1.565450586,-0.0029296875,0.0,0.0
-1.5645107820000002,-0.0010986328125,0.0,0.0
-1.5634505360000002,-0.0029296875,0.0,0.0
-1.562450289,-0.0029296875,0.0,0.0
-1.5614498190000001,0.00384521484375,0.0,0.0
-1.5604614420000003,0.00201416015625,0.0,0.0
-1.5594569550000001,0.00201416015625,0.0,0.0
-1.5585125220000002,0.00384521484375,0.0,0.0
-1.5574520900000002,-0.0029296875,0.0,0.0
-1.5564550650000002,0.00201416015625,0.0,0.0
-1.5554599290000002,-0.0029296875,0.0,0.0
-1.5544595520000002,0.00054931640625,0.0,0.0
-1.55351173,0.00201416015625,0.0,0.0
-1.5524603540000002,0.00201416015625,0.0,0.0
-1.551463607,-0.0010986328125,0.0,0.0
-1.550460434,0.00018310546875,0.0,0.0
-1.5494660940000002,0.00018310546875,0.0,0.0
-1.5484659400000003,0.00384521484375,0.0,0.0
-1.5475030440000002,0.00384521484375,0.0,0.0
-1.5464648710000002,-0.0029296875,0.0,0.0
-1.5454645500000002,0.00054931640625,0.0,0.0
-1.5444647480000002,0.00018310546875,0.0,0.0
-1.5435207590000002,0.00201416015625,0.0,0.0
-1.5424629380000001,0.00531005859375,0.0,0.0
-1.541465247,0.00201416015625,0.0,0.0
-1.540456685,-0.0029296875,0.0,0.0
-1.5394659560000001,0.00018310546875,0.0,0.0
-1.538471098,0.00201416015625,0.0,0.0
-1.5375195720000001,0.00201416015625,0.0,0.0
-1.5362840130000002,-0.0010986328125,0.0,0.0
-1.535468931,-0.0029296875,0.0,0.0
-1.5344740350000001,-0.0010986328125,0.0,0.0
-1.533519843,0.00531005859375,0.0,0.0
-1.5324684860000002,-0.0029296875,0.0,0.0
-1.5314662760000002,-0.0010986328125,0.0,0.0
-1.5304794170000002,-0.0010986328125,0.0,0.0
-1.529470855,0.00018310546875,0.0,0.0
-1.528475127,0.00531005859375,0.0,0.0
-1.527521064,0.00018310546875,0.0,0.0
-1.5262832640000001,0.00201416015625,0.0,0.0
-1.5254670150000003,0.00054931640625,0.0,0.0
-1.524467323,-0.0010986328125,0.0,0.0
-1.5234673170000002,0.00201416015625,0.0,0.0
-1.5225320510000002,-0.0010986328125,0.0,0.0
-1.521467619,-0.0010986328125,0.0,0.0
-1.5204783160000002,0.00201416015625,0.0,0.0
-1.5194790690000002,-0.0010986328125,0.0,0.0
-1.518478063,0.00054931640625,0.0,0.0
-1.517478316,-0.0029296875,0.0,0.0
-1.5164819020000002,0.00201416015625,0.0,0.0
-1.515480858,-0.0010986328125,0.0,0.0
-1.5144793150000002,0.00201416015625,0.0,0.0
-1.513525401,0.00054931640625,0.0,0.0
-1.512532283,0.00201416015625,0.0,0.0
-1.511481148,-0.0010986328125,0.0,0.0
-1.5104823260000002,-0.0010986328125,0.0,0.0
-1.5094833010000002,-0.0010986328125,0.0,0.0
-1.508480591,0.00018310546875,0.0,0.0
-1.507475807,0.00384521484375,0.0,0.0
-1.5064826340000002,-0.0029296875,0.0,0.0
-1.505481998,-0.0029296875,0.0,0.0
-1.5044865840000001,0.00201416015625,0.0,0.0
-1.5035344480000001,0.00018310546875,0.0,0.0
-1.502476664,-0.0029296875,0.0,0.0
-1.5014762130000001,-0.0029296875,0.0,0.0
-1.5004870770000003,0.00201416015625,0.0,0.0
-1.4994824230000001,0.00201416015625,0.0,0.0
-1.498489305,0.00201416015625,0.0,0.0
-1.4975310950000003,-0.0010986328125,0.0,0.0
-1.4964826440000003,0.00018310546875,0.0,0.0
-1.4954865640000001,0.00201416015625,0.0,0.0
-1.4944885570000002,0.00018310546875,0.0,0.0
-1.493533106,0.00201416015625,0.0,0.0
-1.492489285,0.00531005859375,0.0,0.0
-1.491491705,-0.0010986328125,0.0,0.0
-1.4904825320000001,-0.0010986328125,0.0,0.0
-1.4894927480000002,-0.0010986328125,0.0,0.0
-1.4885374260000002,-0.0010986328125,0.0,0.0
-1.4874880310000003,-0.0029296875,0.0,0.0
-1.486491766,-0.0010986328125,0.0,0.0
-1.4854908890000003,0.00018310546875,0.0,0.0
-1.4845404370000002,-0.0029296875,0.0,0.0
-1.4835460980000001,-0.0047607421875,0.0,0.0
-1.4824865180000002,-0.0029296875,0.0,0.0
-1.481489548,0.00201416015625,0.0,0.0
-1.4804915790000002,0.00201416015625,0.0,0.0
-1.4794971280000002,0.00201416015625,0.0,0.0
-1.478494066,0.00201416015625,0.0,0.0
-1.477492041,0.00054931640625,0.0,0.0
-1.476492887,-0.006591796875,0.0,0.0
-1.4754916580000002,-0.0029296875,0.0,0.0
-1.4744955220000002,-0.0010986328125,0.0,0.0
-1.473492405,-0.0029296875,0.0,0.0
-1.4724837500000003,0.00018310546875,0.0,0.0
-1.471493133,0.00201416015625,0.0,0.0
-1.4704921260000001,-0.0029296875,0.0,0.0
-1.4694872870000002,-0.0029296875,0.0,0.0
-1.4684864100000001,-0.0029296875,0.0,0.0
-1.467488903,-0.0029296875,0.0,0.0
-1.4664928970000002,0.00201416015625,0.0,0.0
-1.4654876870000002,-0.0029296875,0.0,0.0
-1.464493236,0.00201416015625,0.0,0.0
-1.4634954150000001,0.00201416015625,0.0,0.0
-1.4624951860000002,0.00018310546875,0.0,0.0
-1.461495272,-0.0029296875,0.0,0.0
-1.4604948590000002,-0.0029296875,0.0,0.0
-1.45948513,0.00201416015625,0.0,0.0
-1.4584941420000002,0.00531005859375,0.0,0.0
-1.4574911730000002,0.00384521484375,0.0,0.0
-1.4564428150000002,0.00201416015625,0.0,0.0
-1.455443013,0.00018310546875,0.0,0.0
-1.4544947460000002,0.00201416015625,0.0,0.0
-1.4534998510000001,-0.0010986328125,0.0,0.0
-1.4524920850000003,0.00018310546875,0.0,0.0
-1.4514972270000002,0.00201416015625,0.0,0.0
-1.4504472210000001,-0.0010986328125,0.0,0.0
-1.4494414,-0.0047607421875,0.0,0.0
-1.4484495050000001,0.00201416015625,0.0,0.0
-1.4474927760000003,0.00201416015625,0.0,0.0
-1.4464500100000002,-0.0010986328125,0.0,0.0
-1.4454364490000002,0.00201416015625,0.0,0.0
-1.4444507570000003,0.00018310546875,0.0,0.0
-1.443492269,-0.0010986328125,0.0,0.0
-1.4424449850000003,0.00018310546875,0.0,0.0
-1.4414482190000002,0.00201416015625,0.0,0.0
-1.4404486390000002,-0.0029296875,0.0,0.0
-1.4394532620000002,-0.0010986328125,0.0,0.0
-1.438444293,0.00531005859375,0.0,0.0
-1.437499212,-0.0029296875,0.0,0.0
-1.4362609860000002,-0.0029296875,0.0,0.0
-1.4354574590000002,0.00054931640625,0.0,0.0
-1.434455786,-0.0010986328125,0.0,0.0
-1.4335038530000002,0.00201416015625,0.0,0.0
-1.4324485140000003,0.00384521484375,0.0,0.0
-1.4314525070000002,-0.0029296875,0.0,0.0
-1.430456371,0.00201416015625,0.0,0.0
-1.4294526060000001,0.00018310546875,0.0,0.0
-1.42845734,-0.0010986328125,0.0,0.0
-1.4275038330000003,-0.0010986328125,0.0,0.0
-1.4262690150000001,-0.0029296875,0.0,0.0
-1.4254527650000002,-0.0029296875,0.0,0.0
-1.4244591850000001,-0.0010986328125,0.0,0.0
-1.42346666,0.00201416015625,0.0,0.0
-1.4225066160000002,0.00201416015625,0.0,0.0
-1.4214567210000002,-0.00128173828125,0.0,0.0
-1.420449585,-0.006591796875,0.0,0.0
-1.4194529310000001,0.00201416015625,0.0,0.0
-1.418463017,0.00201416015625,0.0,0.0
-1.4174642320000002,0.00201416015625,0.0,0.0
-1.4164605960000003,0.00018310546875,0.0,0.0
-1.4154610720000003,-0.0029296875,0.0,0.0
-1.414462195,0.00384521484375,0.0,0.0
-1.4134614110000001,0.00018310546875,0.0,0.0
-1.4125147180000002,-0.0010986328125,0.0,0.0
-1.411466805,-0.0029296875,0.0,0.0
-1.4104588170000003,-0.0029296875,0.0,0.0
-1.409465441,-0.0010986328125,0.0,0.0
-1.4084515450000001,0.00201416015625,0.0,0.0
-1.407462632,0.00018310546875,0.0,0.0
-1.40647044,0.00201416015625,0.0,0.0
-1.4054632480000002,0.00018310546875,0.0,0.0
-1.4044670570000002,0.00384521484375,0.0,0.0
-1.4035180130000002,0.00347900390625,0.0,0.0
-1.4024643220000002,-0.0029296875,0.0,0.0
-1.4014674820000002,-0.0010986328125,0.0,0.0
-1.4004707720000003,0.00018310546875,0.0,0.0
-1.3994704320000002,-0.0010986328125,0.0,0.0
-1.398457407,0.00201416015625,0.0,0.0
-1.3975192710000002,-0.0010986328125,0.0,0.0
-1.3964692650000001,0.00018310546875,0.0,0.0
-1.3954606660000002,-0.006591796875,0.0,0.0
-1.3944709560000002,-0.006591796875,0.0,0.0
-1.393479246,0.00384521484375,0.0,0.0
-1.3925230350000002,0.00201416015625,0.0,0.0
-1.391516066,-0.0029296875,0.0,0.0
-1.3904785410000002,-0.0010986328125,0.0,0.0
-1.3894714980000002,-0.0010986328125,0.0,0.0
-1.3884656950000003,-0.0010986328125,0.0,0.0
-1.387469115,0.00531005859375,0.0,0.0
-1.3864752940000002,0.00054931640625,0.0,0.0
-1.3854716950000001,-0.0010986328125,0.0,0.0
-1.38447654,-0.0010986328125,0.0,0.0
-1.38347846,-0.0010986328125,0.0,0.0
-1.382525138,0.00201416015625,0.0,0.0
-1.3814731690000002,-0.0029296875,0.0,0.0
-1.3804745510000003,0.00384521484375,0.0,0.0
-1.3794765640000002,-0.0029296875,0.0,0.0
-1.3784743170000002,-0.0010986328125,0.0,0.0
-1.377479847,-0.0010986328125,0.0,0.0
-1.3764741000000003,0.00384521484375,0.0,0.0
-1.3754772230000003,0.00018310546875,0.0,0.0
-1.3744835870000003,-0.0010986328125,0.0,0.0
-1.3734815990000002,0.00054931640625,0.0,0.0
-1.3725371480000002,0.00201416015625,0.0,0.0
-1.3715329010000001,0.00201416015625,0.0,0.0
-1.370478765,0.00018310546875,0.0,0.0
-1.3694802590000001,0.00201416015625,0.0,0.0
-1.368480012,0.00054931640625,0.0,0.0
-1.367481968,0.00201416015625,0.0,0.0
-1.3664824060000003,-0.0029296875,0.0,0.0
-1.365481382,0.00201416015625,0.0,0.0
-1.3644852640000003,0.00201416015625,0.0,0.0
-1.363487295,-0.0010986328125,0.0,0.0
-1.3625340650000002,0.00201416015625,0.0,0.0
-1.3615363,0.00201416015625,0.0,0.0
-1.360480276,0.00201416015625,0.0,0.0
-1.3594878430000001,-0.0047607421875,0.0,0.0
-1.358489096,-0.0029296875,0.0,0.0
-1.3574947380000002,0.00201416015625,0.0,0.0
-1.3564827130000001,-0.0010986328125,0.0,0.0
-1.3554837990000002,-0.0010986328125,0.0,0.0
-1.3544925890000001,0.00018310546875,0.0,0.0
-1.3534842120000001,0.00201416015625,0.0,0.0
-1.352541279,-0.0010986328125,0.0,0.0
-1.351484311,0.00347900390625,0.0,0.0
-1.350490508,-0.006591796875,0.0,0.0
-1.349483835,-0.0010986328125,0.0,0.0
-1.348496662,-0.0010986328125,0.0,0.0
-1.3475008590000002,0.00201416015625,0.0,0.0
-1.34649089,0.00201416015625,0.0,0.0
-1.34549318,-0.0047607421875,0.0,0.0
-1.3444870620000002,-0.0029296875,0.0,0.0
-1.343494278,0.00714111328125,0.0,0.0
-1.3425417150000003,0.00201416015625,0.0,0.0
-1.3414957090000001,0.00018310546875,0.0,0.0
-1.340488037,-0.0010986328125,0.0,0.0
-1.3394939000000001,0.00201416015625,0.0,0.0
-1.338492672,-0.0029296875,0.0,0.0
-1.337466129,0.00018310546875,0.0,0.0
-1.3364905290000002,-0.0029296875,0.0,0.0
-1.335497764,-0.0010986328125,0.0,0.0
-1.3344882020000002,0.00054931640625,0.0,0.0
-1.333494473,-0.0010986328125,0.0,0.0
-1.3324933190000001,-0.0029296875,0.0,0.0
-1.3314940720000001,0.00201416015625,0.0,0.0
-1.3304979730000002,0.00201416015625,0.0,0.0
-1.329486707,-0.0029296875,0.0,0.0
-1.3284923670000002,0.00201416015625,0.0,0.0
-1.3274932870000002,-0.0010986328125,0.0,0.0
-1.3264903730000002,0.00018310546875,0.0,0.0
-1.325498274,-0.006591796875,0.0,0.0
-1.324490619,-0.0010986328125,0.0,0.0
-1.323501335,-0.0010986328125,0.0,0.0
-1.322499255,-0.0029296875,0.0,0.0
-1.3215008590000001,0.00054931640625,0.0,0.0
-1.3204916680000003,-0.0029296875,0.0,0.0
-1.3194913650000002,0.00018310546875,0.0,0.0
-1.3184945260000003,-0.0010986328125,0.0,0.0
-1.3174950560000003,0.00054931640625,0.0,0.0
-1.3164899390000002,0.00018310546875,0.0,0.0
-1.3154961540000003,-0.0010986328125,0.0,0.0
-1.314494759,0.00018310546875,0.0,0.0
-1.3134987340000002,-0.0010986328125,0.0,0.0
-1.31244284,0.00201416015625,0.0,0.0
-1.3114489260000002,0.00347900390625,0.0,0.0
-1.310446679,0.00384521484375,0.0,0.0
-1.3094928010000002,-0.0029296875,0.0,0.0
-1.308436796,-0.0029296875,0.0,0.0
-1.3074420480000002,0.00201416015625,0.0,0.0
-1.3064481900000002,0.00201416015625,0.0,0.0
-1.305492831,0.00018310546875,0.0,0.0
-1.30450138,0.00201416015625,0.0,0.0
-1.303443375,0.00018310546875,0.0,0.0
-1.3024479420000001,-0.0010986328125,0.0,0.0
-1.3014418060000001,-0.0029296875,0.0,0.0
-1.3004546330000002,0.00201416015625,0.0,0.0
-1.2994995340000002,0.00018310546875,0.0,0.0
-1.298450102,-0.0010986328125,0.0,0.0
-1.2974524290000002,0.00531005859375,0.0,0.0
-1.2964521260000001,0.00054931640625,0.0,0.0
-1.2954532120000002,-0.0010986328125,0.0,0.0
-1.2944549470000002,-0.0010986328125,0.0,0.0
-1.2934522370000001,-0.0029296875,0.0,0.0
-1.292450601,0.00018310546875,0.0,0.0
-1.291455928,0.00384521484375,0.0,0.0
-1.2905066240000003,-0.0010986328125,0.0,0.0
-1.2894535070000002,-0.0010986328125,0.0,0.0
-1.2884502600000003,-0.0010986328125,0.0,0.0
-1.287452198,0.00201416015625,0.0,0.0
-1.2864582100000002,-0.0010986328125,0.0,0.0
-1.285456334,-0.0010986328125,0.0,0.0
-1.2844552530000002,-0.0010986328125,0.0,0.0
-1.283454099,0.00384521484375,0.0,0.0
-1.282457407,0.00201416015625,0.0,0.0
-1.2814587900000003,0.00201416015625,0.0,0.0
-1.2805131530000002,-0.0047607421875,0.0,0.0
-1.2794574060000001,0.00018310546875,0.0,0.0
-1.2784570300000002,-0.0029296875,0.0,0.0
-1.277462597,-0.0010986328125,0.0,0.0
-1.276455276,0.00018310546875,0.0,0.0
-1.2754628620000001,-0.0010986328125,0.0,0.0
-1.27446006,-0.0047607421875,0.0,0.0
-1.2734616090000002,0.00384521484375,0.0,0.0
-1.2724670100000002,0.00201416015625,0.0,0.0
-1.271518151,0.00054931640625,0.0,0.0
-1.270510422,-0.0010986328125,0.0,0.0
-1.269463194,0.00018310546875,0.0,0.0
-1.2684664100000003,-0.0047607421875,0.0,0.0
-1.2674687000000002,-0.0010986328125,0.0,0.0
-1.266468638,0.00201416015625,0.0,0.0
-1.2654650580000002,-0.0010986328125,0.0,0.0
-1.2644708290000002,-0.0010986328125,0.0,0.0
-1.2634711370000002,0.00201416015625,0.0,0.0
-1.262467001,0.00018310546875,0.0,0.0
-1.2614707910000003,0.00201416015625,0.0,0.0
-1.2605180070000002,0.00384521484375,0.0,0.0
-1.2594650190000003,-0.00457763671875,0.0,0.0
-1.2584683460000001,0.00201416015625,0.0,0.0
-1.257471395,0.00201416015625,0.0,0.0
-1.2564684080000001,-0.0010986328125,0.0,0.0
-1.255472068,-0.0010986328125,0.0,0.0
-1.2544656360000002,0.00018310546875,0.0,0.0
-1.2534736480000002,-0.0010986328125,0.0,0.0
-1.2524719370000001,-0.0029296875,0.0,0.0
-1.251475246,0.00054931640625,0.0,0.0
-1.2505206830000002,0.00201416015625,0.0,0.0
-1.249467955,0.00018310546875,0.0,0.0
-1.248478412,0.00201416015625,0.0,0.0
-1.247469646,0.00384521484375,0.0,0.0
-1.246474177,0.00054931640625,0.0,0.0
-1.245525003,0.00201416015625,0.0,0.0
-1.2444735900000001,-0.0029296875,0.0,0.0
-1.243473861,-0.0010986328125,0.0,0.0
-1.2424725220000001,0.00018310546875,0.0,0.0
-1.2414739040000002,-0.0010986328125,0.0,0.0
-1.240481638,0.00201416015625,0.0,0.0
-1.2395233170000002,0.00201416015625,0.0,0.0
-1.2384781260000002,-0.0010986328125,0.0,0.0
-1.23748499,-0.0010986328125,0.0,0.0
-1.2364803540000002,-0.0010986328125,0.0,0.0
-1.235529273,0.00201416015625,0.0,0.0
-1.234451934,-0.0029296875,0.0,0.0
-1.23348126,0.00201416015625,0.0,0.0
-1.2324812170000001,-0.0029296875,0.0,0.0
-1.231490192,-0.0010986328125,0.0,0.0
-1.230480982,0.00018310546875,0.0,0.0
-1.2295351600000002,0.00018310546875,0.0,0.0
-1.2284815990000002,0.00201416015625,0.0,0.0
-1.2274853700000001,0.00201416015625,0.0,0.0
-1.2264856050000001,-0.0010986328125,0.0,0.0
-1.225484857,-0.0010986328125,0.0,0.0
-1.2244802030000002,0.00201416015625,0.0,0.0
-1.223481234,0.00384521484375,0.0,0.0
-1.2224808010000001,0.00201416015625,0.0,0.0
-1.221489202,0.00201416015625,0.0,0.0
-1.2205218990000002,0.00201416015625,0.0,0.0
-1.2194812640000001,-0.0010986328125,0.0,0.0
-1.2184845530000001,0.00018310546875,0.0,0.0
-1.2174878430000002,0.00054931640625,0.0,0.0
-1.2164896520000001,-0.0010986328125,0.0,0.0
-1.215486886,-0.0029296875,0.0,0.0
-1.2144885090000002,-0.0010986328125,0.0,0.0
-1.2134913920000001,-0.0010986328125,0.0,0.0
-1.212493496,0.00201416015625,0.0,0.0
-1.211492712,0.00018310546875,0.0,0.0
-1.2105435570000003,0.00201416015625,0.0,0.0
-1.2094893850000001,0.00201416015625,0.0,0.0
-1.2084918230000001,-0.0010986328125,0.0,0.0
-1.207495872,0.00201416015625,0.0,0.0
-1.206494884,0.00201416015625,0.0,0.0
-1.2054907300000002,0.00384521484375,0.0,0.0
-1.2044954270000001,-0.0010986328125,0.0,0.0
-1.2034933650000001,0.00018310546875,0.0,0.0
-1.202496284,0.00201416015625,0.0,0.0
-1.201494222,-0.0010986328125,0.0,0.0
-1.200494994,0.00201416015625,0.0,0.0
-1.1994868760000001,0.00201416015625,0.0,0.0
-1.1984980550000002,-0.0010986328125,0.0,0.0
-1.1974903450000003,-0.0029296875,0.0,0.0
-1.1964932460000002,0.00018310546875,0.0,0.0
-1.195489943,-0.0010986328125,0.0,0.0
-1.1945006040000001,-0.0029296875,0.0,0.0
-1.1935031340000002,-0.0047607421875,0.0,0.0
-1.1924940720000001,0.00054931640625,0.0,0.0
-1.1914915660000003,0.00201416015625,0.0,0.0
-1.1904981710000002,-0.0010986328125,0.0,0.0
-1.1895007570000002,0.00054931640625,0.0,0.0
-1.1884919910000002,-0.0029296875,0.0,0.0
-1.1874928740000001,0.00018310546875,0.0,0.0
-1.186496997,-0.0010986328125,0.0,0.0
-1.1854946760000002,-0.0010986328125,0.0,0.0
-1.1844933180000001,0.00201416015625,0.0,0.0
-1.1834904960000001,0.00201416015625,0.0,0.0
-1.1824900830000002,0.00384521484375,0.0,0.0
-1.1814949280000002,-0.0010986328125,0.0,0.0
-1.180497033,-0.0010986328125,0.0,0.0
-1.1794972490000002,-0.0047607421875,0.0,0.0
-1.1784979460000002,-0.0010986328125,0.0,0.0
-1.177499514,0.00201416015625,0.0,0.0
-1.1764449890000002,-0.0029296875,0.0,0.0
-1.175491649,-0.0029296875,0.0,0.0
-1.1744924020000003,0.00018310546875,0.0,0.0
-1.1734475260000001,-0.0010986328125,0.0,0.0
-1.172445019,0.00018310546875,0.0,0.0
-1.1714984200000003,-0.0010986328125,0.0,0.0
-1.170499302,0.00201416015625,0.0,0.0
-1.169495425,0.00018310546875,0.0,0.0
-1.168448846,-0.0010986328125,0.0,0.0
-1.1674509320000002,-0.0010986328125,0.0,0.0
-1.1664493510000002,0.00714111328125,0.0,0.0
-1.1654421970000002,0.00018310546875,0.0,0.0
-1.1644474500000002,-0.0010986328125,0.0,0.0
-1.1634459430000001,-0.0029296875,0.0,0.0
-1.162453363,-0.0010986328125,0.0,0.0
-1.1614540230000001,-0.0010986328125,0.0,0.0
-1.1605057380000001,-0.0029296875,0.0,0.0
-1.159442566,-0.0010986328125,0.0,0.0
-1.1584542450000002,-0.00457763671875,0.0,0.0
-1.157458831,-0.0010986328125,0.0,0.0
-1.15645488,0.00201416015625,0.0,0.0
-1.155504354,0.00201416015625,0.0,0.0
-1.154447201,-0.0029296875,0.0,0.0
-1.1534521940000002,0.00054931640625,0.0,0.0
-1.1524483170000002,0.00018310546875,0.0,0.0
-1.1514590150000001,-0.0010986328125,0.0,0.0
-1.1505046190000001,-0.0010986328125,0.0,0.0
-1.149452743,0.00018310546875,0.0,0.0
-1.148445514,0.00018310546875,0.0,0.0
-1.147457674,-0.0047607421875,0.0,0.0
-1.146434798,-0.0010986328125,0.0,0.0
-1.1454573100000003,-0.0047607421875,0.0,0.0
-1.144459951,0.00201416015625,0.0,0.0
-1.143458963,0.00201416015625,0.0,0.0
-1.1424602900000003,-0.0029296875,0.0,0.0
-1.1414574320000002,0.00531005859375,0.0,0.0
-1.140460741,0.00384521484375,0.0,0.0
-1.1394640860000003,-0.0010986328125,0.0,0.0
-1.1385099680000001,0.00384521484375,0.0,0.0
-1.1374611100000003,0.00201416015625,0.0,0.0
-1.136459141,-0.0010986328125,0.0,0.0
-1.135462672,-0.0029296875,0.0,0.0
-1.1345110910000002,-0.0010986328125,0.0,0.0
-1.1334639000000002,-0.0010986328125,0.0,0.0
-1.132459652,-0.0029296875,0.0,0.0
-1.131462628,0.00054931640625,0.0,0.0
-1.13045864,0.00201416015625,0.0,0.0
-1.1294599300000001,-0.0010986328125,0.0,0.0
-1.1284640340000003,0.00201416015625,0.0,0.0
-1.1275178980000002,-0.0010986328125,0.0,0.0
-1.1264605030000001,0.00018310546875,0.0,0.0
-1.125469663,0.00201416015625,0.0,0.0
-1.124470879,-0.0029296875,0.0,0.0
-1.123518298,-0.0010986328125,0.0,0.0
-1.1224713480000001,-0.0029296875,0.0,0.0
-1.121468267,-0.0010986328125,0.0,0.0
-1.120469446,0.00201416015625,0.0,0.0
-1.1194659580000001,0.00201416015625,0.0,0.0
-1.118473544,0.00201416015625,0.0,0.0
-1.1175214450000002,0.00201416015625,0.0,0.0
-1.116474643,-0.0010986328125,0.0,0.0
-1.1154774510000003,-0.0010986328125,0.0,0.0
-1.1144691670000002,0.00018310546875,0.0,0.0
-1.1135239010000002,0.00201416015625,0.0,0.0
-1.1125213200000001,0.00018310546875,0.0,0.0
-1.111471518,-0.0029296875,0.0,0.0
-1.110474715,0.00201416015625,0.0,0.0
-1.109481857,0.00347900390625,0.0,0.0
-1.108474036,-0.0029296875,0.0,0.0
-1.1075266590000001,0.00201416015625,0.0,0.0
-1.106478542,0.00201416015625,0.0,0.0
-1.105478369,0.00201416015625,0.0,0.0
-1.1044727330000002,0.00054931640625,0.0,0.0
-1.1035280960000002,-0.0029296875,0.0,0.0
-1.102473775,0.00201416015625,0.0,0.0
-1.1014780650000002,-0.0010986328125,0.0,0.0
-1.1004714290000002,0.00018310546875,0.0,0.0
-1.099483497,-0.0010986328125,0.0,0.0
-1.0984855650000003,0.00201416015625,0.0,0.0
-1.0975260210000002,0.00018310546875,0.0,0.0
-1.0961763700000002,-0.0010986328125,0.0,0.0
-1.095476101,-0.0047607421875,0.0,0.0
-1.094489669,0.00201416015625,0.0,0.0
-1.0935218840000003,0.00018310546875,0.0,0.0
-1.0925338400000002,0.00201416015625,0.0,0.0
-1.091470057,-0.0029296875,0.0,0.0
-1.0904845500000002,0.00201416015625,0.0,0.0
-1.0894793590000003,-0.0010986328125,0.0,0.0
-1.0884827230000003,-0.0047607421875,0.0,0.0
-1.0874871050000001,0.00531005859375,0.0,0.0
-1.0864877290000001,0.00347900390625,0.0,0.0
-1.085486741,-0.0010986328125,0.0,0.0
-1.0844825120000001,-0.0010986328125,0.0,0.0
-1.083482006,0.00018310546875,0.0,0.0
-1.0825378690000003,0.00201416015625,0.0,0.0
-1.0814814560000001,0.00018310546875,0.0,0.0
-1.080485579,0.00018310546875,0.0,0.0
-1.079489202,-0.0047607421875,0.0,0.0
-1.0784914,0.00347900390625,0.0,0.0
-1.0774843930000002,0.00201416015625,0.0,0.0
-1.076486905,-0.0010986328125,0.0,0.0
-1.0754962140000002,-0.0010986328125,0.0,0.0
-1.0744817260000001,0.00018310546875,0.0,0.0
-1.073494034,0.00201416015625,0.0,0.0
-1.0725478050000001,-0.0010986328125,0.0,0.0
-1.071488762,-0.0010986328125,0.0,0.0
-1.0704897,-0.0010986328125,0.0,0.0
-1.0694670090000002,0.00201416015625,0.0,0.0
-1.068489854,0.00201416015625,0.0,0.0
-1.067495552,0.00018310546875,0.0,0.0
-1.0664956010000002,0.00054931640625,0.0,0.0
-1.0655385380000002,0.00201416015625,0.0,0.0
-1.0644963660000002,0.00201416015625,0.0,0.0
-1.06349547,-0.0047607421875,0.0,0.0
-1.0625001310000002,0.00201416015625,0.0,0.0
-1.061496106,0.00201416015625,0.0,0.0
-1.0605441730000003,-0.0029296875,0.0,0.0
-1.0594909820000002,-0.0029296875,0.0,0.0
-1.0584983270000001,-0.0010986328125,0.0,0.0
-1.057492469,0.00201416015625,0.0,0.0
-1.05649063,-0.0029296875,0.0,0.0
-1.055490253,-0.0029296875,0.0,0.0
-1.054494617,0.00018310546875,0.0,0.0
-1.053497981,-0.0047607421875,0.0,0.0
-1.052500641,0.00201416015625,0.0,0.0
-1.051492042,-0.0029296875,0.0,0.0
-1.05049735,0.00531005859375,0.0,0.0
-1.0494938630000001,-0.0029296875,0.0,0.0
-1.048497967,0.00201416015625,0.0,0.0
-1.0474968500000001,0.00201416015625,0.0,0.0
-1.046494084,-0.0029296875,0.0,0.0
-1.045498226,-0.006591796875,0.0,0.0
-1.0444944230000002,-0.0010986328125,0.0,0.0
-1.0434946200000002,0.00201416015625,0.0,0.0
-1.0424963550000002,-0.0010986328125,0.0,0.0
-1.041495608,-0.0029296875,0.0,0.0
-1.0404734530000002,0.00018310546875,0.0,0.0
-1.0395022430000003,0.00201416015625,0.0,0.0
-1.038503977,0.00201416015625,0.0,0.0
-1.0374919340000002,-0.0029296875,0.0,0.0
-1.0364959280000001,-0.0029296875,0.0,0.0
-1.0354888840000003,0.00201416015625,0.0,0.0
-1.034494767,0.00018310546875,0.0,0.0
-1.033503982,0.00201416015625,0.0,0.0
-1.032496439,0.00018310546875,0.0,0.0
-1.0314556000000001,-0.0010986328125,0.0,0.0
-1.0304438340000002,0.00714111328125,0.0,0.0
-1.0294999750000002,0.00018310546875,0.0,0.0
-1.0285020620000003,0.00018310546875,0.0,0.0
-1.0274462410000003,-0.0029296875,0.0,0.0
-1.0264453640000002,-0.006591796875,0.0,0.0
-1.025495728,0.00018310546875,0.0,0.0
-1.024496314,-0.0029296875,0.0,0.0
-1.023449956,0.00384521484375,0.0,0.0
-1.0224523570000001,-0.0029296875,0.0,0.0
-1.0214560170000002,-0.0047607421875,0.0,0.0
-1.020454956,0.00201416015625,0.0,0.0
-1.0195009860000002,-0.0029296875,0.0,0.0
-1.018456424,0.00054931640625,0.0,0.0
-1.0174542140000002,0.00201416015625,0.0,0.0
-1.016450152,0.00018310546875,0.0,0.0
-1.015454498,-0.0029296875,0.0,0.0
-1.014503602,-0.0029296875,0.0,0.0
-1.0134532630000002,-0.0029296875,0.0,0.0
-1.012451645,0.00018310546875,0.0,0.0
-1.0114587680000002,-0.0010986328125,0.0,0.0
-1.0104602430000003,0.00201416015625,0.0,0.0
-1.0095085510000001,0.00201416015625,0.0,0.0
-1.008456379,0.00054931640625,0.0,0.0
-1.00745878,-0.0010986328125,0.0,0.0
-1.0064591250000001,0.00201416015625,0.0,0.0
-1.0054544710000002,0.00201416015625,0.0,0.0
-1.0045155190000001,0.00531005859375,0.0,0.0
-1.0034564390000003,0.00201416015625,0.0,0.0
-1.0024573030000001,-0.0010986328125,0.0,0.0
-1.00146026,0.00384521484375,0.0,0.0
-1.000464272,0.00347900390625,0.0,0.0
-0.9994621360000002,0.00384521484375,0.0,0.0
-0.998513277,0.00201416015625,0.0,0.0
-0.9974628080000001,0.00201416015625,0.0,0.0
-0.9964575430000002,0.00018310546875,0.0,0.0
-0.9955140910000002,-0.0047607421875,0.0,0.0
-0.9945113810000001,-0.0029296875,0.0,0.0
-0.9935156340000002,0.00201416015625,0.0,0.0
-0.9924572030000001,-0.006591796875,0.0,0.0
-0.9914632700000001,0.00018310546875,0.0,0.0
-0.990468356,0.00201416015625,0.0,0.0
-0.9894707200000001,0.00384521484375,0.0,0.0
-0.988470473,0.00201416015625,0.0,0.0
-0.9875195030000001,0.00201416015625,0.0,0.0
-0.9864632200000001,0.00201416015625,0.0,0.0
-0.9854649540000002,0.00018310546875,0.0,0.0
-0.9844577250000002,-0.0010986328125,0.0,0.0
-0.9835183660000002,0.00201416015625,0.0,0.0
-0.9824758240000002,0.00201416015625,0.0,0.0
-0.9814704470000002,-0.0029296875,0.0,0.0
-0.9804730150000001,-0.0010986328125,0.0,0.0
-0.9794733600000001,-0.0010986328125,0.0,0.0
-0.9784751870000001,0.00201416015625,0.0,0.0
-0.9775193470000001,0.00384521484375,0.0,0.0
-0.9764698780000001,-0.00128173828125,0.0,0.0
-0.9754789270000002,0.00054931640625,0.0,0.0
-0.974481828,0.00201416015625,0.0,0.0
-0.9735236730000001,-0.0010986328125,0.0,0.0
-0.972471834,-0.0029296875,0.0,0.0
-0.9714678650000002,-0.0029296875,0.0,0.0
-0.9704762100000002,-0.0010986328125,0.0,0.0
-0.969475611,0.00201416015625,0.0,0.0
-0.9684801790000002,-0.006591796875,0.0,0.0
-0.9675268940000001,0.00531005859375,0.0,0.0
-0.9664761660000001,0.00201416015625,0.0,0.0
-0.9654748260000001,0.00018310546875,0.0,0.0
-0.9645301890000002,-0.0029296875,0.0,0.0
-0.9634722580000001,0.00531005859375,0.0,0.0
-0.9624732330000001,0.00054931640625,0.0,0.0
-0.961477597,-0.006591796875,0.0,0.0
-0.9604744610000002,-0.0010986328125,0.0,0.0
-0.9594797510000002,0.00201416015625,0.0,0.0
-0.9584827810000001,0.00201416015625,0.0,0.0
-0.9574827560000001,0.00531005859375,0.0,0.0
-0.956481157,0.00201416015625,0.0,0.0
-0.9554745210000002,-0.0029296875,0.0,0.0
-0.954488682,0.00054931640625,0.0,0.0
-0.9535237300000001,0.00384521484375,0.0,0.0
-0.9524802430000001,-0.0029296875,0.0,0.0
-0.951480885,0.00201416015625,0.0,0.0
-0.9504820450000002,0.00018310546875,0.0,0.0
-0.9494810570000001,-0.0029296875,0.0,0.0
-0.9484854030000001,0.00201416015625,0.0,0.0
-0.9475360250000002,-0.0010986328125,0.0,0.0
-0.9464857230000001,-0.0029296875,0.0,0.0
-0.945485254,-0.0029296875,0.0,0.0
-0.944491803,0.00201416015625,0.0,0.0
-0.9435258700000002,0.00384521484375,0.0,0.0
-0.9424869010000001,0.00018310546875,0.0,0.0
-0.9414790430000002,0.00018310546875,0.0,0.0
-0.9404890920000002,0.00201416015625,0.0,0.0
-0.9394889190000002,0.00201416015625,0.0,0.0
-0.9384868940000002,0.00201416015625,0.0,0.0
-0.9374900910000001,-0.006591796875,0.0,0.0
-0.9364864930000001,-0.0010986328125,0.0,0.0
-0.9354980050000001,0.00201416015625,0.0,0.0
-0.9344857390000001,0.00201416015625,0.0,0.0
-0.9334862880000001,0.00201416015625,0.0,0.0
-0.9325432810000001,0.00201416015625,0.0,0.0
-0.931496053,-0.0010986328125,0.0,0.0
-0.930491084,-0.0029296875,0.0,0.0
-0.9294872810000001,-0.0047607421875,0.0,0.0
-0.9284883860000002,-0.0010986328125,0.0,0.0
-0.927491842,0.00018310546875,0.0,0.0
-0.9264919470000001,0.00018310546875,0.0,0.0
-0.9255459960000001,-0.0010986328125,0.0,0.0
-0.9244943050000001,0.00201416015625,0.0,0.0
-0.9234893720000001,-0.0029296875,0.0,0.0
-0.9224926990000002,-0.0010986328125,0.0,0.0
-0.9214978220000001,0.00531005859375,0.0,0.0
-0.9204963160000001,0.00201416015625,0.0,0.0
-0.9194977540000002,0.00201416015625,0.0,0.0
-0.91849497,0.00018310546875,0.0,0.0
-0.9175007970000002,-0.0029296875,0.0,0.0
-0.9165040500000001,-0.0010986328125,0.0,0.0
-0.915495618,-0.0029296875,0.0,0.0
-0.9144956480000002,0.00201416015625,0.0,0.0
-0.9134958270000002,0.00018310546875,0.0,0.0
-0.912497654,-0.0010986328125,0.0,0.0
-0.9115009070000002,-0.0029296875,0.0,0.0
-0.9104993450000001,0.00201416015625,0.0,0.0
-0.9094909130000002,0.00201416015625,0.0,0.0
-0.908495295,0.00201416015625,0.0,0.0
-0.907496826,-0.0047607421875,0.0,0.0
-0.9064945420000001,0.00201416015625,0.0,0.0
-0.905500183,0.00018310546875,0.0,0.0
-0.9045003060000001,0.00384521484375,0.0,0.0
-0.9034961700000002,0.00018310546875,0.0,0.0
-0.902497257,-0.0029296875,0.0,0.0
-0.901491306,0.00201416015625,0.0,0.0
-0.900501151,0.00201416015625,0.0,0.0
-0.8995027000000002,-0.0010986328125,0.0,0.0
-0.898494176,-0.0029296875,0.0,0.0
-0.8975007620000002,0.00201416015625,0.0,0.0
-0.8964903300000002,-0.0029296875,0.0,0.0
-0.8954966930000001,0.00384521484375,0.0,0.0
-0.8945060570000001,0.00201416015625,0.0,0.0
-0.8935016440000001,-0.00457763671875,0.0,0.0
-0.8924470820000001,0.00384521484375,0.0,0.0
-0.8914995750000001,0.00201416015625,0.0,0.0
-0.8905007540000001,0.00018310546875,0.0,0.0
-0.8894962660000001,0.00201416015625,0.0,0.0
-0.8884489090000001,0.00201416015625,0.0,0.0
-0.887447995,0.00054931640625,0.0,0.0
-0.8864487110000001,-0.0029296875,0.0,0.0
-0.8854490560000001,-0.0010986328125,0.0,0.0
-0.8844489200000001,0.00018310546875,0.0,0.0
-0.883451969,-0.0010986328125,0.0,0.0
-0.882451592,0.00531005859375,0.0,0.0
-0.8814931780000002,0.00018310546875,0.0,0.0
-0.8804528570000001,0.00018310546875,0.0,0.0
-0.8794411100000001,0.00018310546875,0.0,0.0
-0.8784500670000002,0.00054931640625,0.0,0.0
-0.8774562090000002,-0.0010986328125,0.0,0.0
-0.8764591840000002,0.00201416015625,0.0,0.0
-0.8754559370000001,0.00201416015625,0.0,0.0
-0.8744536340000002,0.00201416015625,0.0,0.0
-0.8734530530000002,-0.0010986328125,0.0,0.0
-0.8724545840000002,0.00201416015625,0.0,0.0
-0.8715085210000002,-0.0010986328125,0.0,0.0
-0.870452886,0.00201416015625,0.0,0.0
-0.8694635650000002,0.00201416015625,0.0,0.0
-0.86846204,-0.0029296875,0.0,0.0
-0.8674596630000002,0.00201416015625,0.0,0.0
-0.86644849,0.00018310546875,0.0,0.0
-0.8654521500000001,0.00384521484375,0.0,0.0
-0.8644532370000002,0.00054931640625,0.0,0.0
-0.8634659150000001,0.00201416015625,0.0,0.0
-0.862467131,0.00201416015625,0.0,0.0
-0.861506995,0.00018310546875,0.0,0.0
-0.8605090990000002,0.00018310546875,0.0,0.0
-0.8594599270000001,0.00201416015625,0.0,0.0
-0.8584620690000002,0.00384521484375,0.0,0.0
-0.8574578960000001,-0.0029296875,0.0,0.0
-0.8564647040000002,0.00201416015625,0.0,0.0
-0.855453161,-0.0029296875,0.0,0.0
-0.8544653580000001,0.00201416015625,0.0,0.0
-0.8534638330000002,-0.0029296875,0.0,0.0
-0.8524681970000001,0.00347900390625,0.0,0.0
-0.8515161160000002,-0.0010986328125,0.0,0.0
-0.8505157390000002,0.00201416015625,0.0,0.0
-0.8494603440000001,0.00201416015625,0.0,0.0
-0.8484634310000001,-0.0010986328125,0.0,0.0
-0.8474696830000001,0.00201416015625,0.0,0.0
-0.8464639920000001,0.00018310546875,0.0,0.0
-0.8454677450000001,-0.0010986328125,0.0,0.0
-0.8444629240000001,0.00018310546875,0.0,0.0
-0.8434647880000001,0.00018310546875,0.0,0.0
-0.842468151,-0.0029296875,0.0,0.0
-0.8414730340000001,-0.0010986328125,0.0,0.0
-0.8405283970000001,0.00201416015625,0.0,0.0
-0.8394642800000001,-0.0010986328125,0.0,0.0
-0.8384706260000001,-0.0010986328125,0.0,0.0
-0.8374739710000001,-0.0010986328125,0.0,0.0
-0.8364743350000001,-0.0010986328125,0.0,0.0
-0.8354714590000001,-0.0029296875,0.0,0.0
-0.8344751370000001,0.00201416015625,0.0,0.0
-0.8334701310000001,0.00201416015625,0.0,0.0
-0.8324731060000001,0.00018310546875,0.0,0.0
-0.8315258030000001,0.00201416015625,0.0,0.0
-0.8305241480000001,-0.0010986328125,0.0,0.0
-0.8294671050000002,0.00018310546875,0.0,0.0
-0.8284696360000001,0.00018310546875,0.0,0.0
-0.8274755370000002,0.00384521484375,0.0,0.0
-0.8264772530000002,0.00018310546875,0.0,0.0
-0.8254728580000001,-0.0010986328125,0.0,0.0
-0.8244742770000002,0.00054931640625,0.0,0.0
-0.823477993,-0.0010986328125,0.0,0.0
-0.822478357,-0.0010986328125,0.0,0.0
-0.8215313310000001,0.00018310546875,0.0,0.0
-0.820481011,-0.0010986328125,0.0,0.0
-0.8194819670000002,0.00201416015625,0.0,0.0
-0.8184833310000001,0.00201416015625,0.0,0.0
-0.817483862,0.00201416015625,0.0,0.0
-0.8164839480000001,0.00201416015625,0.0,0.0
-0.815483645,-0.0010986328125,0.0,0.0
-0.8144892320000001,0.00201416015625,0.0,0.0
-0.813482448,0.00384521484375,0.0,0.0
-0.8125310520000002,-0.0029296875,0.0,0.0
-0.8115264340000001,-0.006591796875,0.0,0.0
-0.810484151,0.00531005859375,0.0,0.0
-0.8094824780000001,-0.0029296875,0.0,0.0
-0.8084827670000001,-0.0029296875,0.0,0.0
-0.8074864460000002,0.00201416015625,0.0,0.0
-0.8064861810000001,0.00201416015625,0.0,0.0
-0.8054863040000002,0.00201416015625,0.0,0.0
-0.804486464,-0.0010986328125,0.0,0.0
-0.8034881800000002,-0.0010986328125,0.0,0.0
-0.8025361360000001,-0.0029296875,0.0,0.0
-0.801479797,0.00201416015625,0.0,0.0
-0.8004899380000001,0.00201416015625,0.0,0.0
-0.7994872470000001,0.00018310546875,0.0,0.0
-0.7984915370000001,-0.0010986328125,0.0,0.0
-0.7974928270000001,-0.0010986328125,0.0,0.0
-0.7964985980000001,-0.0010986328125,0.0,0.0
-0.7954955730000002,-0.0029296875,0.0,0.0
-0.7944942330000002,-0.0010986328125,0.0,0.0
-0.7934856350000001,-0.0010986328125,0.0,0.0
-0.7925409790000002,0.00384521484375,0.0,0.0
-0.791493344,-0.0010986328125,0.0,0.0
-0.7904932820000001,0.00018310546875,0.0,0.0
-0.7894918500000001,-0.0010986328125,0.0,0.0
-0.7884910100000002,-0.0029296875,0.0,0.0
-0.7874974290000001,-0.0010986328125,0.0,0.0
-0.786496053,0.00201416015625,0.0,0.0
-0.78549212,0.00201416015625,0.0,0.0
-0.7844931140000002,0.00054931640625,0.0,0.0
-0.7834934960000002,0.00384521484375,0.0,0.0
-0.7825426010000001,-0.0029296875,0.0,0.0
-0.7814973730000001,-0.0010986328125,0.0,0.0
-0.780498385,0.00054931640625,0.0,0.0
-0.7794352310000001,0.00018310546875,0.0,0.0
-0.7784969270000002,0.00018310546875,0.0,0.0
-0.777497847,-0.0029296875,0.0,0.0
-0.776494526,0.00054931640625,0.0,0.0
-0.7754973900000002,0.00384521484375,0.0,0.0
-0.7744994940000001,-0.00128173828125,0.0,0.0
-0.7735027470000002,0.00018310546875,0.0,0.0
-0.772491778,-0.0029296875,0.0,0.0
-0.771499994,-0.0010986328125,0.0,0.0
-0.7704965990000001,-0.0047607421875,0.0,0.0
-0.7694906110000002,0.00054931640625,0.0,0.0
-0.7685052890000001,0.00201416015625,0.0,0.0
-0.7674951350000001,-0.0010986328125,0.0,0.0
-0.7664994620000001,-0.0010986328125,0.0,0.0
-0.7654986220000002,-0.0029296875,0.0,0.0
-0.7644999860000001,0.00384521484375,0.0,0.0
-0.7635002200000001,0.00018310546875,0.0,0.0
-0.76250477,-0.0029296875,0.0,0.0
-0.7614922820000001,0.00201416015625,0.0,0.0
-0.760497331,0.00201416015625,0.0,0.0
-0.7594976020000002,-0.0010986328125,0.0,0.0
-0.7585011140000002,-0.0047607421875,0.0,0.0
-0.7574928860000001,0.00384521484375,0.0,0.0
-0.756493861,0.00018310546875,0.0,0.0
-0.7554957800000002,0.00054931640625,0.0,0.0
-0.7545014410000002,0.00531005859375,0.0,0.0
-0.7534991010000001,-0.0010986328125,0.0,0.0
-0.7524930950000002,0.00018310546875,0.0,0.0
-0.75149931,0.00384521484375,0.0,0.0
-0.7505005820000001,-0.0029296875,0.0,0.0
-0.749451372,-0.0010986328125,0.0,0.0
-0.7484498660000001,0.00384521484375,0.0,0.0
-0.7474557300000002,-0.0029296875,0.0,0.0
-0.746449761,0.00018310546875,0.0,0.0
-0.7454539580000001,-0.0029296875,0.0,0.0
-0.7444586550000001,-0.0010986328125,0.0,0.0
-0.743451501,0.00018310546875,0.0,0.0
-0.742450217,-0.0010986328125,0.0,0.0
-0.7415041910000002,0.00201416015625,0.0,0.0
-0.7404541850000002,0.00201416015625,0.0,0.0
-0.7394451790000001,-0.0029296875,0.0,0.0
-0.7384561170000001,-0.0047607421875,0.0,0.0
-0.7374509810000001,0.00201416015625,0.0,0.0
-0.7364577890000001,0.00201416015625,0.0,0.0
-0.7354489130000001,0.00201416015625,0.0,0.0
-0.7344524060000002,0.00201416015625,0.0,0.0
-0.733455696,0.00018310546875,0.0,0.0
-0.7325055960000002,-0.0010986328125,0.0,0.0
-0.7314540170000001,-0.0010986328125,0.0,0.0
-0.7304501950000002,0.00018310546875,0.0,0.0
-0.7294549480000001,0.00201416015625,0.0,0.0
-0.728457812,0.00018310546875,0.0,0.0
-0.727459861,0.00384521484375,0.0,0.0
-0.726462522,0.00347900390625,0.0,0.0
-0.7254580150000001,0.00201416015625,0.0,0.0
-0.7244620640000001,0.00201416015625,0.0,0.0
-0.723458484,-0.0029296875,0.0,0.0
-0.722513014,0.00201416015625,0.0,0.0
-0.7215067850000001,0.00531005859375,0.0,0.0
-0.72045815,0.00054931640625,0.0,0.0
-0.7194607550000001,0.00018310546875,0.0,0.0
-0.718462656,0.00384521484375,0.0,0.0
-0.7174650200000001,-0.0047607421875,0.0,0.0
-0.716471735,-0.0010986328125,0.0,0.0
-0.7154716550000002,0.00201416015625,0.0,0.0
-0.7144656490000001,0.00384521484375,0.0,0.0
-0.7134658460000001,-0.0029296875,0.0,0.0
-0.712513154,0.00384521484375,0.0,0.0
-0.7114670000000001,0.00201416015625,0.0,0.0
-0.710453956,0.00054931640625,0.0,0.0
-0.7094601540000001,-0.0029296875,0.0,0.0
-0.7084708880000001,0.00201416015625,0.0,0.0
-0.707466919,0.00201416015625,0.0,0.0
-0.706467634,0.00018310546875,0.0,0.0
-0.7054729610000001,0.00347900390625,0.0,0.0
-0.704474899,0.00201416015625,0.0,0.0
-0.7034795040000001,0.00201416015625,0.0,0.0
-0.7025186640000001,0.00201416015625,0.0,0.0
-0.7014644540000001,0.00054931640625,0.0,0.0
-0.7004782070000002,-0.0010986328125,0.0,0.0
-0.6994782190000002,0.00054931640625,0.0,0.0
-0.6984323620000001,-0.0010986328125,0.0,0.0
-0.6975211130000001,0.00531005859375,0.0,0.0
-0.6964744410000001,0.00054931640625,0.0,0.0
-0.6954768230000001,-0.0010986328125,0.0,0.0
-0.694477502,0.00201416015625,0.0,0.0
-0.6935290140000001,0.00054931640625,0.0,0.0
-0.692519396,0.00054931640625,0.0,0.0
-0.6914731500000002,-0.0029296875,0.0,0.0
-0.6904713660000001,-0.0029296875,0.0,0.0
-0.689474007,0.00201416015625,0.0,0.0
-0.6884798160000001,0.00201416015625,0.0,0.0
-0.687520753,-0.0010986328125,0.0,0.0
-0.6861702700000001,-0.0010986328125,0.0,0.0
-0.6854783520000001,-0.0010986328125,0.0,0.0
-0.6844704570000002,0.00201416015625,0.0,0.0
-0.683532598,0.00201416015625,0.0,0.0
-0.6824716290000001,0.00201416015625,0.0,0.0
-0.6814809930000001,-0.0010986328125,0.0,0.0
-0.680481042,0.00531005859375,0.0,0.0
-0.679481073,-0.006591796875,0.0,0.0
-0.6784852330000002,0.00201416015625,0.0,0.0
-0.6775279110000001,0.00018310546875,0.0,0.0
-0.6762957780000001,0.00054931640625,0.0,0.0
-0.675486177,0.00347900390625,0.0,0.0
-0.6744862260000002,-0.0010986328125,0.0,0.0
-0.6735364780000002,-0.0029296875,0.0,0.0
-0.6724811210000001,-0.0029296875,0.0,0.0
-0.6714810770000001,-0.006591796875,0.0,0.0
-0.670487163,0.00201416015625,0.0,0.0
-0.6694876760000001,-0.0010986328125,0.0,0.0
-0.6684829840000002,0.00384521484375,0.0,0.0
-0.6675334590000002,-0.0010986328125,0.0,0.0
-0.666299344,-0.0029296875,0.0,0.0
-0.665489891,-0.0010986328125,0.0,0.0
-0.6644914580000001,-0.0010986328125,0.0,0.0
-0.663533452,0.00384521484375,0.0,0.0
-0.6624840940000001,0.00018310546875,0.0,0.0
-0.66148618,-0.0029296875,0.0,0.0
-0.6604911,0.00201416015625,0.0,0.0
-0.659488815,-0.0029296875,0.0,0.0
-0.658485328,-0.0010986328125,0.0,0.0
-0.657488617,0.00201416015625,0.0,0.0
-0.656486407,0.00018310546875,0.0,0.0
-0.6554880310000002,0.00201416015625,0.0,0.0
-0.654495394,-0.0010986328125,0.0,0.0
-0.6535383510000001,0.00018310546875,0.0,0.0
-0.652545326,0.00201416015625,0.0,0.0
-0.651494931,-0.0010986328125,0.0,0.0
-0.65049811,-0.0029296875,0.0,0.0
-0.649483029,-0.0029296875,0.0,0.0
-0.648482153,0.00384521484375,0.0,0.0
-0.647499942,0.00201416015625,0.0,0.0
-0.646494621,0.00384521484375,0.0,0.0
-0.6454945410000001,-0.0010986328125,0.0,0.0
-0.6444969790000001,0.00201416015625,0.0,0.0
-0.643546175,-0.0029296875,0.0,0.0
-0.6425498540000001,-0.0010986328125,0.0,0.0
-0.6414872,-0.0010986328125,0.0,0.0
-0.6404909900000002,-0.0010986328125,0.0,0.0
-0.6395016690000002,-0.0010986328125,0.0,0.0
-0.6385017180000001,0.00531005859375,0.0,0.0
-0.6374947670000002,0.00018310546875,0.0,0.0
-0.6364944460000002,0.00018310546875,0.0,0.0
-0.635500717,-0.0047607421875,0.0,0.0
-0.634499267,0.00201416015625,0.0,0.0
-0.633499075,0.00201416015625,0.0,0.0
-0.63250318,0.00201416015625,0.0,0.0
-0.6315030990000001,-0.0010986328125,0.0,0.0
-0.6304915930000001,0.00018310546875,0.0,0.0
-0.6294935130000001,0.00018310546875,0.0,0.0
-0.628497839,0.00018310546875,0.0,0.0
-0.627497685,0.00018310546875,0.0,0.0
-0.626265163,0.00201416015625,0.0,0.0
-0.6254971170000001,-0.0010986328125,0.0,0.0
-0.624497018,-0.0029296875,0.0,0.0
-0.6235054740000001,0.00201416015625,0.0,0.0
-0.6224956530000001,0.00018310546875,0.0,0.0
-0.621491443,0.00054931640625,0.0,0.0
-0.6204995850000001,0.00201416015625,0.0,0.0
-0.6195076890000002,-0.0010986328125,0.0,0.0
-0.618494313,0.00054931640625,0.0,0.0
-0.6174992510000001,0.00201416015625,0.0,0.0
-0.6164984660000001,0.00201416015625,0.0,0.0
-0.6154989230000001,-0.0010986328125,0.0,0.0
-0.6145003980000001,0.00201416015625,0.0,0.0
-0.6134946880000001,0.00201416015625,0.0,0.0
-0.6124985150000002,-0.0010986328125,0.0,0.0
-0.6114983420000002,0.00018310546875,0.0,0.0
-0.6104990020000001,-0.0029296875,0.0,0.0
-0.6094451630000002,0.00201416015625,0.0,0.0
-0.608454657,0.00201416015625,0.0,0.0
-0.607502261,-0.0010986328125,0.0,0.0
-0.6064553290000001,0.00201416015625,0.0,0.0
-0.6054595260000002,0.00201416015625,0.0,0.0
-0.604461557,-0.0010986328125,0.0,0.0
-0.6034961980000002,0.00347900390625,0.0,0.0
-0.602453785,-0.0010986328125,0.0,0.0
-0.601449149,-0.0010986328125,0.0,0.0
-0.6004522350000001,-0.0029296875,0.0,0.0
-0.5994532290000001,-0.0029296875,0.0,0.0
-0.598457352,-0.0010986328125,0.0,0.0
-0.597457938,0.00201416015625,0.0,0.0
-0.5964513390000001,0.00201416015625,0.0,0.0
-0.5954474810000001,0.00054931640625,0.0,0.0
-0.5944580300000002,-0.0010986328125,0.0,0.0
-0.593455005,-0.0029296875,0.0,0.0
-0.5924596100000001,-0.0010986328125,0.0,0.0
-0.591461585,-0.0010986328125,0.0,0.0
-0.5904955410000001,-0.0010986328125,0.0,0.0
-0.589451591,-0.0029296875,0.0,0.0
-0.5884585470000001,-0.0029296875,0.0,0.0
-0.5874594670000002,-0.0029296875,0.0,0.0
-0.5864573310000001,0.00018310546875,0.0,0.0
-0.5855056940000001,0.00201416015625,0.0,0.0
-0.5844511700000001,-0.0029296875,0.0,0.0
-0.5834524040000002,-0.0029296875,0.0,0.0
-0.5824606570000002,-0.0029296875,0.0,0.0
-0.5814647620000002,0.00201416015625,0.0,0.0
-0.580457848,0.00201416015625,0.0,0.0
-0.579516822,0.00201416015625,0.0,0.0
-0.5784653910000002,-0.0010986328125,0.0,0.0
-0.577470755,-0.0010986328125,0.0,0.0
-0.5764625630000002,0.00018310546875,0.0,0.0
-0.5755195190000002,-0.0029296875,0.0,0.0
-0.5744647540000001,-0.006591796875,0.0,0.0
-0.5734671370000002,-0.0010986328125,0.0,0.0
-0.572463519,-0.0029296875,0.0,0.0
-0.5714699200000002,0.00531005859375,0.0,0.0
-0.570515635,-0.0029296875,0.0,0.0
-0.569519259,-0.0010986328125,0.0,0.0
-0.5684694750000001,-0.0010986328125,0.0,0.0
-0.5674704500000001,-0.0010986328125,0.0,0.0
-0.5664664810000002,0.00018310546875,0.0,0.0
-0.5655211770000002,-0.0029296875,0.0,0.0
-0.5644641350000001,0.00054931640625,0.0,0.0
-0.5634699250000001,-0.0010986328125,0.0,0.0
-0.5624699000000002,0.00201416015625,0.0,0.0
-0.5614740230000002,0.00347900390625,0.0,0.0
-0.560464091,-0.0029296875,0.0,0.0
-0.5595216580000002,0.00384521484375,0.0,0.0
-0.5584730040000001,-0.0029296875,0.0,0.0
-0.5574694230000001,0.00018310546875,0.0,0.0
-0.5564611020000001,-0.0010986328125,0.0,0.0
-0.555477207,-0.0010986328125,0.0,0.0
-0.554478848,0.00201416015625,0.0,0.0
-0.5535238230000001,0.00531005859375,0.0,0.0
-0.552477039,-0.0010986328125,0.0,0.0
-0.5514751260000001,0.00201416015625,0.0,0.0
-0.5504775080000002,-0.0010986328125,0.0,0.0
-0.549478798,-0.0010986328125,0.0,0.0
-0.5484718470000001,0.00384521484375,0.0,0.0
-0.5475266730000001,0.00201416015625,0.0,0.0
-0.5462892810000002,0.00054931640625,0.0,0.0
-0.5454755500000001,0.00201416015625,0.0,0.0
-0.544479044,-0.0029296875,0.0,0.0
-0.543489278,0.00201416015625,0.0,0.0
-0.542530956,0.00714111328125,0.0,0.0
-0.5414802840000001,0.00531005859375,0.0,0.0
-0.5404790180000001,0.00018310546875,0.0,0.0
-0.5394827710000001,-0.0047607421875,0.0,0.0
-0.5384768390000001,-0.0010986328125,0.0,0.0
-0.5374810360000002,0.00018310546875,0.0,0.0
-0.536481215,0.00347900390625,0.0,0.0
-0.535484949,-0.0010986328125,0.0,0.0
-0.5344864610000002,0.00531005859375,0.0,0.0
-0.5334874360000001,-0.0010986328125,0.0,0.0
-0.5325327440000001,0.00201416015625,0.0,0.0
-0.531486146,-0.00457763671875,0.0,0.0
-0.530483362,-0.00457763671875,0.0,0.0
-0.5294801520000001,0.00018310546875,0.0,0.0
-0.5284876820000002,0.00054931640625,0.0,0.0
-0.5274878980000002,-0.0029296875,0.0,0.0
-0.5264905400000002,0.00201416015625,0.0,0.0
-0.5254855330000001,-0.0010986328125,0.0,0.0
-0.5244871010000001,0.00384521484375,0.0,0.0
-0.5235428900000001,0.00201416015625,0.0,0.0
-0.522541106,0.00201416015625,0.0,0.0
-0.5214869340000001,-0.0010986328125,0.0,0.0
-0.5204973160000002,-0.00457763671875,0.0,0.0
-0.5194924950000002,0.00201416015625,0.0,0.0
-0.5184948220000001,-0.0010986328125,0.0,0.0
-0.517489316,-0.0010986328125,0.0,0.0
-0.5164896060000002,0.00018310546875,0.0,0.0
-0.5154924140000001,-0.0010986328125,0.0,0.0
-0.5144892780000001,-0.0010986328125,0.0,0.0
-0.5135436230000001,0.00201416015625,0.0,0.0
-0.5124561360000002,0.00018310546875,0.0,0.0
-0.5114943700000001,-0.0047607421875,0.0,0.0
-0.5104928820000001,-0.0010986328125,0.0,0.0
-0.509499672,-0.0010986328125,0.0,0.0
-0.5084988140000002,-0.0010986328125,0.0,0.0
-0.5075440840000001,0.00018310546875,0.0,0.0
-0.5064964120000002,-0.0029296875,0.0,0.0
-0.5054894240000001,0.00018310546875,0.0,0.0
-0.5044980290000001,-0.0010986328125,0.0,0.0
-0.5035478740000001,0.00018310546875,0.0,0.0
-0.502491794,-0.0010986328125,0.0,0.0
-0.5014985470000002,0.00201416015625,0.0,0.0
-0.5004991140000001,-0.0010986328125,0.0,0.0
-0.4994982750000001,-0.0029296875,0.0,0.0
-0.4984999160000001,-0.0010986328125,0.0,0.0
-0.4974942800000002,0.00384521484375,0.0,0.0
-0.496492755,-0.0029296875,0.0,0.0
-0.49549569300000007,-0.0010986328125,0.0,0.0
-0.4945018170000002,-0.0010986328125,0.0,0.0
-0.493492625,0.00018310546875,0.0,0.0
-0.492501396,-0.0010986328125,0.0,0.0
-0.49149857500000005,-0.0010986328125,0.0,0.0
-0.4905028100000002,-0.0029296875,0.0,0.0
-0.4895011,-0.0029296875,0.0,0.0
-0.4884963150000001,-0.0010986328125,0.0,0.0
-0.4875075500000001,0.00201416015625,0.0,0.0
-0.486502228,-0.0010986328125,0.0,0.0
-0.4855032410000002,-0.0029296875,0.0,0.0
-0.4845033080000001,-0.0010986328125,0.0,0.0
-0.4835032830000001,-0.0010986328125,0.0,0.0
-0.48249787,-0.0029296875,0.0,0.0
-0.4815027890000001,0.00018310546875,0.0,0.0
-0.4805033380000001,-0.0010986328125,0.0,0.0
-0.47949781300000005,-0.0010986328125,0.0,0.0
-0.4784981030000002,0.00384521484375,0.0,0.0
-0.477496801,0.00018310546875,0.0,0.0
-0.4765005720000002,-0.0047607421875,0.0,0.0
-0.4754992880000002,0.00201416015625,0.0,0.0
-0.47450117000000014,0.00531005859375,0.0,0.0
-0.4734974230000002,-0.00457763671875,0.0,0.0
-0.47250456500000015,0.00201416015625,0.0,0.0
-0.47143781900000015,0.00201416015625,0.0,0.0
-0.4704923670000001,-0.0029296875,0.0,0.0
-0.46950237900000014,-0.0010986328125,0.0,0.0
-0.468497151,0.00054931640625,0.0,0.0
-0.467452811,-0.0010986328125,0.0,0.0
-0.4664530090000001,0.00018310546875,0.0,0.0
-0.4654967240000001,0.00054931640625,0.0,0.0
-0.4644585330000002,0.00201416015625,0.0,0.0
-0.46345121200000006,-0.0029296875,0.0,0.0
-0.4624540020000001,-0.0029296875,0.0,0.0
-0.461456106,0.00201416015625,0.0,0.0
-0.460452026,0.00201416015625,0.0,0.0
-0.459502871,0.00018310546875,0.0,0.0
-0.45844866100000004,0.00018310546875,0.0,0.0
-0.45745091400000004,-0.0010986328125,0.0,0.0
-0.4564543890000001,-0.0010986328125,0.0,0.0
-0.455505179,-0.0029296875,0.0,0.0
-0.4544504690000002,0.00018310546875,0.0,0.0
-0.453457518,-0.0010986328125,0.0,0.0
-0.4524655860000002,0.00201416015625,0.0,0.0
-0.45141046900000004,-0.0010986328125,0.0,0.0
-0.45045714700000006,0.00201416015625,0.0,0.0
-0.4494604740000001,0.00201416015625,0.0,0.0
-0.44850861500000017,0.00384521484375,0.0,0.0
-0.4474640540000001,-0.0029296875,0.0,0.0
-0.44646027,-0.0029296875,0.0,0.0
-0.44546783700000003,0.00201416015625,0.0,0.0
-0.4445083120000002,0.00201416015625,0.0,0.0
-0.4434629910000001,0.00201416015625,0.0,0.0
-0.44245954,-0.0029296875,0.0,0.0
-0.44146771900000004,0.00201416015625,0.0,0.0
-0.4403683070000002,0.00201416015625,0.0,0.0
-0.43946796600000004,0.00201416015625,0.0,0.0
-0.4385167360000002,-0.0010986328125,0.0,0.0
-0.4374640460000001,0.00054931640625,0.0,0.0
-0.43646228,-0.0029296875,0.0,0.0
-0.4354694400000001,0.00201416015625,0.0,0.0
-0.434514359,0.00018310546875,0.0,0.0
-0.4334545940000001,0.00018310546875,0.0,0.0
-0.43246816200000016,0.00201416015625,0.0,0.0
-0.43146824800000005,0.00054931640625,0.0,0.0
-0.4304725930000002,0.00531005859375,0.0,0.0
-0.4294621980000002,0.00018310546875,0.0,0.0
-0.4284619700000001,0.00201416015625,0.0,0.0
-0.42751870300000006,-0.0029296875,0.0,0.0
-0.42645979,-0.0029296875,0.0,0.0
-0.42546658000000015,0.00201416015625,0.0,0.0
-0.42446566600000013,0.00201416015625,0.0,0.0
-0.4235261960000001,0.00201416015625,0.0,0.0
-0.4224698200000001,0.00201416015625,0.0,0.0
-0.4214698320000001,0.00201416015625,0.0,0.0
-0.42047243700000014,-0.0029296875,0.0,0.0
-0.419473671,-0.0010986328125,0.0,0.0
-0.41847075700000014,0.00531005859375,0.0,0.0
-0.4174739550000002,0.00201416015625,0.0,0.0
-0.41646876300000013,-0.0010986328125,0.0,0.0
-0.415463535,-0.0010986328125,0.0,0.0
-0.414472806,-0.0029296875,0.0,0.0
-0.4135227800000001,0.00531005859375,0.0,0.0
-0.412450016,-0.0010986328125,0.0,0.0
-0.411476787,0.00018310546875,0.0,0.0
-0.410473428,-0.0047607421875,0.0,0.0
-0.409476996,-0.0010986328125,0.0,0.0
-0.408476045,-0.0010986328125,0.0,0.0
-0.4075147050000001,-0.0010986328125,0.0,0.0
-0.40648516200000007,0.00201416015625,0.0,0.0
-0.4054849520000001,0.00201416015625,0.0,0.0
-0.4044834640000001,0.00201416015625,0.0,0.0
-0.40352282800000006,0.00201416015625,0.0,0.0
-0.4025324320000001,0.00201416015625,0.0,0.0
-0.4014812970000001,-0.0010986328125,0.0,0.0
-0.4004827160000002,-0.0010986328125,0.0,0.0
-0.39948509900000007,-0.0010986328125,0.0,0.0
-0.3984822590000001,-0.0010986328125,0.0,0.0
-0.3975276970000001,0.00018310546875,0.0,0.0
-0.3961684540000001,-0.0010986328125,0.0,0.0
-0.39548246200000015,0.00018310546875,0.0,0.0
-0.3944835480000002,0.00201416015625,0.0,0.0
-0.39353374500000005,-0.0029296875,0.0,0.0
-0.39248364700000016,-0.0029296875,0.0,0.0
-0.3914866590000001,-0.0047607421875,0.0,0.0
-0.39048261500000003,0.00201416015625,0.0,0.0
-0.3894844420000001,-0.0010986328125,0.0,0.0
-0.388488806,-0.0047607421875,0.0,0.0
-0.3875300770000001,0.00201416015625,0.0,0.0
-0.38648788600000006,-0.0047607421875,0.0,0.0
-0.38548762000000014,0.00201416015625,0.0,0.0
-0.38448600300000013,0.00018310546875,0.0,0.0
-0.3834921820000001,0.00531005859375,0.0,0.0
-0.3825377670000001,0.00054931640625,0.0,0.0
-0.38148876200000004,-0.0010986328125,0.0,0.0
-0.38049105100000014,0.00201416015625,0.0,0.0
-0.3794881560000001,0.00201416015625,0.0,0.0
-0.37849911300000016,0.00531005859375,0.0,0.0
-0.3774904210000001,-0.0010986328125,0.0,0.0
-0.376496081,0.00201416015625,0.0,0.0
-0.37549085300000007,0.00201416015625,0.0,0.0
-0.37449292,0.00018310546875,0.0,0.0
-0.37353528400000013,0.00018310546875,0.0,0.0
-0.37249474100000013,-0.0010986328125,0.0,0.0
-0.37148869800000006,-0.0010986328125,0.0,0.0
-0.37049369100000007,-0.0010986328125,0.0,0.0
-0.369494703,0.00384521484375,0.0,0.0
-0.368496567,-0.0029296875,0.0,0.0
-0.36755055999999997,0.00054931640625,0.0,0.0
-0.36649236900000015,0.00201416015625,0.0,0.0
-0.365486733,-0.0029296875,0.0,0.0
-0.364493505,0.00018310546875,0.0,0.0
-0.36350042400000016,0.00201416015625,0.0,0.0
-0.362550288,0.00201416015625,0.0,0.0
-0.36150046700000016,-0.0010986328125,0.0,0.0
-0.3605005720000001,-0.0047607421875,0.0,0.0
-0.3595076210000001,0.00201416015625,0.0,0.0
-0.358499892,0.00384521484375,0.0,0.0
-0.357507182,-0.0029296875,0.0,0.0
-0.356488935,0.00384521484375,0.0,0.0
-0.35550385500000004,-0.0010986328125,0.0,0.0
-0.35450099600000007,0.00054931640625,0.0,0.0
-0.353502805,-0.0010986328125,0.0,0.0
-0.352500909,-0.0029296875,0.0,0.0
-0.35149855100000016,0.00018310546875,0.0,0.0
-0.350503341,0.00384521484375,0.0,0.0
-0.3495051870000001,-0.0010986328125,0.0,0.0
-0.3484426810000001,-0.0029296875,0.0,0.0
-0.3475073590000002,0.00201416015625,0.0,0.0
-0.346502093,0.00201416015625,0.0,0.0
-0.34549710600000005,0.00384521484375,0.0,0.0
-0.34450404300000015,0.00018310546875,0.0,0.0
-0.34350585200000006,-0.0029296875,0.0,0.0
-0.34250067900000003,0.00018310546875,0.0,0.0
-0.34149696900000004,-0.0010986328125,0.0,0.0
-0.340501296,0.00201416015625,0.0,0.0
-0.3394961970000001,0.00018310546875,0.0,0.0
-0.33850239400000004,-0.006591796875,0.0,0.0
-0.3375096470000001,-0.0010986328125,0.0,0.0
-0.3364969740000001,-0.0029296875,0.0,0.0
-0.33550913400000004,0.00201416015625,0.0,0.0
-0.33450383100000014,-0.0047607421875,0.0,0.0
-0.333497344,0.00018310546875,0.0,0.0
-0.332502874,-0.0010986328125,0.0,0.0
-0.33150168300000016,-0.0010986328125,0.0,0.0
-0.33050371300000014,-0.00457763671875,0.0,0.0
-0.32945367000000014,0.00201416015625,0.0,0.0
-0.32845553400000016,0.00201416015625,0.0,0.0
-0.32750425000000005,0.00201416015625,0.0,0.0
-0.32646146600000003,0.00201416015625,0.0,0.0
-0.32545455200000006,0.00201416015625,0.0,0.0
-0.32445771300000015,0.00054931640625,0.0,0.0
-0.32350548300000015,0.00201416015625,0.0,0.0
-0.3225051440000002,0.00531005859375,0.0,0.0
-0.3214583420000001,0.00201416015625,0.0,0.0
-0.32044470599999997,0.00018310546875,0.0,0.0
-0.31945760700000014,-0.0010986328125,0.0,0.0
-0.31845650800000014,0.00201416015625,0.0,0.0
-0.31745633500000014,0.00384521484375,0.0,0.0
-0.31646336500000016,-0.0010986328125,0.0,0.0
-0.3154554140000001,0.00384521484375,0.0,0.0
-0.3144524820000001,0.00018310546875,0.0,0.0
-0.313457957,-0.0029296875,0.0,0.0
-0.3125077650000001,-0.0029296875,0.0,0.0
-0.311458389,0.00018310546875,0.0,0.0
-0.31045036400000003,-0.0029296875,0.0,0.0
-0.309448913,0.00201416015625,0.0,0.0
-0.3084598330000001,0.00018310546875,0.0,0.0
-0.307453271,0.00201416015625,0.0,0.0
-0.30645759800000016,0.00018310546875,0.0,0.0
-0.30545312800000013,0.00018310546875,0.0,0.0
-0.30446206600000014,0.00201416015625,0.0,0.0
-0.303454986,0.00018310546875,0.0,0.0
-0.30251094200000006,0.00054931640625,0.0,0.0
-0.301463732,0.00201416015625,0.0,0.0
-0.3004658370000002,0.00201416015625,0.0,0.0
-0.2994638490000001,0.00384521484375,0.0,0.0
-0.2984687320000001,-0.0010986328125,0.0,0.0
-0.2974657620000001,0.00384521484375,0.0,0.0
-0.29646942200000015,-0.0010986328125,0.0,0.0
-0.2954661570000001,-0.0010986328125,0.0,0.0
-0.29446652100000015,0.00018310546875,0.0,0.0
-0.2934679960000002,-0.0047607421875,0.0,0.0
-0.2924640820000002,0.00054931640625,0.0,0.0
-0.291516742,0.00384521484375,0.0,0.0
-0.2904627180000001,0.00018310546875,0.0,0.0
-0.2894720260000001,-0.0029296875,0.0,0.0
-0.2884750930000002,0.00201416015625,0.0,0.0
-0.2874718460000001,-0.0010986328125,0.0,0.0
-0.286472136,-0.0029296875,0.0,0.0
-0.285524259,0.00201416015625,0.0,0.0
-0.284466031,0.00531005859375,0.0,0.0
-0.28347333900000016,-0.0010986328125,0.0,0.0
-0.28247600000000017,-0.0010986328125,0.0,0.0
-0.2814698820000001,-0.0029296875,0.0,0.0
-0.280524931,-0.0010986328125,0.0,0.0
-0.27952260900000003,-0.0029296875,0.0,0.0
-0.27847290000000013,-0.0029296875,0.0,0.0
-0.277476319,-0.0010986328125,0.0,0.0
-0.27646922100000015,0.00201416015625,0.0,0.0
-0.27552352800000013,0.00201416015625,0.0,0.0
-0.27447652300000014,0.00201416015625,0.0,0.0
-0.27348383100000007,-0.0010986328125,0.0,0.0
-0.27247302800000006,0.00018310546875,0.0,0.0
-0.27147848500000005,0.00201416015625,0.0,0.0
-0.27047299700000016,-0.0010986328125,0.0,0.0
-0.26952615700000004,0.00018310546875,0.0,0.0
-0.268480466,-0.0010986328125,0.0,0.0
-0.2674815890000002,-0.0010986328125,0.0,0.0
-0.266479731,-0.0029296875,0.0,0.0
-0.265521798,0.00018310546875,0.0,0.0
-0.26447455100000017,-0.0029296875,0.0,0.0
-0.2634831740000001,-0.0010986328125,0.0,0.0
-0.26248957500000003,0.00201416015625,0.0,0.0
-0.2614821250000001,0.00201416015625,0.0,0.0
-0.260533747,-0.0010986328125,0.0,0.0
-0.25953864800000015,-0.0047607421875,0.0,0.0
-0.25848455000000015,-0.0010986328125,0.0,0.0
-0.2574814510000001,0.00018310546875,0.0,0.0
-0.256482463,-0.0029296875,0.0,0.0
-0.25553628900000014,0.00201416015625,0.0,0.0
-0.254483228,0.00054931640625,0.0,0.0
-0.25349053600000016,-0.0047607421875,0.0,0.0
-0.25248517800000014,0.00384521484375,0.0,0.0
-0.25148619000000005,-0.0010986328125,0.0,0.0
-0.25048942500000004,0.00201416015625,0.0,0.0
-0.24953871400000005,0.00201416015625,0.0,0.0
-0.24853994800000012,0.00201416015625,0.0,0.0
-0.2474867570000001,-0.0029296875,0.0,0.0
-0.2464891950000001,0.00054931640625,0.0,0.0
-0.24549698500000017,0.00201416015625,0.0,0.0
-0.24453270100000002,-0.0047607421875,0.0,0.0
-0.24348701000000017,0.00018310546875,0.0,0.0
-0.24249539200000014,0.00054931640625,0.0,0.0
-0.24148495999999997,0.00018310546875,0.0,0.0
-0.24049117600000014,-0.0010986328125,0.0,0.0
-0.23949579900000018,-0.0010986328125,0.0,0.0
-0.23854094000000003,-0.0010986328125,0.0,0.0
-0.237544341,-0.0010986328125,0.0,0.0
-0.23630867099999997,0.00201416015625,0.0,0.0
-0.23549542099999998,0.00201416015625,0.0,0.0
-0.23449198900000012,0.00384521484375,0.0,0.0
-0.23354531499999998,-0.0010986328125,0.0,0.0
-0.2324957350000001,0.00531005859375,0.0,0.0
-0.23149411800000008,-0.0010986328125,0.0,0.0
-0.23049888900000015,-0.0010986328125,0.0,0.0
-0.22949543900000013,0.00201416015625,0.0,0.0
-0.22854583900000014,-0.0010986328125,0.0,0.0
-0.22754770300000016,0.00201416015625,0.0,0.0
-0.22649356799999998,0.00054931640625,0.0,0.0
-0.22549304300000017,0.00201416015625,0.0,0.0
-0.2245036840000001,-0.0029296875,0.0,0.0
-0.22354012200000017,0.00018310546875,0.0,0.0
-0.22249702300000007,0.00018310546875,0.0,0.0
-0.22149764700000008,0.00018310546875,0.0,0.0
-0.2205030480000001,0.00201416015625,0.0,0.0
-0.21949720800000017,-0.0010986328125,0.0,0.0
-0.21850401600000002,-0.0010986328125,0.0,0.0
-0.21749954700000007,-0.0010986328125,0.0,0.0
-0.2164995220000001,-0.0010986328125,0.0,0.0
-0.21550134900000018,0.00201416015625,0.0,0.0
-0.21450232400000013,-0.0010986328125,0.0,0.0
-0.213498929,0.00201416015625,0.0,0.0
-0.2125042370000001,-0.0010986328125,0.0,0.0
-0.21149978600000008,0.00054931640625,0.0,0.0
-0.21049239100000006,-0.0010986328125,0.0,0.0
-0.209500311,-0.0029296875,0.0,0.0
-0.20850513800000003,0.00201416015625,0.0,0.0
-0.20750166800000014,0.00018310546875,0.0,0.0
-0.206319849,-0.0029296875,0.0,0.0
-0.2055073220000001,-0.0010986328125,0.0,0.0
-0.204507408,0.00201416015625,0.0,0.0
-0.20349912400000014,-0.0029296875,0.0,0.0
-0.20250608100000012,-0.0010986328125,0.0,0.0
-0.20150020400000002,-0.0029296875,0.0,0.0
-0.20050516100000015,-0.0010986328125,0.0,0.0
-0.19950230199999996,0.00201416015625,0.0,0.0
-0.198501166,0.00054931640625,0.0,0.0
-0.19750184500000012,0.00347900390625,0.0,0.0
-0.19650030200000002,0.00201416015625,0.0,0.0
-0.19550016599999998,-0.0029296875,0.0,0.0
-0.19450665899999997,0.00054931640625,0.0,0.0
-0.19350206000000014,0.00201416015625,0.0,0.0
-0.19250536900000004,-0.0010986328125,0.0,0.0
-0.19144925200000018,-0.0047607421875,0.0,0.0
-0.19050585600000014,-0.0029296875,0.0,0.0
-0.18950464600000005,0.00018310546875,0.0,0.0
-0.18850234300000013,-0.0010986328125,0.0,0.0
-0.1875102070000001,0.00201416015625,0.0,0.0
-0.18645696099999998,-0.0010986328125,0.0,0.0
-0.18549621299999997,0.00018310546875,0.0,0.0
-0.18445520700000007,0.00714111328125,0.0,0.0
-0.183453941,-0.0010986328125,0.0,0.0
-0.182454157,0.00384521484375,0.0,0.0
-0.18145835499999996,0.00201416015625,0.0,0.0
-0.1804554410000001,0.00018310546875,0.0,0.0
-0.17950469300000016,-0.0010986328125,0.0,0.0
-0.17845805800000014,-0.0010986328125,0.0,0.0
-0.17745623600000004,-0.0029296875,0.0,0.0
-0.1764558410000001,-0.0029296875,0.0,0.0
-0.17550403800000014,0.00018310546875,0.0,0.0
-0.17451092000000012,0.00201416015625,0.0,0.0
-0.17345985900000005,-0.0010986328125,0.0,0.0
-0.17246237100000017,-0.0010986328125,0.0,0.0
-0.17146069799999997,0.00384521484375,0.0,0.0
-0.17046206200000014,0.00201416015625,0.0,0.0
-0.16946037000000014,-0.0029296875,0.0,0.0
-0.1685110860000001,0.00054931640625,0.0,0.0
-0.16746291300000005,0.00201416015625,0.0,0.0
-0.16646349900000001,-0.0010986328125,0.0,0.0
-0.16551858500000005,-0.0010986328125,0.0,0.0
-0.16451709700000006,0.00018310546875,0.0,0.0
-0.1634603320000001,-0.006591796875,0.0,0.0
-0.162455381,0.00018310546875,0.0,0.0
-0.16146546699999997,0.00201416015625,0.0,0.0
-0.160464202,0.00384521484375,0.0,0.0
-0.15946901000000002,-0.0010986328125,0.0,0.0
-0.1584700590000001,0.00201416015625,0.0,0.0
-0.15751486700000017,0.00384521484375,0.0,0.0
-0.15646397300000014,-0.0029296875,0.0,0.0
-0.1554671700000001,0.00018310546875,0.0,0.0
-0.1544759040000001,-0.0047607421875,0.0,0.0
-0.15351034200000013,0.00018310546875,0.0,0.0
-0.15246916899999996,0.00347900390625,0.0,0.0
-0.15145927400000003,-0.0029296875,0.0,0.0
-0.15046252700000018,-0.0029296875,0.0,0.0
-0.1494720570000001,0.00531005859375,0.0,0.0
-0.14847406900000015,0.00201416015625,0.0,0.0
-0.14752317400000003,0.00201416015625,0.0,0.0
-0.14646648299999998,-0.006591796875,0.0,0.0
-0.14546882800000005,0.00531005859375,0.0,0.0
-0.14446965499999997,0.00018310546875,0.0,0.0
-0.14352461100000014,-0.0010986328125,0.0,0.0
-0.14247299400000002,0.00018310546875,0.0,0.0
-0.1414695990000001,0.00018310546875,0.0,0.0
-0.140476555,-0.0010986328125,0.0,0.0
-0.13947325300000002,0.00018310546875,0.0,0.0
-0.13847609800000016,0.00384521484375,0.0,0.0
-0.13748142500000005,0.00201416015625,0.0,0.0
-0.1364795110000001,0.00018310546875,0.0,0.0
-0.13547844900000006,-0.0010986328125,0.0,0.0
-0.134480795,-0.0010986328125,0.0,0.0
-0.1335251580000001,0.00384521484375,0.0,0.0
-0.13247724500000002,0.0018310546875,0.0,0.0
-0.13148351600000008,-0.0047607421875,0.0,0.0
-0.1304863060000001,0.00201416015625,0.0,0.0
-0.12947672600000004,0.00018310546875,0.0,0.0
-0.12847988600000004,0.00384521484375,0.0,0.0
-0.12752958300000006,-0.0010986328125,0.0,0.0
-0.12648783600000013,-0.0010986328125,0.0,0.0
-0.12548807000000006,-0.0010986328125,0.0,0.0
-0.12448300899999998,0.00201416015625,0.0,0.0
-0.123532631,0.00347900390625,0.0,0.0
-0.12248114399999999,-0.0010986328125,0.0,0.0
-0.12148211900000017,-0.0029296875,0.0,0.0
-0.12047555700000001,0.00018310546875,0.0,0.0
-0.11948345800000015,-0.0010986328125,0.0,0.0
-0.11848580400000008,-0.0010986328125,0.0,0.0
-0.11753048200000005,0.00018310546875,0.0,0.0
-0.11617792400000004,0.00201416015625,0.0,0.0
-0.1154880250000001,0.00201416015625,0.0,0.0
-0.11448396300000008,0.00018310546875,0.0,0.0
-0.11353053000000002,-0.0029296875,0.0,0.0
-0.11253546800000014,0.00201416015625,0.0,0.0
-0.11148633299999999,0.00018310546875,0.0,0.0
-0.11049260400000005,-0.0010986328125,0.0,0.0
-0.10948669,-0.00128173828125,0.0,0.0
-0.10848335100000006,-0.0029296875,0.0,0.0
-0.10753958399999997,-0.0047607421875,0.0,0.0
-0.10648983800000011,0.00201416015625,0.0,0.0
-0.10548549799999996,-0.0029296875,0.0,0.0
-0.10448786200000004,0.00018310546875,0.0,0.0
-0.10349189300000017,0.00201416015625,0.0,0.0
-0.1025388490000001,0.00018310546875,0.0,0.0
-0.10148906499999999,0.00384521484375,0.0,0.0
-0.10049898499999999,-0.0010986328125,0.0,0.0
-0.09943027500000001,0.00018310546875,0.0,0.0
-0.09849249000000015,-0.0029296875,0.0,0.0
-0.09748596600000003,-0.0010986328125,0.0,0.0
-0.09649642199999997,0.00531005859375,0.0,0.0
-0.09548336000000002,-0.0029296875,0.0,0.0
-0.09449313199999998,-0.0047607421875,0.0,0.0
-0.09350269900000008,0.00531005859375,0.0,0.0
-0.09254424800000005,-0.0010986328125,0.0,0.0
-0.09149709400000017,0.00018310546875,0.0,0.0
-0.09050053200000008,0.00201416015625,0.0,0.0
-0.089499526,-0.0010986328125,0.0,0.0
-0.08849322299999995,0.00201416015625,0.0,0.0
-0.08750197599999998,-0.0010986328125,0.0,0.0
-0.0865061170000001,-0.0047607421875,0.0,0.0
-0.08549885199999996,0.00018310546875,0.0,0.0
-0.08450338200000007,0.00018310546875,0.0,0.0
-0.0835076910000001,0.00018310546875,0.0,0.0
-0.08255772100000014,-0.0010986328125,0.0,0.0
-0.08150310400000005,-0.0010986328125,0.0,0.0
-0.0805004680000001,-0.0029296875,0.0,0.0
-0.07950398000000014,-0.0010986328125,0.0,0.0
-0.07844116000000012,0.00384521484375,0.0,0.0
-0.07749413400000016,0.00018310546875,0.0,0.0
-0.07649760900000002,-0.006591796875,0.0,0.0
-0.07550273200000013,0.00201416015625,0.0,0.0
-0.07450665200000017,0.00201416015625,0.0,0.0
-0.07349497900000013,0.00384521484375,0.0,0.0
-0.07250124999999996,-0.0029296875,0.0,0.0
-0.07150252200000007,-0.0010986328125,0.0,0.0
-0.07050599700000015,0.00018310546875,0.0,0.0
-0.06950199000000001,-0.0010986328125,0.0,0.0
-0.06850374300000017,0.00201416015625,0.0,0.0
-0.06750492200000013,-0.0010986328125,0.0,0.0
-0.06650291600000013,0.00018310546875,0.0,0.0
-0.06550437200000014,-0.0010986328125,0.0,0.0
-0.06450566199999996,-0.0010986328125,0.0,0.0
-0.06349374799999996,-0.0029296875,0.0,0.0
-0.06250683400000012,-0.0047607421875,0.0,0.0
-0.06149731000000003,-0.0029296875,0.0,0.0
-0.06050080300000005,0.00201416015625,0.0,0.0
-0.059500630000000054,-0.00128173828125,0.0,0.0
-0.05850112399999996,0.00201416015625,0.0,0.0
-0.05750215400000003,0.00201416015625,0.0,0.0
-0.056495870000000004,-0.0029296875,0.0,0.0
-0.0555002710000001,-0.0029296875,0.0,0.0
-0.05450041299999997,0.00384521484375,0.0,0.0
-0.0534997960000001,0.00201416015625,0.0,0.0
-0.05250510399999997,-0.0010986328125,0.0,0.0
-0.05150380099999996,-0.0010986328125,0.0,0.0
-0.050455055000000026,0.00018310546875,0.0,0.0
-0.049452104,0.00018310546875,0.0,0.0
-0.04850491200000007,0.00201416015625,0.0,0.0
-0.047505442000000064,0.00201416015625,0.0,0.0
-0.046497177,0.00018310546875,0.0,0.0
-0.04545891199999996,0.00384521484375,0.0,0.0
-0.04446370099999997,-0.0010986328125,0.0,0.0
-0.043464509999999956,0.00201416015625,0.0,0.0
-0.04250435500000016,0.00018310546875,0.0,0.0
-0.04144786800000011,-0.0029296875,0.0,0.0
-0.04045421300000007,0.00018310546875,0.0,0.0
-0.039458632000000105,0.00018310546875,0.0,0.0
-0.03846001500000007,-0.0010986328125,0.0,0.0
-0.03745860099999998,-0.0010986328125,0.0,0.0
-0.03645503900000002,-0.0029296875,0.0,0.0
-0.035459144000000054,-0.0029296875,0.0,0.0
-0.034453434000000005,-0.0047607421875,0.0,0.0
-0.03346727900000013,0.00201416015625,0.0,0.0
-0.03250479100000003,-0.0010986328125,0.0,0.0
-0.031462396000000004,0.00201416015625,0.0,0.0
-0.0304603160000001,-0.0029296875,0.0,0.0
-0.029458532000000037,-0.0010986328125,0.0,0.0
-0.028455821999999964,0.00201416015625,0.0,0.0
-0.02746231499999996,0.00347900390625,0.0,0.0
-0.026460974999999998,0.00201416015625,0.0,0.0
-0.025461895000000068,-0.0029296875,0.0,0.0
-0.024467573999999992,0.00201416015625,0.0,0.0
-0.023515752,-0.0010986328125,0.0,0.0
-0.022466746000000093,0.00018310546875,0.0,0.0
-0.02145736900000017,0.00201416015625,0.0,0.0
-0.020473511000000055,0.00201416015625,0.0,0.0
-0.01946322700000014,-0.0029296875,0.0,0.0
-0.018471349999999997,-0.0010986328125,0.0,0.0
-0.017518436000000026,0.00201416015625,0.0,0.0
-0.016460911000000022,0.00018310546875,0.0,0.0
-0.01546634899999999,0.00018310546875,0.0,0.0
-0.014473880000000161,0.00531005859375,0.0,0.0
-0.013516688000000165,-0.0029296875,0.0,0.0
-0.012469830000000126,-0.00457763671875,0.0,0.0
-0.011471176000000138,0.00201416015625,0.0,0.0
-0.01047013200000002,-0.0010986328125,0.0,0.0
-0.009464236999999986,-0.0010986328125,0.0,0.0
-0.008468193999999984,0.00018310546875,0.0,0.0
-0.007505687000000094,0.00201416015625,0.0,0.0
-0.006473810000000135,-0.0010986328125,0.0,0.0
-0.005466323000000051,-0.0010986328125,0.0,0.0
-0.0044693719999999715,0.00018310546875,0.0,0.0
-0.0034730499999999775,0.00384521484375,0.0,0.0
-0.0025253950000001524,0.00201416015625,0.0,0.0
-0.0014724450000001,-0.0029296875,0.0,0.0
-0.00047549400000002073,-0.0010986328125,0.0,0.0
0.0005218270000000302,0.00201416015625,0.0,0.0
0.0015243520000001176,0.00384521484375,0.0,0.0
0.0024757289999999266,0.00384521484375,0.0,0.0
0.003706065999999897,-0.0029296875,0.0,0.0
0.004523074999999821,-0.0029296875,0.0,0.0
0.005519302999999809,0.00201416015625,0.0,0.0
0.006482994999999825,0.00018310546875,0.0,0.0
0.007524334999999827,-0.0029296875,0.0,0.0
0.008530192999999908,-0.0010986328125,0.0,0.0
0.009513384999999985,-0.0010986328125,0.0,0.0
0.010567186999999922,0.00347900390625,0.0029296875,0.0
0.011513453000000062,0.00384521484375,0.0029296875,0.0
0.012467737999999784,0.00531005859375,0.0029296875,0.0
0.013516613999999816,0.00201416015625,0.0029296875,0.0
0.01451430500000006,0.00531005859375,0.0029296875,0.0
0.015473274999999731,0.00018310546875,0.0029296875,0.0
0.016468392999999804,0.00347900390625,0.0029296875,0.0
0.017515990999999786,0.00201416015625,0.0029296875,0.0
0.018515348999999848,0.00714111328125,0.0029296875,0.0
0.019509503999999733,0.00531005859375,0.0029296875,0.0
0.0205201960000001,0.00201416015625,0.0029296875,0.0
0.02151277599999979,0.00531005859375,0.0029296875,0.0
0.022522781999999797,0.00018310546875,0.0029296875,0.0
0.023512473999999894,0.00531005859375,0.0029296875,0.0
0.024507535999999774,0.00531005859375,0.0029296875,0.0
0.025510209000000117,0.00347900390625,0.0029296875,0.0
0.026516586000000064,0.00347900390625,0.0029296875,0.0
0.027460351999999855,0.00201416015625,0.0029296875,0.0
0.028514394999999748,0.00384521484375,0.0029296875,0.0
0.029503994000000144,0.00347900390625,0.0029296875,0.0
0.030547926000000114,0.00018310546875,0.0029296875,0.0
0.031511802999999894,0.00018310546875,0.0029296875,0.0
0.032461790999999796,0.00384521484375,0.0029296875,0.0
0.03370594299999974,0.00018310546875,0.0029296875,0.0
0.03450435900000004,0.00201416015625,0.0029296875,0.0
0.035502365999999785,0.00201416015625,0.0029296875,0.0
0.03646264999999982,0.00347900390625,0.0029296875,0.0
0.03750761899999988,0.00347900390625,0.0029296875,0.0
0.03850181100000016,0.00347900390625,0.0029296875,0.0
0.039507002000000124,0.00201416015625,0.0029296875,0.0
0.04050230499999996,0.00018310546875,0.0029296875,0.0
0.041506699999999785,0.00201416015625,0.0029296875,0.0
0.04245018899999975,0.00531005859375,0.0029296875,0.0
0.04350882399999989,0.00201416015625,0.0029296875,0.0
0.044507663999999725,0.00201416015625,0.0029296875,0.0
0.04550705899999974,0.01043701171875,0.0029296875,0.0
0.04646047299999978,0.00201416015625,0.0029296875,0.0
0.04750805300000005,0.00018310546875,0.0029296875,0.0
0.048503986000000054,0.00347900390625,0.0029296875,0.0
0.04951554800000002,0.00018310546875,0.0029296875,0.0
0.0505022209999999,0.00384521484375,0.0029296875,0.0
0.051497652999999755,0.00201416015625,0.0029296875,0.0
0.05245006799999974,0.00531005859375,0.0029296875,0.0
0.053503054999999744,0.00347900390625,0.0029296875,0.0
0.05450535700000003,0.00531005859375,0.0029296875,0.0
0.05544975299999999,0.00384521484375,0.0029296875,0.0
0.05644933399999985,0.00347900390625,0.0029296875,0.0
0.05750082100000009,-0.0010986328125,0.0029296875,0.0
0.05849804999999986,0.00347900390625,0.0029296875,0.0
0.05949496399999976,-0.0010986328125,0.0029296875,0.0
0.06049402500000012,0.00201416015625,0.0029296875,0.0
0.06149029100000014,0.00347900390625,0.0029296875,0.0
0.062448909,0.00531005859375,0.0029296875,0.0
0.06349684100000008,0.00201416015625,0.0029296875,0.0
0.0644990700000001,0.00201416015625,0.0029296875,0.0
0.06561283399999995,0.00018310546875,0.0029296875,0.0
0.06649630499999981,0.00714111328125,0.0029296875,0.0
0.06749351499999978,0.00201416015625,0.0029296875,0.0
0.06849566899999981,0.00201416015625,0.0029296875,0.0
0.0694993049999999,0.00347900390625,0.0029296875,0.0
0.07050527399999984,0.00201416015625,0.0029296875,0.0
0.07150053999999972,0.00018310546875,0.0029296875,0.0029296875
0.07250097199999983,0.00018310546875,0.0029296875,0.0029296875
0.0734983119999999,0.00201416015625,0.0029296875,0.0029296875
0.07450002200000005,0.00531005859375,0.0029296875,0.0029296875
0.075493158,0.00347900390625,0.0029296875,0.0029296875
0.0765017939999999,0.00201416015625,0.0029296875,0.0029296875
0.07750063399999974,0.00201416015625,0.0029296875,0.0029296875
0.07849506599999989,0.00201416015625,0.0029296875,0.0029296875
0.07949346199999985,0.00347900390625,0.0029296875,0.0029296875
0.08049352399999998,0.00531005859375,0.0029296875,0.0029296875
0.08149466000000016,0.00384521484375,0.0029296875,0.0029296875
0.08249962899999996,0.01043701171875,0.0029296875,0.0029296875
0.08349872799999991,0.00384521484375,0.0029296875,0.0029296875
0.08449254900000014,0.00531005859375,0.0029296875,0.0029296875
0.08549640699999994,0.00531005859375,0.0029296875,0.0029296875
0.08649587699999994,0.00201416015625,0.0029296875,0.0029296875
0.08749329099999992,0.00347900390625,0.0029296875,0.0029296875
0.08849427799999976,-0.0029296875,0.0029296875,0.0029296875
0.08949824799999995,0.00347900390625,0.0029296875,0.0029296875
0.09049988399999975,0.00201416015625,0.0029296875,0.0029296875
0.09150072299999978,0.00531005859375,0.0029296875,0.0029296875
0.09249904499999984,0.00201416015625,0.0029296875,0.0029296875
0.09353823600000011,0.00531005859375,0.0029296875,0.0029296875
0.09454176099999989,0.01043701171875,0.0029296875,0.0029296875
0.09554013699999997,0.00531005859375,0.0029296875,0.0029296875
0.09650281100000013,0.00384521484375,0.0029296875,0.0029296875
0.09748763199999999,0.00677490234375,0.0029296875,0.0029296875
0.09853876800000005,0.00347900390625,0.0029296875,0.0029296875
0.09954062600000002,0.00201416015625,0.0029296875,0.0029296875
0.10053446600000004,0.00201416015625,0.0029296875,0.0029296875
0.10154267599999978,0.00018310546875,0.0029296875,0.0029296875
0.10253866399999989,0.00531005859375,0.0029296875,0.0029296875
0.10353783699999974,0.00531005859375,0.0029296875,0.0029296875
0.10454441700000006,0.00531005859375,0.0029296875,0.0029296875
0.10554255299999982,0.00201416015625,0.0029296875,0.0029296875
0.106539245,0.00531005859375,0.0029296875,0.0029296875
0.10749234399999974,0.00201416015625,0.0029296875,0.0029296875
0.10853938699999999,0.00531005859375,0.0029296875,0.0029296875
0.10953580099999982,0.00201416015625,0.0029296875,0.0029296875
0.11053551100000014,0.00201416015625,0.0029296875,0.0029296875
0.11153288800000016,0.00201416015625,0.0029296875,0.0029296875
0.11248457999999983,0.00531005859375,0.0029296875,0.0029296875
0.11353934499999996,0.00714111328125,0.0029296875,0.0029296875
0.11454192500000016,0.00018310546875,0.0029296875,0.0029296875
0.11553532099999986,0.00018310546875,0.0029296875,0.0029296875
0.11647712399999977,0.00201416015625,0.0029296875,0.0029296875
0.11753475999999985,0.00531005859375,0.0029296875,0.0029296875
0.11852784000000005,0.00201416015625,0.0029296875,0.0029296875
0.11953875400000014,0.0018310546875,0.0029296875,0.0029296875
0.12052929700000004,0.00201416015625,0.0029296875,0.0029296875
0.12152896999999996,0.00201416015625,0.0029296875,0.0029296875
0.12248547700000012,0.00531005859375,0.0029296875,0.0029296875
0.12353596499999986,-0.0029296875,0.0029296875,0.0029296875
0.12453311900000008,0.00677490234375,0.0029296875,0.0029296875
0.12552631099999978,0.00201416015625,0.0029296875,0.0029296875
0.12647902099999975,0.00201416015625,0.0029296875,0.0029296875
0.12752780500000016,0.00018310546875,0.0029296875,0.0029296875
0.12853223699999994,-0.0029296875,0.0029296875,0.0029296875
0.12952922499999975,0.00531005859375,0.0029296875,0.0029296875
0.1305259350000001,0.00201416015625,0.0029296875,0.0029296875
0.13152836800000012,0.00531005859375,0.0029296875,0.0029296875
0.13248002299999984,0.00860595703125,0.0029296875,0.0029296875
0.13353132499999987,0.00531005859375,0.0029296875,0.0029296875
0.1345214239999999,0.00201416015625,0.0029296875,0.0029296875
0.1355219860000001,0.00018310546875,0.0029296875,0.0029296875
0.136517381,0.00531005859375,0.0029296875,0.0029296875
0.13746870300000014,0.00201416015625,0.0029296875,0.0029296875
0.13853107899999983,0.00531005859375,0.0029296875,0.0029296875
0.13953014099999983,0.00347900390625,0.0029296875,0.0029296875
0.14052055500000016,0.00018310546875,0.0029296875,0.0029296875
0.14152322800000006,-0.0010986328125,0.0029296875,0.0029296875
0.1425194190000001,0.00201416015625,0.0029296875,0.0029296875
0.14352924099999997,0.00860595703125,0.0029296875,0.0029296875
0.14452028399999994,0.00201416015625,0.0029296875,0.0029296875
0.14551484599999975,0.00531005859375,0.0029296875,0.0029296875
0.14651935199999988,0.00714111328125,0.0029296875,0.0029296875
0.14752676599999992,0.00384521484375,0.0029296875,0.0029296875
0.14847401400000004,0.00384521484375,0.0029296875,0.0029296875
0.14952290899999987,0.00018310546875,0.0029296875,0.0029296875
0.15051456299999977,0.00531005859375,0.0029296875,0.0029296875
0.15151605099999976,0.00201416015625,0.0029296875,0.0029296875
0.1525172239999999,0.00714111328125,0.0029296875,0.0029296875
0.15352169300000007,0.00201416015625,0.0029296875,0.0029296875
0.15451814399999986,0.00347900390625,0.0029296875,0.0029296875
0.15551678000000013,0.00347900390625,0.0029296875,0.0029296875
0.15651547200000016,-0.00128173828125,0.0029296875,0.0029296875
0.15747233100000013,0.00018310546875,0.0029296875,0.0029296875
0.15851504000000016,0.00201416015625,0.0029296875,0.0029296875
0.15951647300000005,0.00384521484375,0.0029296875,0.0029296875
0.1605107750000001,0.00018310546875,0.0029296875,0.0029296875
0.1615108369999998,0.00201416015625,0.0029296875,0.0029296875
0.16245880700000015,0.00531005859375,0.0029296875,0.0029296875
0.16351090599999996,0.00201416015625,0.0029296875,0.0029296875
0.1645194860000001,0.00018310546875,0.0029296875,0.0029296875
0.16550521500000004,0.00531005859375,0.0029296875,0.0029296875
0.16650833199999981,0.00018310546875,0.0029296875,0.0029296875
0.1674878569999998,0.00201416015625,0.0029296875,0.0029296875
0.1685138450000001,0.00201416015625,0.0029296875,0.0029296875
0.16951114799999978,0.00347900390625,0.0029296875,0.0029296875
0.1705677269999999,0.00201416015625,0.0029296875,0.0029296875
0.17150630899999975,0.00201416015625,0.0029296875,0.0029296875
0.17250549999999976,0.00347900390625,0.0029296875,0.0029296875
0.173511081,0.00714111328125,0.0029296875,0.0029296875
0.17451332799999975,0.00201416015625,0.0029296875,0.0029296875
0.1755099269999998,0.00531005859375,0.0029296875,0.0029296875
0.1765044699999998,0.00531005859375,0.0029296875,0.0029296875
0.17745064399999988,0.00347900390625,0.0029296875,0.0029296875
0.17850590900000007,0.00201416015625,0.0029296875,0.0029296875
0.17950948899999997,-0.0010986328125,0.0029296875,0.0029296875
0.18050279199999997,0.00347900390625,0.0029296875,0.0029296875
0.18149887299999978,-0.00128173828125,0.0029296875,0.0029296875
0.18250023100000012,0.00018310546875,0.0029296875,0.0029296875
0.18350686699999974,0.00531005859375,0.0029296875,0.0029296875
0.18449974400000002,0.00018310546875,0.0029296875,0.0029296875
0.18550532399999975,0.00201416015625,0.0029296875,0.0029296875
0.18650270099999977,0.00384521484375,0.0029296875,0.0029296875
0.18745415199999993,0.00201416015625,0.0029296875,0.0029296875
0.18850343599999997,0.00201416015625,0.0029296875,0.0029296875
0.18949999800000006,0.00201416015625,0.0029296875,0.0029296875
0.19050187399999974,0.00201416015625,0.0029296875,0.0029296875
0.19149719599999981,0.00201416015625,0.0029296875,0.0029296875
0.19244655500000007,0.00714111328125,0.0029296875,0.0029296875
0.19350255999999977,0.00018310546875,0.0029296875,0.0029296875
0.19449962199999993,0.00531005859375,0.0029296875,0.0029296875
0.19549574000000014,0.00201416015625,0.0029296875,0.0029296875
0.1964936169999998,0.00201416015625,0.0029296875,0.0029296875
0.1974501609999999,0.00531005859375,0.0029296875,0.0029296875
0.1984989439999998,0.00018310546875,0.0029296875,0.0029296875
0.19949607999999985,0.00531005859375,0.0029296875,0.0029296875
0.2005047900000001,0.00018310546875,0.0029296875,0.0029296875
0.2014958710000001,0.00384521484375,0.0029296875,0.0029296875
0.2024481549999999,0.00347900390625,0.0029296875,0.0029296875
0.203684215,0.00018310546875,0.0029296875,0.0029296875
0.2044898530000001,0.00347900390625,0.0029296875,0.0029296875
0.20549167400000012,0.00714111328125,0.0029296875,0.0029296875
0.20649573599999993,0.00018310546875,0.0029296875,0.0029296875
0.20749496499999998,0.00531005859375,0.0029296875,0.0029296875
0.20850074900000015,0.00531005859375,0.0029296875,0.0029296875
0.20950079200000005,-0.0029296875,0.0029296875,0.0029296875
0.21049611300000004,0.00347900390625,0.0029296875,0.0029296875
0.21149349000000006,0.00531005859375,0.0029296875,0.0029296875
0.21249890399999982,0.00201416015625,0.0029296875,0.0029296875
0.21349824400000017,0.00201416015625,0.0029296875,0.0029296875
0.21449958299999983,0.00531005859375,0.0029296875,0.0029296875
0.21549660800000003,0.00714111328125,0.0029296875,0.0029296875
0.21649781800000012,-0.0029296875,0.0029296875,0.0029296875
0.21749126899999993,0.00201416015625,0.0029296875,0.0029296875
0.2184985720000001,0.00018310546875,0.0029296875,0.0029296875
0.21949306000000002,-0.0010986328125,0.0029296875,0.0029296875
0.2204929550000001,0.00531005859375,0.0029296875,0.0029296875
0.22149123900000012,0.00201416015625,0.0029296875,0.0029296875
0.2224964680000001,0.00531005859375,0.0029296875,0.0029296875
0.22349947400000003,0.00018310546875,0.0029296875,0.0029296875
0.22449166600000003,0.00201416015625,0.0029296875,0.0029296875
0.22550983899999988,0.00531005859375,0.0029296875,0.0029296875
0.22649441899999978,0.00347900390625,0.0029296875,0.0029296875
0.22749181500000004,0.00531005859375,0.0029296875,0.0029296875
0.22848824700000003,0.00201416015625,0.0029296875,0.0029296875
0.22949153099999986,0.00201416015625,0.0029296875,0.0029296875
0.23049633400000014,0.00531005859375,0.0029296875,0.0029296875
0.23149422899999994,0.00531005859375,0.0029296875,0.0029296875
0.23248723599999987,0.00201416015625,0.0029296875,0.0029296875
0.23349027899999975,0.00384521484375,0.0029296875,0.0029296875
0.234543081,0.00201416015625,0.0029296875,0.0029296875
0.23554397599999977,0.00201416015625,0.0029296875,0.0029296875
0.23649596500000003,0.00018310546875,0.0029296875,0.0029296875
0.23753687799999978,0.00347900390625,0.0029296875,0.0029296875
0.23855144000000017,0.00384521484375,0.0029296875,0.0029296875
0.23954381699999994,0.00018310546875,0.0029296875,0.0029296875
0.24054006400000016,0.00531005859375,0.0029296875,0.0029296875
0.24153708899999993,0.00201416015625,0.0029296875,0.0029296875
0.24248976199999994,0.00018310546875,0.0029296875,0.0029296875
0.24354465700000016,0.00201416015625,0.0029296875,0.0029296875
0.24453640399999976,0.00201416015625,0.0029296875,0.0029296875
0.24554068800000017,0.00531005859375,0.0029296875,0.0029296875
0.24649128800000009,0.00018310546875,0.0029296875,0.0029296875
0.2475412939999999,0.00201416015625,0.0029296875,0.0029296875
0.2485388930000001,0.00201416015625,0.0029296875,0.0029296875
0.2495392139999999,0.00018310546875,0.0029296875,0.0029296875
0.25054079399999996,0.00201416015625,0.0029296875,0.0029296875
0.2515319859999998,0.00201416015625,0.0029296875,0.0029296875
0.25248740000000014,0.00201416015625,0.0029296875,0.0029296875
0.25353138799999986,0.00201416015625,0.0029296875,0.0029296875
0.25453500500000015,0.00531005859375,0.0029296875,0.0029296875
0.2555843809999998,0.00054931640625,0.0029296875,0.0029296875
0.256491037,0.00018310546875,0.0029296875,0.0029296875
0.2575345429999998,0.00531005859375,0.0029296875,0.0029296875
0.25853251199999994,0.00347900390625,0.0029296875,0.0029296875
0.259525574,0.00201416015625,0.0029296875,0.0029296875
0.2605329140000001,0.00018310546875,0.0029296875,0.0029296875
0.26152884600000004,0.00531005859375,0.0029296875,0.0029296875
0.26248035299999994,0.00201416015625,0.0029296875,0.0029296875
0.26353230299999986,0.00531005859375,0.0029296875,0.0029296875
0.26453143899999976,0.00018310546875,0.0029296875,0.0029296875
0.2654846690000001,0.00018310546875,0.0029296875,0.0029296875
0.2664783420000001,0.00201416015625,0.0029296875,0.0029296875
0.267530496,0.00531005859375,0.0029296875,0.0029296875
0.26853052099999974,0.00201416015625,0.0029296875,0.0029296875
0.2695320830000001,0.00018310546875,0.0029296875,0.0029296875
0.2705273479999999,0.00201416015625,0.0029296875,0.0029296875
0.27152391,0.00860595703125,0.0029296875,0.0029296875
0.2724813249999998,0.00201416015625,0.0029296875,0.0029296875
0.2735324779999999,0.00018310546875,0.0029296875,0.0029296875
0.27451748500000006,0.00347900390625,0.0029296875,0.0029296875
0.27557354599999995,0.00384521484375,0.0029296875,0.0029296875
0.27648136899999987,0.00384521484375,0.0029296875,0.0029296875
0.277529967,0.00018310546875,0.0029296875,0.0029296875
0.27852462199999994,-0.0010986328125,0.0029296875,0.0029296875
0.2795220540000001,0.00347900390625,0.0029296875,0.0029296875
0.28052307899999995,0.00201416015625,0.0029296875,0.0029296875
0.28151991899999995,0.00860595703125,0.0029296875,0.0029296875
0.28247411099999997,0.00201416015625,0.0029296875,0.0029296875
0.283522987,0.00201416015625,0.0029296875,0.0029296875
0.28452317800000015,0.00201416015625,0.0029296875,0.0029296875
0.2855182030000001,0.00531005859375,0.0029296875,0.0029296875
0.28646870999999985,0.00201416015625,0.0029296875,0.0029296875
0.2875174010000001,0.00018310546875,0.0029296875,0.0029296875
0.28852568499999975,0.00018310546875,0.0029296875,0.0029296875
0.2895241359999998,0.00018310546875,0.0029296875,0.0029296875
0.29051553200000013,0.00201416015625,0.0029296875,0.0029296875
0.291523094,0.00714111328125,0.0029296875,0.0029296875
0.2924621009999999,0.00531005859375,0.0029296875,0.0029296875
0.2935306619999998,0.00384521484375,0.0029296875,0.0029296875
0.2945239649999998,0.00860595703125,0.0029296875,0.0029296875
0.295515897,0.00531005859375,0.0029296875,0.0029296875
0.29646183000000015,0.00714111328125,0.0029296875,0.0029296875
0.2974693180000001,0.00018310546875,0.0029296875,0.0029296875
0.2985146570000001,0.00201416015625,0.0029296875,0.0029296875
0.29951273700000014,0.00201416015625,0.0029296875,0.0029296875
0.30051465099999985,0.00018310546875,0.0029296875,0.0029296875
0.30151012099999974,0.00201416015625,0.0029296875,0.0029296875
0.3024638679999998,0.00531005859375,0.0029296875,0.0029296875
0.3037027050000001,0.00347900390625,0.0029296875,0.0029296875
0.30451425100000007,0.00347900390625,0.0029296875,0.0029296875
0.30551492400000013,0.00201416015625,0.0029296875,0.0029296875
0.3065127080000001,0.00018310546875,0.0029296875,0.0029296875
0.30745978900000015,-0.0010986328125,0.0029296875,0.0029296875
0.3085112579999998,-0.0029296875,0.0029296875,0.0029296875
0.3095042640000001,0.00201416015625,0.0029296875,0.0029296875
0.3105106040000001,0.00201416015625,0.0029296875,0.0029296875
0.3115013329999998,0.00201416015625,0.0029296875,0.0029296875
0.312464136,0.00384521484375,0.0029296875,0.0029296875
0.313700399,0.00201416015625,0.0029296875,0.0029296875
0.3145038520000001,0.00347900390625,0.0029296875,0.0029296875
0.31549852499999975,0.00714111328125,0.0029296875,0.0029296875
0.31645871700000017,0.00531005859375,0.0029296875,0.0029296875
0.31750562999999987,0.00201416015625,0.0029296875,0.0029296875
0.3185147480000001,0.00201416015625,0.0029296875,0.0029296875
0.31950630999999996,0.00531005859375,0.0029296875,0.0029296875
0.3205093899999998,0.00531005859375,0.0029296875,0.0029296875
0.3215003969999999,0.00201416015625,0.0029296875,0.0029296875
0.322462126,0.00531005859375,0.0029296875,0.0029296875
0.3235048909999998,0.00347900390625,0.0029296875,0.0029296875
0.32451152699999986,0.00201416015625,0.0029296875,0.0029296875
0.32549864400000006,0.00714111328125,0.0029296875,0.0029296875
0.3264545590000001,0.00384521484375,0.0029296875,0.0029296875
0.3275030459999999,0.00347900390625,0.0029296875,0.0029296875
0.328498164,0.00201416015625,0.0029296875,0.0029296875
0.329497763,0.00018310546875,0.0029296875,0.0029296875
0.33049902799999975,0.00201416015625,0.0029296875,0.0029296875
0.331496016,0.00201416015625,0.0029296875,0.0029296875
0.33245004200000006,0.00531005859375,0.0029296875,0.0029296875
0.33349771399999995,0.00531005859375,0.0029296875,0.0029296875
0.33449738699999987,0.00201416015625,0.0029296875,0.0029296875
0.33549583799999994,0.00531005859375,0.0029296875,0.0029296875
0.336452215,0.00018310546875,0.0029296875,0.0029296875
0.3375025169999999,0.00201416015625,0.0029296875,0.0029296875
0.3384973389999999,0.00860595703125,0.0029296875,0.0029296875
0.3394950670000001,0.00201416015625,0.0029296875,0.0029296875
0.34049307399999984,0.00201416015625,0.0029296875,0.0029296875
0.3414963580000001,0.00018310546875,0.0029296875,0.0029296875
0.3424444389999999,0.00531005859375,0.0029296875,0.0029296875
0.3434994630000001,0.00201416015625,0.0029296875,0.0029296875
0.3444916550000001,0.00201416015625,0.0029296875,0.0029296875
0.3454907349999998,0.00201416015625,0.0029296875,0.0029296875
0.34649385300000013,0.00201416015625,0.0029296875,0.0029296875
0.34749293299999984,0.00201416015625,0.0029296875,0.0029296875
0.34849251400000014,0.00531005859375,0.0029296875,0.0029296875
0.34950252000000015,-0.00128173828125,0.0029296875,0.0029296875
0.3505478219999998,0.00201416015625,0.0029296875,0.0029296875
0.35150319900000015,0.00018310546875,0.0029296875,0.0029296875
0.352492539,0.00714111328125,0.0029296875,0.0029296875
0.35349113799999987,0.00018310546875,0.0029296875,0.0029296875
0.35449260800000015,0.00018310546875,0.0029296875,0.0029296875
0.3554876509999998,0.00531005859375,0.0029296875,0.0029296875
0.3564876570000002,0.00201416015625,0.0029296875,0.0029296875
0.35749092299999985,0.00201416015625,0.0029296875,0.0029296875
0.35849870699999986,0.00018310546875,0.0029296875,0.0029296875
0.3594947689999999,0.00054931640625,0.0029296875,0.0029296875
0.3604917200000002,0.00347900390625,0.0029296875,0.0029296875
0.3614953000000001,0.00018310546875,0.0029296875,0.0029296875
0.3624909179999998,0.00201416015625,0.0029296875,0.0029296875
0.36349427599999995,0.00201416015625,0.0029296875,0.0029296875
0.364492968,0.00018310546875,0.0029296875,0.0029296875
0.365494215,0.00531005859375,0.0029296875,0.0029296875
0.36649740600000014,0.00018310546875,0.0029296875,0.0029296875
0.3674929680000001,0.00531005859375,0.0029296875,0.0029296875
0.368486549,0.00860595703125,0.0029296875,0.0029296875
0.36948985200000006,0.00201416015625,0.0029296875,0.0029296875
0.3704938580000001,0.00201416015625,0.0029296875,0.0029296875
0.3714942899999998,0.00860595703125,0.0029296875,0.0029296875
0.37249390800000004,0.00018310546875,0.0029296875,0.0029296875
0.3734930809999999,0.00018310546875,0.0029296875,0.0029296875
0.3745457349999999,0.00201416015625,0.0029296875,0.0029296875
0.3756504810000001,0.00531005859375,0.0029296875,0.0029296875
0.37649334099999976,0.00531005859375,0.0029296875,0.0029296875
0.377490903,0.00531005859375,0.0029296875,0.0029296875
0.3785406309999999,0.00201416015625,0.0029296875,0.0029296875
0.379539007,-0.0010986328125,0.0029296875,0.0029296875
0.38053990299999985,0.00054931640625,0.0029296875,0.0029296875
0.3815400389999999,0.00347900390625,0.0029296875,0.0029296875
0.3824956749999999,0.00018310546875,0.0029296875,0.0029296875
0.3835436259999998,0.00018310546875,0.0029296875,0.0029296875
0.3845368539999998,0.00531005859375,0.0029296875,0.0029296875
0.385494306,0.00531005859375,0.0029296875,0.0029296875
0.386487405,0.00531005859375,0.0029296875,0.0029296875
0.3875360400000001,0.00531005859375,0.0029296875,0.0029296875
0.388537232,0.00201416015625,0.0029296875,0.0029296875
0.3895360339999998,0.00677490234375,0.0029296875,0.0029296875
0.390534041,0.00201416015625,0.0029296875,0.0029296875
0.3915333059999999,0.00531005859375,0.0029296875,0.0029296875
0.3924820539999998,-0.0010986328125,0.0029296875,0.0029296875
0.3935469669999998,0.00018310546875,0.0029296875,0.0029296875
0.3945394740000001,0.00018310546875,0.0029296875,0.0029296875
0.39553416499999994,0.00384521484375,0.0029296875,0.0029296875
0.3964795059999999,0.00714111328125,0.0029296875,0.0029296875
0.39753623399999993,0.00018310546875,0.0029296875,0.0029296875
0.39853387000000007,0.00201416015625,0.0029296875,0.0029296875
0.3995294870000001,0.00714111328125,0.0029296875,0.0029296875
0.40053516,0.00384521484375,0.0029296875,0.0029296875
0.40152775899999993,0.00201416015625,0.0029296875,0.0029296875
0.4024872479999999,0.00018310546875,0.0029296875,0.0029296875
0.403718381,0.00531005859375,0.0029296875,0.0029296875
0.4045317599999998,0.00018310546875,0.0029296875,0.0029296875
0.405532692,0.00531005859375,0.0029296875,0.0029296875
0.40652610599999983,0.00531005859375,0.0029296875,0.0029296875
0.407492317,0.00384521484375,0.0029296875,0.0029296875
0.4085342299999999,0.00201416015625,0.0029296875,0.0029296875
0.4095260700000001,0.00201416015625,0.0029296875,0.0029296875
0.41052551999999976,0.00347900390625,0.0029296875,0.0029296875
0.4115241749999998,0.00531005859375,0.0029296875,0.0029296875
0.4125265520000001,0.00347900390625,0.0029296875,0.0029296875
0.41352727999999983,0.00531005859375,0.0029296875,0.0029296875
0.4145272310000001,0.00201416015625,0.0029296875,0.0029296875
0.41562094000000016,0.00531005859375,0.0029296875,0.0029296875
0.4165210400000001,0.00201416015625,0.0029296875,0.0029296875
0.4174719549999999,0.00201416015625,0.0029296875,0.0029296875
0.418527294,0.00018310546875,0.0029296875,0.0029296875
0.41952070799999985,0.00347900390625,0.0029296875,0.0029296875
0.4205229359999998,0.00384521484375,0.0029296875,0.0029296875
0.42152988700000016,0.00201416015625,0.0029296875,0.0029296875
0.42247511599999976,0.00018310546875,0.0029296875,0.0029296875
0.42351851100000015,0.00201416015625,0.0029296875,0.0029296875
0.424521629,0.00347900390625,0.0029296875,0.0029296875
0.42551407900000005,0.00531005859375,0.0029296875,0.0029296875
0.42651306700000013,0.00201416015625,0.0029296875,0.0029296875
0.42746774100000007,0.00201416015625,0.0029296875,0.0029296875
0.428528043,0.00531005859375,0.0029296875,0.0029296875
0.4295235489999998,0.00531005859375,0.0029296875,0.0029296875
0.4305538150000001,0.00531005859375,0.0029296875,0.0029296875
0.4315143579999998,0.00201416015625,0.0029296875,0.0029296875
0.4324662359999998,0.00531005859375,0.0029296875,0.0029296875
0.43351874199999996,0.00347900390625,0.0029296875,0.0029296875
0.4345204699999998,0.00018310546875,0.0029296875,0.0029296875
0.43551573600000015,0.00714111328125,0.0029296875,0.0029296875
0.43651246499999985,0.00347900390625,0.0029296875,0.0029296875
0.43747343400000016,0.00018310546875,0.0029296875,0.0029296875
0.438516237,0.00347900390625,0.0029296875,0.0029296875
0.4395187799999998,0.00201416015625,0.0029296875,0.0029296875
0.44051785999999993,0.00384521484375,0.0029296875,0.0029296875
0.4415050890000001,0.00677490234375,0.0029296875,0.0029296875
0.44246209599999986,0.00201416015625,0.0029296875,0.0029296875
0.4435096569999999,0.00531005859375,0.0029296875,0.0029296875
0.4445095339999998,0.00201416015625,0.0029296875,0.0029296875
0.44550554100000017,0.01043701171875,0.0029296875,0.0029296875
0.446508954,0.00531005859375,0.0029296875,0.0029296875
0.44745975799999993,0.00531005859375,0.0029296875,0.0029296875
0.44851078200000005,0.00201416015625,0.0029296875,0.0029296875
0.4495094370000001,0.00531005859375,0.0029296875,0.0029296875
0.4505077759999998,0.00531005859375,0.0029296875,0.0029296875
0.4515065599999999,0.00531005859375,0.0029296875,0.0029296875
0.4525071409999999,0.00347900390625,0.0029296875,0.0029296875
0.4535069250000001,0.00201416015625,0.0029296875,0.0029296875
0.45450733900000007,0.00201416015625,0.0029296875,0.0029296875
0.45560593700000007,0.00531005859375,0.0029296875,0.0029296875
0.45651351799999995,0.00531005859375,0.0029296875,0.0029296875
0.45746611800000014,0.00531005859375,0.0029296875,0.0029296875
0.45850582699999975,0.00018310546875,0.0029296875,0.0029296875
0.45950900000000017,0.00201416015625,0.0029296875,0.0029296875
0.4605037849999998,-0.0010986328125,0.0029296875,0.0029296875
0.46150699500000014,0.00018310546875,0.0029296875,0.0029296875
0.4624553539999998,0.00201416015625,0.0029296875,0.0029296875
0.46350447000000017,0.00531005859375,0.0029296875,0.0029296875
0.46450262500000017,0.00201416015625,0.0029296875,0.0029296875
0.4655029829999999,0.00531005859375,0.0029296875,0.0029296875
0.466499416,0.00201416015625,0.0029296875,0.0029296875
0.4674446080000001,0.00347900390625,0.0029296875,0.0029296875
0.46850340999999984,0.00201416015625,0.0029296875,0.0029296875
0.46950267499999976,0.00384521484375,0.0029296875,0.0029296875
0.4705010519999999,0.00384521484375,0.0029296875,0.0029296875
0.47149787399999976,0.00531005859375,0.0029296875,0.0029296875
0.4725036949999999,0.00201416015625,0.0029296875,0.0029296875
0.47350390499999984,0.00531005859375,0.0029296875,0.0029296875
0.4744993929999999,0.00347900390625,0.0029296875,0.0029296875
0.47550143600000006,0.00531005859375,0.0029296875,0.0029296875
0.47651931299999983,-0.00128173828125,0.0029296875,0.0029296875
0.47745159800000003,0.00384521484375,0.0029296875,0.0029296875
0.4784963069999999,0.00201416015625,0.0029296875,0.0029296875
0.47949253599999997,0.00531005859375,0.0029296875,0.0029296875
0.48049609800000015,-0.0029296875,0.0029296875,0.0029296875
0.48149549300000016,0.00201416015625,0.0029296875,0.0029296875
0.482445389,0.00531005859375,0.0029296875,0.0029296875
0.4836781330000002,-0.00457763671875,0.0029296875,0.0029296875
0.484491679,0.00201416015625,0.0029296875,0.0029296875
0.48548953699999986,0.00347900390625,0.0029296875,0.0029296875
0.48649767300000013,0.00531005859375,0.0029296875,0.0029296875
0.4874907350000002,0.00714111328125,0.0029296875,0.0029296875
0.4884936299999998,0.00018310546875,0.0029296875,0.0029296875
0.48949415500000004,0.00018310546875,0.0029296875,0.0029296875
0.4905002729999999,0.00384521484375,0.0029296875,0.0029296875
0.4914922050000001,0.00201416015625,0.0029296875,0.0029296875
0.4924913969999998,0.00531005859375,0.0029296875,0.0029296875
0.49349329200000014,0.00531005859375,0.0029296875,0.0029296875
0.49449518700000006,0.00201416015625,0.0029296875,0.0029296875
0.4954918049999999,0.00201416015625,0.0029296875,0.0029296875
0.4964926439999999,0.00201416015625,0.0029296875,0.0029296875
0.49748890999999995,0.00201416015625,0.0029296875,0.0029296875
0.4984936389999999,0.00201416015625,0.0029296875,0.0029296875
0.4994930339999999,0.00860595703125,0.0029296875,0.0029296875
0.500494003,0.00018310546875,0.0029296875,0.0029296875
0.5014931580000002,0.00018310546875,0.0029296875,0.0029296875
0.5024946830000001,-0.0010986328125,0.0029296875,0.0029296875
0.5035030040000001,0.00531005859375,0.0029296875,0.0029296875
0.5044895839999999,0.00347900390625,0.0029296875,0.0029296875
0.5054936830000001,0.00531005859375,0.0029296875,0.0029296875
0.5065018929999998,0.00384521484375,0.0029296875,0.0029296875
0.5074904739999999,0.00201416015625,0.0029296875,0.0029296875
0.5084949619999999,0.00531005859375,0.0029296875,0.0029296875
0.509492839,0.00201416015625,0.0029296875,0.0029296875
0.5105106409999998,0.0018310546875,0.0029296875,0.0029296875
0.511487185,0.00860595703125,0.0029296875,0.0029296875
0.5124850620000001,0.00201416015625,0.0029296875,0.0029296875
0.513487327,0.00531005859375,0.0029296875,0.0029296875
0.5145443329999999,0.00201416015625,0.0029296875,0.0029296875
0.515491747,0.00531005859375,0.0029296875,0.0029296875
0.5164905499999999,0.00531005859375,0.0029296875,0.0029296875
0.5175375739999999,0.01043701171875,0.0029296875,0.0029296875
0.518543025,0.00384521484375,0.0029296875,0.0029296875
0.5195589759999999,0.00018310546875,0.0029296875,0.0029296875
0.520542168,0.00384521484375,0.0029296875,0.0029296875
0.5215409520000001,0.00531005859375,0.0029296875,0.0029296875
0.5224881250000002,0.00201416015625,0.0029296875,0.0029296875
0.5235386310000001,0.00201416015625,0.0029296875,0.0029296875
0.5245345079999999,0.00201416015625,0.0029296875,0.0029296875
0.5254814780000001,-0.0010986328125,0.0029296875,0.0029296875
0.526488466,0.00384521484375,0.0029296875,0.0029296875
0.52753512,-0.0029296875,0.0029296875,0.0029296875
0.5285316259999999,0.00201416015625,0.0029296875,0.0029296875
0.529533077,0.00201416015625,0.0029296875,0.0029296875
0.5305338430000002,0.00531005859375,0.0029296875,0.0029296875
0.5315350899999998,0.00018310546875,0.0029296875,0.0029296875
0.5324888369999998,0.00347900390625,0.0029296875,0.0029296875
0.5335321770000001,0.00531005859375,0.0029296875,0.0029296875
0.5345319420000001,0.00347900390625,0.0029296875,0.0029296875
0.5355842069999999,0.00018310546875,0.0029296875,0.0029296875
0.5364811409999999,0.00018310546875,0.0029296875,0.0029296875
0.5375283500000001,0.00201416015625,0.0029296875,0.0029296875
0.5385388199999999,-0.0029296875,0.0029296875,0.0029296875
0.539525437,0.00531005859375,0.0029296875,0.0029296875
0.5405306469999998,0.00347900390625,0.0029296875,0.0029296875
0.541530598,0.00201416015625,0.0029296875,0.0029296875
0.5424838830000001,0.00384521484375,0.0029296875,0.0029296875
0.543535833,0.00018310546875,0.0029296875,0.0029296875
0.544527617,0.00531005859375,0.0029296875,0.0029296875
0.5455243269999999,0.00531005859375,0.0029296875,0.0029296875
0.5464803159999998,0.00384521484375,0.0029296875,0.0029296875
0.5474833590000001,0.00018310546875,0.0029296875,0.0029296875
0.5485286980000001,0.00714111328125,0.0029296875,0.0029296875
0.5495250569999999,0.00201416015625,0.0029296875,0.0029296875
0.5505259329999999,0.00531005859375,0.0029296875,0.0029296875
0.5515223470000001,0.00714111328125,0.0029296875,0.0029296875
0.5525199089999999,0.00531005859375,0.0029296875,0.0029296875
0.5535184709999998,0.00201416015625,0.0029296875,0.0029296875
0.554528033,0.00531005859375,0.0029296875,0.0029296875
0.5555247620000001,0.00714111328125,0.0029296875,0.0029296875
0.5565235639999999,0.00018310546875,0.0029296875,0.0029296875
0.5574786820000002,0.00384521484375,0.0029296875,0.0029296875
0.5585282070000002,0.00347900390625,0.0029296875,0.0029296875
0.559519973,-0.0010986328125,0.0029296875,0.0029296875
0.560604552,0.00054931640625,0.0029296875,0.0029296875
0.561519337,0.00860595703125,0.0029296875,0.0029296875
0.5624710290000001,0.00531005859375,0.0029296875,0.0029296875
0.5637054589999999,0.00201416015625,0.0029296875,0.0029296875
0.5645235409999998,0.00531005859375,0.0029296875,0.0029296875
0.5655244919999998,0.00531005859375,0.0029296875,0.0029296875
0.5665167210000002,0.00531005859375,0.0029296875,0.0029296875
0.567462709,0.00531005859375,0.0029296875,0.0029296875
0.568523141,0.00531005859375,0.0029296875,0.0029296875
0.569519777,-0.0029296875,0.0029296875,0.0029296875
0.5705189499999999,0.00018310546875,0.0029296875,0.0029296875
0.57151416,0.00677490234375,0.0029296875,0.0029296875
0.5725186849999999,0.00201416015625,0.0029296875,0.0029296875
0.5735218209999999,0.00201416015625,0.0029296875,0.0029296875
0.5745250679999998,0.00347900390625,0.0029296875,0.0029296875
0.5755157230000001,0.00714111328125,0.0029296875,0.0029296875
0.5765157109999999,0.00347900390625,0.0029296875,0.0029296875
0.5774619030000001,0.00347900390625,0.0029296875,0.0029296875
0.5785139269999999,0.00714111328125,0.0029296875,0.0029296875
0.579511434,0.00201416015625,0.0029296875,0.0029296875
0.5805143849999999,0.00018310546875,0.0029296875,0.0029296875
0.5815065210000001,0.00714111328125,0.0029296875,0.0029296875
0.5824673049999998,0.00347900390625,0.0029296875,0.0029296875
0.583701772,0.00531005859375,0.0029296875,0.0029296875
0.584508799,0.00347900390625,0.0029296875,0.0029296875
0.5855078049999998,0.00677490234375,0.0029296875,0.0029296875
0.58645959,0.00347900390625,0.0029296875,0.0029296875
0.5875111510000002,0.00714111328125,0.0029296875,0.0029296875
0.5885150100000001,0.00201416015625,0.0029296875,0.0029296875
0.589508479,0.00201416015625,0.0029296875,0.0029296875
0.5905115780000001,0.00531005859375,0.0029296875,0.0029296875
0.5915184550000001,0.00018310546875,0.0029296875,0.0029296875
0.5924499430000001,0.00201416015625,0.0029296875,0.0029296875
0.593513653,0.00201416015625,0.0029296875,0.0029296875
0.5945085479999999,0.00018310546875,0.0029296875,0.0029296875
0.595505314,0.00714111328125,0.0029296875,0.0029296875
0.596460821,0.00347900390625,0.0029296875,0.0029296875
0.597508012,0.0018310546875,0.0029296875,0.0029296875
0.5985044259999999,0.00201416015625,0.0029296875,0.0029296875
0.5995142279999999,0.00018310546875,0.0029296875,0.0029296875
0.6005103269999998,0.00531005859375,0.0029296875,0.0029296875
0.6014988520000002,0.00347900390625,0.0029296875,0.0029296875
0.6024565439999998,0.00531005859375,0.0029296875,0.0029296875
0.603502846,0.00201416015625,0.0029296875,0.0029296875
0.6045041489999998,0.00018310546875,0.0029296875,0.0029296875
0.6054978219999998,0.00201416015625,0.0029296875,0.0029296875
0.606457255,0.00018310546875,0.0029296875,0.0029296875
0.6074999650000001,0.00201416015625,0.0029296875,0.0029296875
0.6085046749999998,0.00201416015625,0.0029296875,0.0029296875
0.6095042739999998,0.00531005859375,0.0029296875,0.0029296875
0.6105012240000001,0.00201416015625,0.0029296875,0.0029296875
0.611499249,0.00018310546875,0.0029296875,0.0029296875
0.6124463119999999,0.00201416015625,0.0029296875,0.0029296875
0.6135010579999998,0.00201416015625,0.0029296875,0.0029296875
0.614493435,0.00531005859375,0.0029296875,0.0029296875
0.615489497,0.00347900390625,0.0029296875,0.0029296875
0.616454708,0.00384521484375,0.0029296875,0.0029296875
0.6174960289999998,0.00531005859375,0.0029296875,0.0029296875
0.6184953310000001,0.00201416015625,0.0029296875,0.0029296875
0.6194929299999998,0.00201416015625,0.0029296875,0.0029296875
0.6204923440000001,0.00201416015625,0.0029296875,0.0029296875
0.6214946279999998,0.00018310546875,0.0029296875,0.0029296875
0.6224503760000002,0.00018310546875,0.0029296875,0.0029296875
0.6234952520000001,0.00531005859375,0.0029296875,0.0029296875
0.624492944,0.00714111328125,0.0029296875,0.0029296875
0.6254938939999999,0.00018310546875,0.0029296875,0.0029296875
0.6264968820000001,0.00018310546875,0.0029296875,0.0029296875
0.6274868520000001,0.00531005859375,0.0029296875,0.0029296875
0.6284850249999998,0.00347900390625,0.0029296875,0.0029296875
0.6294943270000002,0.00018310546875,0.0029296875,0.0029296875
0.6304981120000002,0.00347900390625,0.0029296875,0.0029296875
0.6314914140000001,-0.0010986328125,0.0029296875,0.0029296875
0.632493921,0.00531005859375,0.0029296875,0.0029296875
0.6334961680000002,0.00018310546875,0.0029296875,0.0029296875
0.6344930999999998,0.00347900390625,0.0029296875,0.0029296875
0.6354999029999999,0.00531005859375,0.0029296875,0.0029296875
0.6364931500000002,0.00018310546875,0.0029296875,0.0029296875
0.6374839529999998,0.00531005859375,0.0029296875,0.0029296875
0.6384931260000002,0.00531005859375,0.0029296875,0.0029296875
0.6394906690000002,0.00201416015625,0.0029296875,0.0029296875
0.6404896390000001,0.00347900390625,0.0029296875,0.0029296875
0.6414949409999999,0.00531005859375,0.0029296875,0.0029296875
0.6424874850000002,0.00201416015625,0.0029296875,0.0029296875
0.6434963800000002,0.00347900390625,0.0029296875,0.0029296875
0.6444881090000001,0.00714111328125,0.0029296875,0.0029296875
0.6454910959999998,0.00531005859375,0.0029296875,0.0029296875
0.6464917140000002,0.00201416015625,0.0029296875,0.0029296875
0.6475017940000001,0.00018310546875,0.0029296875,0.0029296875
0.6484980409999999,0.00531005859375,0.0029296875,0.0029296875
0.6494926219999999,0.00347900390625,0.0029296875,0.0029296875
0.650497036,0.00018310546875,0.0029296875,0.0029296875
0.6514893380000002,0.00201416015625,0.0029296875,0.0029296875
0.6524853629999998,0.00201416015625,0.0029296875,0.0029296875
0.6534846110000001,0.00860595703125,0.0029296875,0.0029296875
0.654485561,0.00201416015625,0.0029296875,0.0029296875
0.6555262709999998,0.00018310546875,0.0029296875,0.0029296875
0.6565079260000002,0.00384521484375,0.0029296875,0.0029296875
0.6575414500000001,0.00384521484375,0.0029296875,0.0029296875
0.6585411969999999,0.00531005859375,0.0029296875,0.0029296875
0.6595365370000001,0.00531005859375,0.0029296875,0.0029296875
0.660540766,0.00018310546875,0.0029296875,0.0029296875
0.661536865,0.00531005859375,0.0029296875,0.0029296875
0.6624879089999998,0.00531005859375,0.0029296875,0.0029296875
0.6637263939999998,0.00531005859375,0.0029296875,0.0029296875
0.6645350689999998,0.00201416015625,0.0029296875,0.0029296875
0.6655299829999999,0.00531005859375,0.0029296875,0.0029296875
0.6665372669999998,0.00201416015625,0.0029296875,0.0029296875
0.6674813670000002,0.00201416015625,0.0029296875,0.0029296875
0.6685392060000002,0.00531005859375,0.0029296875,0.0029296875
0.669537805,0.00018310546875,0.0029296875,0.0029296875
0.6705356259999999,0.00201416015625,0.0029296875,0.0029296875
0.6715316690000002,0.00201416015625,0.0029296875,0.0029296875
0.6724776019999998,0.00201416015625,0.0029296875,0.0029296875
0.6737187539999998,0.00018310546875,0.0029296875,0.0029296875
0.6745356889999998,0.00018310546875,0.0029296875,0.0029296875
0.6755314910000001,0.00201416015625,0.0029296875,0.0029296875
0.6765283119999999,0.00201416015625,0.0029296875,0.0029296875
0.677479301,0.00201416015625,0.0029296875,0.0029296875
0.6785324730000002,-0.00128173828125,0.0029296875,0.0029296875
0.6795282949999999,0.00201416015625,0.0029296875,0.0029296875
0.6805316339999998,0.00201416015625,0.0029296875,0.0029296875
0.6815273259999999,0.00714111328125,0.0029296875,0.0029296875
0.6824789440000001,0.00347900390625,0.0029296875,0.0029296875
0.6835292279999998,0.00018310546875,0.0029296875,0.0029296875
0.6845300299999999,0.00531005859375,0.0029296875,0.0029296875
0.6855326659999998,0.00531005859375,0.0029296875,0.0029296875
0.6865241360000001,0.00201416015625,0.0029296875,0.0029296875
0.6874771239999999,0.00531005859375,0.0029296875,0.0029296875
0.6885247969999999,0.00018310546875,0.0029296875,0.0029296875
0.6895212659999999,0.00531005859375,0.0029296875,0.0029296875
0.6905275500000001,0.00201416015625,0.0029296875,0.0029296875
0.6915318340000001,0.00018310546875,0.0029296875,0.0029296875
0.692525581,0.00201416015625,0.0029296875,0.0029296875
0.6935257539999999,0.00201416015625,0.0029296875,0.0029296875
0.69452515,0.00347900390625,0.0029296875,0.0029296875
0.695523638,0.00531005859375,0.0029296875,0.0029296875
0.6965210329999998,0.00531005859375,0.0029296875,0.0029296875
0.697471873,0.00531005859375,0.0029296875,0.0029296875
0.6985214160000002,0.00201416015625,0.0029296875,0.0029296875
0.699520052,0.00714111328125,0.0029296875,0.0029296875
0.7005231140000001,0.00531005859375,0.0029296875,0.0029296875
0.7015205459999998,0.00201416015625,0.0029296875,0.0029296875
0.7024707019999998,0.00531005859375,0.0029296875,0.0029296875
0.7035245780000001,0.00018310546875,0.0029296875,0.0029296875
0.7045176209999999,0.00201416015625,0.0029296875,0.0029296875
0.705586034,0.00531005859375,0.0029296875,0.0029296875
0.706517227,0.00531005859375,0.0029296875,0.0029296875
0.7074676960000001,0.00018310546875,0.0029296875,0.0029296875
0.7085217209999999,0.00531005859375,0.0029296875,0.0029296875
0.709519931,0.00018310546875,0.0029296875,0.0029296875
0.7105146410000001,0.00201416015625,0.0029296875,0.0029296875
0.7115156840000001,0.00201416015625,0.0029296875,0.0029296875
0.7125119689999999,0.00531005859375,0.0029296875,0.0029296875
0.713513012,0.00677490234375,0.0029296875,0.0029296875
0.7145115,0.00201416015625,0.0029296875,0.0029296875
0.715513617,0.00531005859375,0.0029296875,0.0029296875
0.7165178270000001,0.00018310546875,0.0029296875,0.0029296875
0.717513056,0.00714111328125,0.0029296875,0.0029296875
0.7184623779999999,0.00347900390625,0.0029296875,0.0029296875
0.7195124389999998,0.00531005859375,0.0029296875,0.0029296875
0.7205126860000002,0.00531005859375,0.0029296875,0.0029296875
0.721510248,0.00347900390625,0.0029296875,0.0029296875
0.7225125139999999,0.00018310546875,0.0029296875,0.0029296875
0.7235109089999998,0.00201416015625,0.0029296875,0.0029296875
0.7245102119999998,0.00531005859375,0.0029296875,0.0029296875
0.7255074220000002,0.00347900390625,0.0029296875,0.0029296875
0.7265109280000002,0.00018310546875,0.0029296875,0.0029296875
0.7275095829999998,0.00531005859375,0.0029296875,0.0029296875
0.728455812,0.00018310546875,0.0029296875,0.0029296875
0.7295095960000002,0.00531005859375,0.0029296875,0.0029296875
0.7305070470000001,-0.0010986328125,0.0029296875,0.0029296875
0.7315046270000001,0.00201416015625,0.0029296875,0.0029296875
0.7325108189999998,0.00531005859375,0.0029296875,0.0029296875
0.7335067319999999,0.00531005859375,0.0029296875,0.0029296875
0.7345083309999998,0.00201416015625,0.0029296875,0.0029296875
0.7355054860000001,0.00347900390625,0.0029296875,0.0029296875
0.7365013810000001,0.00347900390625,0.0029296875,0.0029296875
0.7374567769999998,0.00018310546875,0.0029296875,0.0029296875
0.7385041719999998,0.00201416015625,0.0029296875,0.0029296875
0.739502882,0.00531005859375,0.0029296875,0.0029296875
0.740502314,0.00201416015625,0.0029296875,0.0029296875
0.741500506,0.00347900390625,0.01190185546875,0.0029296875
0.742506401,0.01043701171875,0.01190185546875,0.0029296875
0.7435023329999999,0.01556396484375,0.01190185546875,0.0029296875
0.7445093580000002,0.01226806640625,0.01190185546875,0.0029296875
0.7455003090000001,0.01739501953125,0.01190185546875,0.0029296875
0.7465047409999999,0.01043701171875,0.0208740234375,0.0029296875
0.747499989,0.02069091796875,0.0208740234375,0.0029296875
0.7484981249999998,0.01885986328125,0.0208740234375,0.0029296875
0.74949815,0.02215576171875,0.0208740234375,0.0029296875
0.7504972670000001,0.02215576171875,0.0208740234375,0.0029296875
0.751491422,0.02215576171875,0.02984619140625,0.0029296875
0.7524493919999999,0.02728271484375,0.02984619140625,0.0029296875
0.7536778399999999,0.03240966796875,0.02984619140625,0.0029296875
0.7544926630000002,0.02911376953125,0.02984619140625,0.0029296875
0.7555922609999999,0.03240966796875,0.03826904296875,0.0029296875
0.7565074529999998,0.03570556640625,0.03826904296875,0.0029296875
0.7574928860000001,0.03570556640625,0.03826904296875,0.0029296875
0.7584438740000001,0.04266357421875,0.03826904296875,0.0029296875
0.7594967690000001,0.03753662109375,0.03826904296875,0.0029296875
0.7604976269999999,0.03570556640625,0.03826904296875,0.0029296875
0.7614965599999999,0.04119873046875,0.04779052734375,0.0029296875
0.7624987509999999,0.04266357421875,0.04779052734375,0.0029296875
0.7634902210000001,0.04925537109375,0.04779052734375,0.0029296875
0.764494875,0.05108642578125,0.04779052734375,0.0029296875
0.7654423079999999,0.04595947265625,0.04779052734375,0.0029296875
0.7664953140000001,0.04595947265625,0.0567626953125,0.0029296875
0.7674910050000001,0.05291748046875,0.0567626953125,0.0029296875
0.7684902340000002,0.05987548828125,0.0567626953125,0.0029296875
0.7694898889999999,0.06134033203125,0.0567626953125,0.0029296875
0.7704912839999998,0.05950927734375,0.0567626953125,0.0029296875
0.7715009570000002,0.05438232421875,0.06390380859375,0.0029296875
0.772498111,0.06134033203125,0.06390380859375,0.0029296875
0.7734959699999999,0.06646728515625,0.06390380859375,0.0029296875
0.7744889019999999,0.06610107421875,0.06390380859375,0.0029296875
0.7754855009999999,0.06610107421875,0.06390380859375,0.0029296875
0.7764907110000001,0.06463623046875,0.06390380859375,0.0029296875
0.7774919950000001,0.06463623046875,0.06390380859375,0.0029296875
0.7784887239999998,0.06280517578125,0.06390380859375,0.0029296875
0.7794891929999999,0.06463623046875,0.06390380859375,0.0029296875
0.7804907550000002,0.06280517578125,0.06390380859375,0.0029296875
0.7814988170000001,0.06280517578125,0.0640869140625,0.0029296875
0.7824913790000001,0.06610107421875,0.0640869140625,0.0029296875
0.7834904599999999,0.06280517578125,0.0640869140625,0.0029296875
0.7844876699999999,0.06793212890625,0.0640869140625,0.0029296875
0.7854896020000002,0.06427001953125,0.0640869140625,0.0029296875
0.78648959,0.05950927734375,0.06427001953125,0.0029296875
0.7875018549999999,0.06134033203125,0.06427001953125,0.0029296875
0.7884983430000001,0.06463623046875,0.06427001953125,0.0029296875
0.7894871280000002,0.06610107421875,0.06427001953125,0.0029296875
0.7904828749999999,0.06793212890625,0.06427001953125,0.0029296875
0.7914889180000002,0.06463623046875,0.065185546875,0.0029296875
0.7924952209999998,0.06793212890625,0.065185546875,0.0029296875
0.7936808910000002,0.06280517578125,0.065185546875,0.0029296875
0.7945349369999999,0.06793212890625,0.065185546875,0.0029296875
0.7955473319999999,0.06463623046875,0.065185546875,0.0029296875
0.7964920979999999,0.06793212890625,0.065185546875,0.0029296875
0.7975382149999999,0.06280517578125,0.065185546875,0.0029296875
0.7985378330000001,0.06463623046875,0.065185546875,0.0029296875
0.7995387090000001,0.06097412109375,0.065185546875,0.0029296875
0.800539031,0.06280517578125,0.065185546875,0.0029296875
0.8015344440000001,0.06610107421875,0.065185546875,0.01190185546875
0.8025363030000001,0.06463623046875,0.065185546875,0.01190185546875
0.803534865,0.06280517578125,0.065185546875,0.01190185546875
0.8045356859999999,0.06280517578125,0.065185546875,0.01190185546875
0.8055356549999999,0.06280517578125,0.065185546875,0.01190185546875
0.8065346240000002,0.06610107421875,0.06536865234375,0.0208740234375
0.8075352050000002,0.06793212890625,0.06536865234375,0.0208740234375
0.8085417850000001,0.06463623046875,0.06536865234375,0.0208740234375
0.8095341810000001,0.06463623046875,0.06536865234375,0.0208740234375
0.8105414280000001,0.06280517578125,0.06536865234375,0.0208740234375
0.8115332679999998,0.06280517578125,0.06536865234375,0.02984619140625
0.812540329,0.06463623046875,0.06536865234375,0.02984619140625
0.8137234260000001,0.06280517578125,0.06536865234375,0.02984619140625
0.814535657,0.06463623046875,0.06536865234375,0.02984619140625
0.81553846,0.06280517578125,0.06536865234375,0.02984619140625
0.8164802450000002,0.06463623046875,0.06536865234375,0.03826904296875
0.8175269360000001,0.06610107421875,0.06536865234375,0.03826904296875
0.8185288860000002,0.06463623046875,0.06536865234375,0.03826904296875
0.819529282,0.06280517578125,0.06536865234375,0.03826904296875
0.820525344,0.06793212890625,0.06536865234375,0.03826904296875
0.821526998,0.06793212890625,0.06536865234375,0.04779052734375
0.8225350410000001,0.06463623046875,0.06536865234375,0.04779052734375
0.8235303809999999,0.06280517578125,0.06536865234375,0.04779052734375
0.8245333509999999,0.06610107421875,0.06536865234375,0.04779052734375
0.8256242450000002,0.06793212890625,0.0655517578125,0.04779052734375
0.826517827,0.06610107421875,0.0655517578125,0.0567626953125
0.827536925,0.06280517578125,0.0655517578125,0.0567626953125
0.8285372459999998,0.06280517578125,0.0655517578125,0.0567626953125
0.8295246789999999,0.06610107421875,0.0655517578125,0.0567626953125
0.8305298149999998,0.06463623046875,0.0655517578125,0.0567626953125
0.83151771,0.06610107421875,0.06536865234375,0.06390380859375
0.8325171610000002,0.06793212890625,0.06536865234375,0.06390380859375
0.8337079620000001,0.06463623046875,0.06536865234375,0.06390380859375
0.8345310439999998,0.06793212890625,0.06536865234375,0.06390380859375
0.8355182540000001,0.06610107421875,0.06536865234375,0.06390380859375
0.8365200939999999,0.06610107421875,0.06536865234375,0.06390380859375
0.8375183599999998,0.06280517578125,0.06536865234375,0.06390380859375
0.8385212549999999,0.06427001953125,0.06536865234375,0.06390380859375
0.8395273539999999,0.06793212890625,0.06536865234375,0.06390380859375
0.8405173050000001,0.06793212890625,0.06536865234375,0.06390380859375
0.8415161260000001,0.06793212890625,0.06536865234375,0.0640869140625
0.8425221139999999,0.06793212890625,0.06536865234375,0.0640869140625
0.8435168979999998,0.06793212890625,0.06536865234375,0.0640869140625
0.844514701,0.06793212890625,0.06536865234375,0.0640869140625
0.845517837,0.06097412109375,0.06536865234375,0.0640869140625
0.8465127689999998,0.06280517578125,0.06536865234375,0.06427001953125
0.8475189049999998,0.06280517578125,0.06536865234375,0.06427001953125
0.8485159489999998,0.06793212890625,0.06536865234375,0.06427001953125
0.849516548,0.06097412109375,0.06536865234375,0.06427001953125
0.850523591,0.06280517578125,0.06536865234375,0.06427001953125
0.8515170419999998,0.06463623046875,0.06536865234375,0.065185546875
0.852517196,0.06793212890625,0.06536865234375,0.065185546875
0.8535202210000001,0.06976318359375,0.06536865234375,0.065185546875
0.8545132830000002,0.06280517578125,0.06536865234375,0.065185546875
0.855506938,0.06793212890625,0.06536865234375,0.065185546875
0.8564637230000001,0.06610107421875,0.06536865234375,0.065185546875
0.8575113390000002,0.06097412109375,0.06536865234375,0.065185546875
0.8585049389999999,0.06610107421875,0.06536865234375,0.065185546875
0.8595101669999998,0.06793212890625,0.06536865234375,0.065185546875
0.8605101359999998,0.06793212890625,0.06536865234375,0.065185546875
0.8615082169999999,0.06280517578125,0.06536865234375,0.065185546875
0.8625076310000002,0.06610107421875,0.06536865234375,0.065185546875
0.8635108410000001,0.06463623046875,0.06536865234375,0.065185546875
0.8645034580000002,0.06280517578125,0.06536865234375,0.065185546875
0.865508594,0.06280517578125,0.06536865234375,0.065185546875
0.8665087300000001,0.06463623046875,0.06536865234375,0.06536865234375
0.8675133850000001,0.06463623046875,0.06536865234375,0.06536865234375
0.8685060579999999,0.07159423828125,0.06536865234375,0.06536865234375
0.8695060269999999,0.06793212890625,0.06536865234375,0.06536865234375
0.8705912549999999,0.06280517578125,0.06536865234375,0.06536865234375
0.8715069849999999,0.06463623046875,0.06536865234375,0.06536865234375
0.8725069539999999,0.06463623046875,0.06536865234375,0.06536865234375
0.8736992360000002,0.06610107421875,0.06536865234375,0.06536865234375
0.874455245,0.06427001953125,0.06536865234375,0.06536865234375
0.8755655089999999,0.06610107421875,0.06536865234375,0.06536865234375
0.8764979980000001,0.06463623046875,0.06536865234375,0.06536865234375
0.877502486,0.06793212890625,0.06536865234375,0.06536865234375
0.8785099179999998,0.06280517578125,0.06536865234375,0.06536865234375
0.8795021649999999,0.06793212890625,0.06536865234375,0.06536865234375
0.8805130050000001,0.06097412109375,0.06536865234375,0.06536865234375
0.8815008629999999,0.06793212890625,0.06536865234375,0.06536865234375
0.882508407,0.06280517578125,0.06536865234375,0.06536865234375
0.8835032460000001,0.06610107421875,0.06536865234375,0.06536865234375
0.8845019569999999,0.06793212890625,0.06536865234375,0.06536865234375
0.885598017,0.06610107421875,0.06536865234375,0.06536865234375
0.8865016539999999,0.06463623046875,0.06536865234375,0.0655517578125
0.8874911050000001,0.06463623046875,0.06536865234375,0.0655517578125
0.8884940559999999,0.06610107421875,0.06536865234375,0.0655517578125
0.8894964330000001,0.06463623046875,0.06536865234375,0.0655517578125
0.89050568,0.06793212890625,0.06536865234375,0.0655517578125
0.8914896309999998,0.06463623046875,0.06536865234375,0.06536865234375
0.89249073,0.06280517578125,0.06536865234375,0.06536865234375
0.8936835489999999,0.06427001953125,0.06536865234375,0.06536865234375
0.8944502619999999,0.06610107421875,0.06536865234375,0.06536865234375
0.8954952860000001,0.06793212890625,0.06536865234375,0.06536865234375
0.8964947740000002,0.06610107421875,0.0743408203125,0.06536865234375
0.8974986880000002,0.06976318359375,0.0743408203125,0.06536865234375
0.898489842,0.08148193359375,0.0743408203125,0.06536865234375
0.899491534,0.08148193359375,0.0743408203125,0.06536865234375
0.9006196869999998,0.07489013671875,0.08294677734375,0.06536865234375
0.9014937129999998,0.07305908203125,0.08294677734375,0.06536865234375
0.9024879609999998,0.07965087890625,0.08294677734375,0.06536865234375
0.9034930409999999,0.08514404296875,0.08294677734375,0.06536865234375
0.9044897139999999,0.08843994140625,0.08294677734375,0.06536865234375
0.9054888320000001,0.08514404296875,0.08294677734375,0.06536865234375
0.9064906339999999,0.08148193359375,0.0736083984375,0.06536865234375
0.907493622,0.07818603515625,0.0736083984375,0.06536865234375
0.9084938509999998,0.06976318359375,0.0736083984375,0.06536865234375
0.9094894500000001,0.06976318359375,0.0736083984375,0.06536865234375
0.91048616,0.07635498046875,0.0736083984375,0.06536865234375
0.91149024,0.07489013671875,0.08258056640625,0.06536865234375
0.9124882649999999,0.07965087890625,0.08258056640625,0.06536865234375
0.9134892350000001,0.08148193359375,0.08258056640625,0.06536865234375
0.914493759,0.08514404296875,0.08258056640625,0.06536865234375
0.915499192,0.08697509765625,0.0743408203125,0.06536865234375
0.9164927170000001,0.07452392578125,0.0743408203125,0.06536865234375
0.9174904819999998,0.07489013671875,0.0743408203125,0.06536865234375
0.9184911370000002,0.07489013671875,0.0743408203125,0.06536865234375
0.9194864030000001,0.07159423828125,0.0743408203125,0.06536865234375
0.920487279,0.07305908203125,0.0743408203125,0.06536865234375
0.921488638,0.07635498046875,0.084228515625,0.06536865234375
0.9224887919999998,0.08514404296875,0.084228515625,0.06536865234375
0.9236742960000002,0.08477783203125,0.084228515625,0.06536865234375
0.9244907310000001,0.08843994140625,0.084228515625,0.06536865234375
0.9254898850000002,0.08514404296875,0.084228515625,0.06536865234375
0.926493373,0.08148193359375,0.09320068359375,0.06536865234375
0.9274847679999998,0.09173583984375,0.09320068359375,0.06536865234375
0.9284831819999999,0.09869384765625,0.09320068359375,0.06536865234375
0.9294891700000001,0.09320068359375,0.09320068359375,0.06536865234375
0.9305034729999999,0.09503173828125,0.09320068359375,0.06536865234375
0.931490164,0.09503173828125,0.1021728515625,0.06536865234375
0.9324850410000001,0.09869384765625,0.1021728515625,0.06536865234375
0.933542047,0.10858154296875,0.1021728515625,0.06536865234375
0.9344860540000002,0.10345458984375,0.1021728515625,0.06536865234375
0.9354977080000002,0.10015869140625,0.1021728515625,0.06536865234375
0.9365378440000001,0.10198974609375,0.111328125,0.06536865234375
0.9374879250000001,0.10528564453125,0.111328125,0.06536865234375
0.938536579,0.11224365234375,0.111328125,0.06536865234375
0.9395366040000002,0.11224365234375,0.111328125,0.06536865234375
0.940538369,0.11737060546875,0.111328125,0.06536865234375
0.9415376539999998,0.11370849609375,0.12030029296875,0.06536865234375
0.942533456,0.11883544921875,0.12030029296875,0.06536865234375
0.9435360369999999,0.12213134765625,0.12030029296875,0.06536865234375
0.9445412470000001,0.12579345703125,0.12030029296875,0.06536865234375
0.9455388459999998,0.12030029296875,0.12030029296875,0.06536865234375
0.9464855380000001,0.12213134765625,0.1292724609375,0.06536865234375
0.94754621,0.12908935546875,0.1292724609375,0.06536865234375
0.948526921,0.12908935546875,0.1292724609375,0.06536865234375
0.949526686,0.13092041015625,0.1292724609375,0.06536865234375
0.950536026,0.12908935546875,0.1292724609375,0.06536865234375
0.9515240139999999,0.13092041015625,0.13824462890625,0.06536865234375
0.9525256870000001,0.13568115234375,0.13824462890625,0.06536865234375
0.9535377299999999,0.13897705078125,0.13824462890625,0.06536865234375
0.954531829,0.14263916015625,0.13824462890625,0.06536865234375
0.9555367619999999,0.14080810546875,0.13824462890625,0.06536865234375
0.9565293420000001,0.13568115234375,0.1292724609375,0.0743408203125
0.9575301450000002,0.13238525390625,0.1292724609375,0.0743408203125
0.958529929,0.12579345703125,0.1292724609375,0.0743408203125
0.959528454,0.12908935546875,0.1292724609375,0.0743408203125
0.9605201459999999,0.12579345703125,0.1292724609375,0.0743408203125
0.961522263,0.12908935546875,0.13824462890625,0.08294677734375
0.9624772880000001,0.13897705078125,0.13824462890625,0.08294677734375
0.9635221089999999,0.14080810546875,0.13824462890625,0.08294677734375
0.9645263009999998,0.14776611328125,0.13824462890625,0.08294677734375
0.9655242890000002,0.13568115234375,0.13824462890625,0.08294677734375
0.9665405909999998,0.13897705078125,0.1292724609375,0.0736083984375
0.9674782830000002,0.13421630859375,0.1292724609375,0.0736083984375
0.9685231230000002,0.12908935546875,0.1292724609375,0.0736083984375
0.9695309070000002,0.12213134765625,0.1292724609375,0.0736083984375
0.970518598,0.12579345703125,0.1292724609375,0.0736083984375
0.9715212709999999,0.13238525390625,0.13824462890625,0.08258056640625
0.9725207409999999,0.13238525390625,0.13824462890625,0.08258056640625
0.973527969,0.13897705078125,0.13824462890625,0.08258056640625
0.9745230500000002,0.13897705078125,0.13824462890625,0.08258056640625
0.9754708160000001,0.13897705078125,0.13824462890625,0.08258056640625
0.976522396,0.13751220703125,0.1292724609375,0.0743408203125
0.977522773,0.13055419921875,0.1292724609375,0.0743408203125
0.9785209090000002,0.12908935546875,0.1292724609375,0.0743408203125
0.9794693790000002,0.12762451171875,0.1292724609375,0.0743408203125
0.980516218,0.13055419921875,0.1292724609375,0.0743408203125
0.9815212240000002,0.12908935546875,0.138427734375,0.084228515625
0.982520305,0.14080810546875,0.138427734375,0.084228515625
0.9835157739999998,0.13897705078125,0.138427734375,0.084228515625
0.9845247619999999,0.14080810546875,0.138427734375,0.084228515625
0.9855167499999999,0.13568115234375,0.138427734375,0.084228515625
0.986522849,0.13897705078125,0.14739990234375,0.09320068359375
0.9875200959999999,0.14776611328125,0.14739990234375,0.09320068359375
0.98850901,0.14593505859375,0.14739990234375,0.09320068359375
0.9895215899999998,0.15252685546875,0.14739990234375,0.09320068359375
0.9905168560000002,0.15106201171875,0.14739990234375,0.09320068359375
0.991508751,0.14593505859375,0.1563720703125,0.1021728515625
0.9925111090000001,0.15252685546875,0.1563720703125,0.1021728515625
0.9935120049999999,0.15948486328125,0.1563720703125,0.1021728515625
0.9945092889999998,0.15618896484375,0.1563720703125,0.1021728515625
0.995562869,0.15618896484375,0.1651611328125,0.1021728515625
0.9965028939999998,0.16131591796875,0.1651611328125,0.111328125
0.9975086040000001,0.16131591796875,0.1651611328125,0.111328125
0.9985127770000002,0.16461181640625,0.1651611328125,0.111328125
0.9995102280000001,0.17156982421875,0.1651611328125,0.111328125
1.0005130489999998,0.16607666015625,0.1651611328125,0.111328125
1.001508222,0.16461181640625,0.17431640625,0.12030029296875
1.0025152839999998,0.17303466796875,0.17431640625,0.12030029296875
1.0036930659999999,0.17633056640625,0.17431640625,0.12030029296875
1.004507593,0.17449951171875,0.17431640625,0.12030029296875
1.0055041180000002,0.17486572265625,0.17431640625,0.12030029296875
1.006514551,0.176513671875,0.18328857421875,0.1292724609375
1.0075110020000002,0.18145751953125,0.18328857421875,0.1292724609375
1.0085093779999998,0.18328857421875,0.18328857421875,0.1292724609375
1.0094976629999999,0.18328857421875,0.18328857421875,0.1292724609375
1.010508336,0.18511962890625,0.18328857421875,0.1292724609375
1.0115119899999998,0.17962646484375,0.1922607421875,0.13824462890625
1.012450164,0.18841552734375,0.1922607421875,0.13824462890625
1.013517077,0.19482421875,0.1922607421875,0.13824462890625
1.0145144350000002,0.19482421875,0.1922607421875,0.13824462890625
1.0155060530000002,0.1966552734375,0.20050048828125,0.13824462890625
1.016500911,0.19500732421875,0.20050048828125,0.1292724609375
1.0175029910000002,0.199951171875,0.20050048828125,0.1292724609375
1.0185037019999998,0.20361328125,0.20050048828125,0.1292724609375
1.0194988189999998,0.20196533203125,0.20050048828125,0.1292724609375
1.0205002140000001,0.199951171875,0.20050048828125,0.1292724609375
1.0215051279999998,0.20361328125,0.210205078125,0.13824462890625
1.0224467650000002,0.2098388671875,0.210205078125,0.13824462890625
1.0234978259999998,0.21185302734375,0.210205078125,0.13824462890625
1.0244965179999999,0.21185302734375,0.210205078125,0.13824462890625
1.0255019129999998,0.21185302734375,0.210205078125,0.13824462890625
1.026504864,0.20672607421875,0.21917724609375,0.1292724609375
1.0275019630000002,0.21533203125,0.21917724609375,0.1292724609375
1.028494266,0.21881103515625,0.21917724609375,0.1292724609375
1.029490772,0.22210693359375,0.21917724609375,0.1292724609375
1.0304956669999998,0.21881103515625,0.21917724609375,0.1292724609375
1.031499192,0.21551513671875,0.210205078125,0.13824462890625
1.032503995,0.211669921875,0.210205078125,0.13824462890625
1.033498909,0.20343017578125,0.210205078125,0.13824462890625
1.0345362109999998,0.20526123046875,0.210205078125,0.13824462890625
1.035497958,0.210205078125,0.210205078125,0.13824462890625
1.036448058,0.21185302734375,0.20123291015625,0.1292724609375
1.037489823,0.2032470703125,0.20123291015625,0.1292724609375
1.038493829,0.19830322265625,0.20123291015625,0.1292724609375
1.0394907249999998,0.1981201171875,0.20123291015625,0.1292724609375
1.04049062,0.1981201171875,0.20123291015625,0.1292724609375
1.041487349,0.20196533203125,0.210205078125,0.138427734375
1.0424963360000001,0.20526123046875,0.210205078125,0.138427734375
1.043490158,0.2135009765625,0.210205078125,0.138427734375
1.044491146,0.20654296875,0.210205078125,0.138427734375
1.04548943,0.2171630859375,0.210205078125,0.138427734375
1.046489807,0.210205078125,0.21917724609375,0.14739990234375
1.0474957759999999,0.21368408203125,0.21917724609375,0.14739990234375
1.048487208,0.22027587890625,0.21917724609375,0.14739990234375
1.049487826,0.22357177734375,0.21917724609375,0.14739990234375
1.0504858320000001,0.21881103515625,0.21917724609375,0.14739990234375
1.051493524,0.2186279296875,0.2281494140625,0.1563720703125
1.0524951599999999,0.22705078125,0.2281494140625,0.1563720703125
1.05350111,0.23236083984375,0.2281494140625,0.1563720703125
1.054513987,0.232177734375,0.2281494140625,0.1563720703125
1.0554899199999999,0.2288818359375,0.2362060546875,0.1563720703125
1.0564930000000001,0.23236083984375,0.2362060546875,0.1651611328125
1.0574907470000001,0.23565673828125,0.2362060546875,0.1651611328125
1.0584879759999999,0.2373046875,0.2362060546875,0.1651611328125
1.0594894639999999,0.2373046875,0.2362060546875,0.1651611328125
1.060487674,0.23895263671875,0.2362060546875,0.1651611328125
1.0614912730000001,0.2373046875,0.24609375,0.17431640625
1.0624878350000002,0.23876953125,0.24609375,0.17431640625
1.0634887480000002,0.24261474609375,0.24609375,0.17431640625
1.06448894,0.2508544921875,0.24609375,0.17431640625
1.0654878349999999,0.24755859375,0.24609375,0.17431640625
1.066488508,0.24920654296875,0.25506591796875,0.18328857421875
1.0674913300000002,0.25396728515625,0.25506591796875,0.18328857421875
1.068489151,0.254150390625,0.25506591796875,0.18328857421875
1.069486324,0.2559814453125,0.25506591796875,0.18328857421875
1.0704891079999999,0.25762939453125,0.25506591796875,0.18328857421875
1.0714922809999998,0.2596435546875,0.2640380859375,0.1922607421875
1.072491287,0.25762939453125,0.2640380859375,0.1922607421875
1.073544256,0.26751708984375,0.2640380859375,0.1922607421875
1.074489152,0.265869140625,0.2640380859375,0.1922607421875
1.075651305,0.2625732421875,0.2724609375,0.1922607421875
1.07648535,0.26422119140625,0.2724609375,0.20050048828125
1.0774861160000002,0.27447509765625,0.2724609375,0.20050048828125
1.078490178,0.27447509765625,0.2724609375,0.20050048828125
1.079535183,0.27777099609375,0.2724609375,0.20050048828125
1.080535523,0.27447509765625,0.2724609375,0.20050048828125
1.081487363,0.2691650390625,0.28216552734375,0.210205078125
1.0825354800000002,0.276123046875,0.28216552734375,0.210205078125
1.0835364310000002,0.28436279296875,0.28216552734375,0.210205078125
1.084539012,0.28436279296875,0.28216552734375,0.210205078125
1.085535481,0.28289794921875,0.28216552734375,0.210205078125
1.0865385060000001,0.28289794921875,0.2911376953125,0.21917724609375
1.0875449380000002,0.286376953125,0.2911376953125,0.21917724609375
1.0885324820000002,0.28802490234375,0.2911376953125,0.21917724609375
1.089530581,0.29132080078125,0.2911376953125,0.21917724609375
1.090532902,0.28985595703125,0.2911376953125,0.21917724609375
1.091538167,0.29644775390625,0.30010986328125,0.210205078125
1.092536452,0.29974365234375,0.30010986328125,0.210205078125
1.093535514,0.29791259765625,0.30010986328125,0.210205078125
1.094530909,0.30487060546875,0.30010986328125,0.210205078125
1.095635599,0.2999267578125,0.30853271484375,0.210205078125
1.0965305330000001,0.30340576171875,0.30853271484375,0.20123291015625
1.0975252059999998,0.31146240234375,0.30853271484375,0.20123291015625
1.098531935,0.30999755859375,0.30853271484375,0.20123291015625
1.099531034,0.30999755859375,0.30853271484375,0.20123291015625
1.10052467,0.30999755859375,0.30853271484375,0.20123291015625
1.1015286569999998,0.30816650390625,0.3182373046875,0.210205078125
1.102530442,0.31512451171875,0.3182373046875,0.210205078125
1.103525967,0.31842041015625,0.3182373046875,0.210205078125
1.1045188060000002,0.32537841796875,0.3182373046875,0.210205078125
1.1055240720000001,0.31842041015625,0.3182373046875,0.210205078125
1.106480468,0.31842041015625,0.32720947265625,0.21917724609375
1.1075186399999999,0.32501220703125,0.32720947265625,0.21917724609375
1.108524258,0.32684326171875,0.32720947265625,0.21917724609375
1.1095180789999999,0.32684326171875,0.32720947265625,0.21917724609375
1.1105294369999998,0.33050537109375,0.32720947265625,0.21917724609375
1.111527332,0.32501220703125,0.336181640625,0.2281494140625
1.1125229870000002,0.33197021484375,0.336181640625,0.2281494140625
1.1135262529999999,0.33709716796875,0.336181640625,0.2281494140625
1.114522704,0.33856201171875,0.336181640625,0.2281494140625
1.1155225620000002,0.33856201171875,0.336181640625,0.2281494140625
1.1165206790000002,0.33709716796875,0.34515380859375,0.2362060546875
1.1175189630000002,0.3369140625,0.34515380859375,0.2362060546875
1.11852034,0.34552001953125,0.34515380859375,0.2362060546875
1.119518476,0.35064697265625,0.34515380859375,0.2362060546875
1.1205147979999999,0.35064697265625,0.34515380859375,0.2362060546875
1.1215191190000002,0.34552001953125,0.3541259765625,0.24609375
1.1225233289999998,0.34881591796875,0.3541259765625,0.24609375
1.1235149830000002,0.35723876953125,0.3541259765625,0.24609375
1.1244673239999998,0.35394287109375,0.3541259765625,0.24609375
1.1255206260000001,0.36090087890625,0.3541259765625,0.24609375
1.1265244650000001,0.35211181640625,0.36309814453125,0.25506591796875
1.127523472,0.35723876953125,0.36309814453125,0.25506591796875
1.1284649789999999,0.36566162109375,0.36309814453125,0.25506591796875
1.1295135219999999,0.36566162109375,0.36309814453125,0.25506591796875
1.1305132690000002,0.35906982421875,0.36309814453125,0.25506591796875
1.1315177200000002,0.36419677734375,0.3720703125,0.2640380859375
1.1324604489999999,0.37078857421875,0.3720703125,0.2640380859375
1.1335149919999998,0.37445068359375,0.3720703125,0.2640380859375
1.1345128130000002,0.37261962890625,0.3720703125,0.2640380859375
1.13560967,0.37445068359375,0.3804931640625,0.2640380859375
1.136514252,0.37445068359375,0.3804931640625,0.2724609375
1.1375062580000002,0.37591552734375,0.3804931640625,0.2724609375
1.1385078389999999,0.38433837890625,0.3804931640625,0.2724609375
1.1395082520000002,0.38250732421875,0.3804931640625,0.2724609375
1.140510425,0.37921142578125,0.3804931640625,0.2724609375
1.1414575990000002,0.38433837890625,0.3900146484375,0.28216552734375
1.1425043270000002,0.38800048828125,0.3900146484375,0.28216552734375
1.143504519,0.39129638671875,0.3900146484375,0.28216552734375
1.144507284,0.38946533203125,0.3900146484375,0.28216552734375
1.145512513,0.38946533203125,0.3900146484375,0.28216552734375
1.14645889,0.39129638671875,0.39898681640625,0.2911376953125
1.1474974150000001,0.39459228515625,0.39898681640625,0.2911376953125
1.1485043840000002,0.40118408203125,0.39898681640625,0.2911376953125
1.149508001,0.40118408203125,0.39898681640625,0.2911376953125
1.1505062860000002,0.39788818359375,0.39898681640625,0.2911376953125
1.151496811,0.40301513671875,0.407958984375,0.30010986328125
1.152503909,0.40484619140625,0.407958984375,0.30010986328125
1.1535017490000001,0.40814208984375,0.407958984375,0.30010986328125
1.154502941,0.40814208984375,0.407958984375,0.30010986328125
1.1555021879999998,0.41326904296875,0.407958984375,0.30010986328125
1.1564986940000002,0.41143798828125,0.41693115234375,0.30853271484375
1.1574997379999998,0.40960693359375,0.41693115234375,0.30853271484375
1.1585033180000002,0.41473388671875,0.41693115234375,0.30853271484375
1.159503436,0.42022705078125,0.41693115234375,0.30853271484375
1.160503405,0.42169189453125,0.41693115234375,0.30853271484375
1.161499467,0.41839599609375,0.4259033203125,0.3182373046875
1.162498529,0.42535400390625,0.4259033203125,0.3182373046875
1.163686052,0.42315673828125,0.4259033203125,0.3182373046875
1.1645057639999998,0.42681884765625,0.4259033203125,0.3182373046875
1.165495715,0.42828369140625,0.4259033203125,0.3182373046875
1.166493295,0.42498779296875,0.41693115234375,0.32720947265625
1.167493876,0.41839599609375,0.41693115234375,0.32720947265625
1.1684942710000001,0.41473388671875,0.41693115234375,0.32720947265625
1.1694942400000001,0.41473388671875,0.41693115234375,0.32720947265625
1.1704959320000001,0.41473388671875,0.41693115234375,0.32720947265625
1.171448495,0.41839599609375,0.4259033203125,0.336181640625
1.172492649,0.42498779296875,0.4259033203125,0.336181640625
1.173492377,0.42645263671875,0.4259033203125,0.336181640625
1.1744941610000001,0.42828369140625,0.4259033203125,0.336181640625
1.1755019080000002,0.42498779296875,0.4259033203125,0.336181640625
1.176444675,0.42828369140625,0.43487548828125,0.34515380859375
1.177487718,0.43377685546875,0.43487548828125,0.34515380859375
1.178495909,0.43853759765625,0.43487548828125,0.34515380859375
1.1794862670000001,0.43707275390625,0.43487548828125,0.34515380859375
1.1804947000000001,0.43524169921875,0.43487548828125,0.34515380859375
1.1814836510000002,0.43707275390625,0.4259033203125,0.3541259765625
1.182498731,0.42315673828125,0.4259033203125,0.3541259765625
1.183490978,0.42169189453125,0.4259033203125,0.3541259765625
1.184499614,0.42498779296875,0.4259033203125,0.3541259765625
1.185490287,0.42498779296875,0.4259033203125,0.3541259765625
1.1864863680000002,0.43011474609375,0.41693115234375,0.36309814453125
1.1874845779999998,0.41839599609375,0.41693115234375,0.36309814453125
1.1884877139999999,0.41656494140625,0.41693115234375,0.36309814453125
1.189488683,0.41839599609375,0.41693115234375,0.36309814453125
1.190488115,0.41143798828125,0.41693115234375,0.36309814453125
1.191486603,0.42022705078125,0.407958984375,0.3720703125
1.192485369,0.41143798828125,0.407958984375,0.3720703125
1.1934872269999999,0.40997314453125,0.407958984375,0.3720703125
1.1944847520000001,0.40631103515625,0.407958984375,0.3720703125
1.19562472,0.40484619140625,0.39935302734375,0.3720703125
1.1964957649999999,0.40814208984375,0.39935302734375,0.3804931640625
1.1974928820000001,0.40118408203125,0.39935302734375,0.3804931640625
1.198483037,0.39788818359375,0.39935302734375,0.3804931640625
1.1994905990000002,0.39788818359375,0.39935302734375,0.3804931640625
1.200481624,0.40667724609375,0.39935302734375,0.3804931640625
1.201490519,0.39605712890625,0.3900146484375,0.3900146484375
1.2024889509999999,0.38800048828125,0.3900146484375,0.3900146484375
1.2034954020000002,0.38946533203125,0.3900146484375,0.3900146484375
1.204494279,0.38616943359375,0.3900146484375,0.3900146484375
1.2054905630000001,0.38946533203125,0.3900146484375,0.3900146484375
1.206488329,0.38616943359375,0.380859375,0.39898681640625
1.2074904650000002,0.38104248046875,0.380859375,0.39898681640625
1.2084960269999998,0.38433837890625,0.380859375,0.39898681640625
1.2094921809999999,0.37774658203125,0.380859375,0.39898681640625
1.210491947,0.380859375,0.380859375,0.39898681640625
1.211491342,0.37774658203125,0.3720703125,0.407958984375
1.212488386,0.37957763671875,0.3720703125,0.407958984375
1.2135482620000002,0.36895751953125,0.3720703125,0.407958984375
1.2144886019999999,0.3658447265625,0.3720703125,0.407958984375
1.215536293,0.37445068359375,0.3720703125,0.407958984375
1.2165327440000002,0.37078857421875,0.3629150390625,0.41693115234375
1.21748614,0.36566162109375,0.3629150390625,0.41693115234375
1.2184824239999998,0.36090087890625,0.3629150390625,0.41693115234375
1.2195358930000002,0.35906982421875,0.3629150390625,0.41693115234375
1.2206043430000002,0.36090087890625,0.35467529296875,0.41693115234375
1.221534239,0.36419677734375,0.35467529296875,0.4259033203125
1.222534616,0.35540771484375,0.35467529296875,0.4259033203125
1.2235374550000002,0.35211181640625,0.35467529296875,0.4259033203125
1.224537517,0.3504638671875,0.35467529296875,0.4259033203125
1.2255313390000002,0.35211181640625,0.35467529296875,0.4259033203125
1.226526438,0.35394287109375,0.344970703125,0.41693115234375
1.227528129,0.345703125,0.344970703125,0.41693115234375
1.2285346170000002,0.34735107421875,0.344970703125,0.41693115234375
1.229528512,0.34039306640625,0.344970703125,0.41693115234375
1.2305301110000002,0.3402099609375,0.344970703125,0.41693115234375
1.23152647,0.34368896484375,0.33599853515625,0.4259033203125
1.2324821990000001,0.33856201171875,0.33599853515625,0.4259033203125
1.233527649,0.33197021484375,0.33599853515625,0.4259033203125
1.2345288779999999,0.33380126953125,0.33599853515625,0.4259033203125
1.2355389209999998,0.33709716796875,0.33599853515625,0.4259033203125
1.2364893719999999,0.33544921875,0.3270263671875,0.43487548828125
1.2375223599999998,0.33197021484375,0.3270263671875,0.43487548828125
1.238531107,0.32501220703125,0.3270263671875,0.43487548828125
1.2394724840000002,0.32501220703125,0.3270263671875,0.43487548828125
1.240530953,0.32867431640625,0.3270263671875,0.43487548828125
1.2415272370000001,0.32501220703125,0.31805419921875,0.4259033203125
1.242522336,0.32171630859375,0.31805419921875,0.4259033203125
1.243525065,0.3153076171875,0.31805419921875,0.4259033203125
1.2445251819999998,0.3134765625,0.31805419921875,0.4259033203125
1.245521466,0.31512451171875,0.31805419921875,0.4259033203125
1.246526362,0.31842041015625,0.30908203125,0.41693115234375
1.247529127,0.309814453125,0.30908203125,0.41693115234375
1.248521374,0.30322265625,0.30908203125,0.41693115234375
1.24952264,0.30816650390625,0.30908203125,0.41693115234375
1.250524258,0.30816650390625,0.30908203125,0.41693115234375
1.2515230229999998,0.309814453125,0.30010986328125,0.407958984375
1.2525228259999999,0.30487060546875,0.30010986328125,0.407958984375
1.253523962,0.30340576171875,0.30010986328125,0.407958984375
1.2545258019999999,0.30157470703125,0.30010986328125,0.407958984375
1.255514438,0.298095703125,0.29150390625,0.407958984375
1.2565150740000002,0.29791259765625,0.29150390625,0.39935302734375
1.2575201169999999,0.2896728515625,0.29150390625,0.39935302734375
1.258517475,0.29132080078125,0.29150390625,0.39935302734375
1.2595130559999999,0.28802490234375,0.29150390625,0.39935302734375
1.2605154330000001,0.2896728515625,0.29150390625,0.39935302734375
1.2615164760000002,0.29150390625,0.28216552734375,0.3900146484375
1.2625187599999999,0.28271484375,0.28216552734375,0.3900146484375
1.2635187110000001,0.28271484375,0.28216552734375,0.3900146484375
1.2644670699999998,0.28106689453125,0.28216552734375,0.3900146484375
1.2655140390000001,0.2794189453125,0.28216552734375,0.3900146484375
1.266512397,0.28436279296875,0.273193359375,0.380859375
1.2675161629999998,0.2794189453125,0.273193359375,0.380859375
1.268511465,0.2728271484375,0.273193359375,0.380859375
1.269512583,0.2728271484375,0.273193359375,0.380859375
1.270521145,0.27099609375,0.273193359375,0.380859375
1.271462504,0.2728271484375,0.26422119140625,0.3720703125
1.2725096210000002,0.265869140625,0.26422119140625,0.3720703125
1.273508831,0.2625732421875,0.26422119140625,0.3720703125
1.274510485,0.25927734375,0.26422119140625,0.3720703125
1.27550864,0.2625732421875,0.26422119140625,0.3720703125
1.2764600540000002,0.2625732421875,0.2552490234375,0.3629150390625
1.2775130040000002,0.25927734375,0.2552490234375,0.3629150390625
1.278510233,0.2523193359375,0.2552490234375,0.3629150390625
1.279508591,0.25067138671875,0.2552490234375,0.3629150390625
1.280510986,0.2523193359375,0.2552490234375,0.3629150390625
1.2815089739999999,0.254150390625,0.24627685546875,0.35467529296875
1.2825109810000002,0.24737548828125,0.24627685546875,0.35467529296875
1.2835117280000001,0.2442626953125,0.24627685546875,0.35467529296875
1.284508105,0.2457275390625,0.24627685546875,0.35467529296875
1.2855109260000002,0.2457275390625,0.24627685546875,0.35467529296875
1.2865091730000002,0.2457275390625,0.2373046875,0.344970703125
1.2875049760000001,0.23876953125,0.2373046875,0.344970703125
1.2885040930000002,0.2354736328125,0.2373046875,0.344970703125
1.2895053220000001,0.2354736328125,0.2373046875,0.344970703125
1.290512198,0.2354736328125,0.2373046875,0.344970703125
1.2915093720000002,0.23712158203125,0.22833251953125,0.33599853515625
1.2925059710000002,0.23052978515625,0.22833251953125,0.33599853515625
1.293690882,0.22357177734375,0.22833251953125,0.33599853515625
1.2945119090000001,0.230712890625,0.22833251953125,0.33599853515625
1.2955007310000002,0.22357177734375,0.22833251953125,0.33599853515625
1.296499978,0.22723388671875,0.2193603515625,0.3270263671875
1.297502836,0.221923828125,0.2193603515625,0.3270263671875
1.2985032680000002,0.21533203125,0.2193603515625,0.3270263671875
1.299492978,0.2186279296875,0.2193603515625,0.3270263671875
1.3004993370000002,0.21697998046875,0.2193603515625,0.3270263671875
1.301499732,0.221923828125,0.21038818359375,0.31805419921875
1.3024495910000002,0.21533203125,0.21038818359375,0.31805419921875
1.303499171,0.21002197265625,0.21038818359375,0.31805419921875
1.304491659,0.211669921875,0.21038818359375,0.31805419921875
1.305498406,0.21002197265625,0.21038818359375,0.31805419921875
1.3064981530000002,0.2083740234375,0.201416015625,0.30908203125
1.3074488450000001,0.20343017578125,0.201416015625,0.30908203125
1.308494591,0.2017822265625,0.201416015625,0.30908203125
1.309498913,0.2017822265625,0.201416015625,0.30908203125
1.3104959749999998,0.20013427734375,0.201416015625,0.30908203125
1.311448037,0.20343017578125,0.19244384765625,0.30010986328125
1.3125010060000002,0.19647216796875,0.19244384765625,0.30010986328125
1.313499234,0.18988037109375,0.19244384765625,0.30010986328125
1.314493241,0.18658447265625,0.19244384765625,0.30010986328125
1.3154930440000001,0.19482421875,0.19244384765625,0.30010986328125
1.316436736,0.18804931640625,0.1834716796875,0.29150390625
1.317490131,0.188232421875,0.1834716796875,0.29150390625
1.3184912670000002,0.18328857421875,0.1834716796875,0.29150390625
1.31949118,0.1849365234375,0.1834716796875,0.29150390625
1.3204923530000001,0.1849365234375,0.1834716796875,0.29150390625
1.321487564,0.1812744140625,0.17449951171875,0.28216552734375
1.3224957920000002,0.17449951171875,0.17449951171875,0.28216552734375
1.323490021,0.16937255859375,0.17449951171875,0.28216552734375
1.3244887859999999,0.16973876953125,0.17449951171875,0.28216552734375
1.325483589,0.1746826171875,0.17449951171875,0.28216552734375
1.326489299,0.1746826171875,0.16552734375,0.273193359375
1.327488157,0.1695556640625,0.16552734375,0.273193359375
1.3284854789999998,0.16607666015625,0.16552734375,0.273193359375
1.3294828550000002,0.16607666015625,0.16552734375,0.273193359375
1.330483047,0.15948486328125,0.16552734375,0.273193359375
1.331494164,0.16278076171875,0.15655517578125,0.26422119140625
1.3324926339999998,0.1578369140625,0.15655517578125,0.26422119140625
1.3334916959999998,0.15435791015625,0.15655517578125,0.26422119140625
1.334491609,0.15252685546875,0.15655517578125,0.26422119140625
1.335487486,0.15618896484375,0.1483154296875,0.26422119140625
1.33648803,0.15252685546875,0.1483154296875,0.2552490234375
1.337483444,0.14923095703125,0.1483154296875,0.2552490234375
1.338484191,0.14593505859375,0.1483154296875,0.2552490234375
1.33948466,0.14593505859375,0.1483154296875,0.2552490234375
1.340487259,0.1475830078125,0.1483154296875,0.2552490234375
1.341492432,0.15252685546875,0.15802001953125,0.24627685546875
1.342484883,0.15618896484375,0.15802001953125,0.24627685546875
1.3434877410000001,0.1611328125,0.15802001953125,0.24627685546875
1.344486266,0.1611328125,0.15802001953125,0.24627685546875
1.345487532,0.15618896484375,0.15802001953125,0.24627685546875
1.3464902420000002,0.16278076171875,0.1669921875,0.2373046875
1.3474866740000002,0.16278076171875,0.1669921875,0.2373046875
1.348487403,0.1732177734375,0.1669921875,0.2373046875
1.349484242,0.16973876953125,0.1669921875,0.2373046875
1.3504953039999998,0.16424560546875,0.1669921875,0.2373046875
1.3514858850000002,0.16607666015625,0.15802001953125,0.22833251953125
1.352487687,0.1611328125,0.15802001953125,0.22833251953125
1.353495101,0.15618896484375,0.15802001953125,0.22833251953125
1.3544872190000001,0.15765380859375,0.15802001953125,0.22833251953125
1.3554870769999998,0.1578369140625,0.15802001953125,0.22833251953125
1.3565433050000002,0.15618896484375,0.1669921875,0.2193603515625
1.3574826080000002,0.16607666015625,0.1669921875,0.2193603515625
1.358493207,0.17138671875,0.1669921875,0.2193603515625
1.359531676,0.16607666015625,0.1669921875,0.2193603515625
1.360531386,0.16607666015625,0.1669921875,0.2193603515625
1.3615338929999998,0.16607666015625,0.1761474609375,0.21038818359375
1.362533547,0.17449951171875,0.1761474609375,0.21038818359375
1.3635338680000002,0.1812744140625,0.1761474609375,0.21038818359375
1.364538671,0.17962646484375,0.1761474609375,0.21038818359375
1.365542548,0.17633056640625,0.1761474609375,0.21038818359375
1.3665265359999998,0.177978515625,0.16717529296875,0.201416015625
1.3675261719999998,0.16973876953125,0.16717529296875,0.201416015625
1.3685301779999999,0.16607666015625,0.16717529296875,0.201416015625
1.369484129,0.16278076171875,0.16717529296875,0.201416015625
1.3705364320000002,0.16607666015625,0.16717529296875,0.201416015625
1.3715355859999998,0.16973876953125,0.1761474609375,0.19244384765625
1.3725357219999998,0.1746826171875,0.1761474609375,0.19244384765625
1.373527729,0.17962646484375,0.1761474609375,0.19244384765625
1.3744796240000001,0.177978515625,0.1761474609375,0.19244384765625
1.375520871,0.17303466796875,0.1761474609375,0.19244384765625
1.3765276549999999,0.177978515625,0.18511962890625,0.1834716796875
1.37752731,0.1812744140625,0.18511962890625,0.1834716796875
1.3785334269999998,0.18658447265625,0.18511962890625,0.1834716796875
1.3795273040000002,0.1915283203125,0.18511962890625,0.1834716796875
1.380520459,0.18658447265625,0.18511962890625,0.1834716796875
1.381531613,0.18658447265625,0.194091796875,0.17449951171875
1.3825244159999999,0.18988037109375,0.194091796875,0.17449951171875
1.3835279589999998,0.19482421875,0.194091796875,0.17449951171875
1.384522595,0.1981201171875,0.194091796875,0.17449951171875
1.3855930450000002,0.19482421875,0.20233154296875,0.17449951171875
1.386530052,0.19647216796875,0.20233154296875,0.16552734375
1.3875204110000001,0.20013427734375,0.20233154296875,0.16552734375
1.388524602,0.2017822265625,0.20233154296875,0.16552734375
1.38952259,0.20343017578125,0.20233154296875,0.16552734375
1.390527059,0.20526123046875,0.20233154296875,0.16552734375
1.3915245290000002,0.20343017578125,0.2120361328125,0.15655517578125
1.392528591,0.2083740234375,0.2120361328125,0.15655517578125
1.3935333189999999,0.211669921875,0.2120361328125,0.15655517578125
1.394518863,0.21368408203125,0.2120361328125,0.15655517578125
1.395520925,0.21002197265625,0.2120361328125,0.15655517578125
1.3965165050000001,0.2135009765625,0.22100830078125,0.1483154296875
1.3975181230000002,0.2186279296875,0.22100830078125,0.1483154296875
1.398518722,0.2252197265625,0.22100830078125,0.1483154296875
1.3995234870000002,0.22357177734375,0.22100830078125,0.1483154296875
1.40051542,0.22027587890625,0.22100830078125,0.1483154296875
1.4015183709999999,0.2252197265625,0.22998046875,0.15802001953125
1.4025231360000001,0.2252197265625,0.22998046875,0.15802001953125
1.4035205680000002,0.232177734375,0.22998046875,0.15802001953125
1.4045155930000002,0.23382568359375,0.22998046875,0.15802001953125
1.4055205810000002,0.232177734375,0.22998046875,0.15802001953125
1.4065180320000001,0.230712890625,0.22100830078125,0.1669921875
1.407514483,0.22357177734375,0.22100830078125,0.1669921875
1.4085124709999999,0.21368408203125,0.22100830078125,0.1669921875
1.409514755,0.21881103515625,0.22100830078125,0.1669921875
1.41051028,0.221923828125,0.22100830078125,0.1669921875
1.4115122489999998,0.22357177734375,0.2120361328125,0.15802001953125
1.412504793,0.21533203125,0.2120361328125,0.15802001953125
1.4135103359999999,0.2083740234375,0.2120361328125,0.15802001953125
1.414518787,0.211669921875,0.2120361328125,0.15802001953125
1.415511071,0.211669921875,0.2120361328125,0.15802001953125
1.4165084669999999,0.211669921875,0.20306396484375,0.1669921875
1.4175094910000001,0.20672607421875,0.20306396484375,0.1669921875
1.418511016,0.2017822265625,0.20306396484375,0.1669921875
1.4195096889999999,0.20343017578125,0.20306396484375,0.1669921875
1.420512307,0.2017822265625,0.20306396484375,0.1669921875
1.421509184,0.20013427734375,0.194091796875,0.1761474609375
1.42250656,0.19647216796875,0.194091796875,0.1761474609375
1.4235093079999999,0.19317626953125,0.194091796875,0.1761474609375
1.4245071290000002,0.1915283203125,0.194091796875,0.1761474609375
1.425512265,0.19647216796875,0.194091796875,0.1761474609375
1.4265028270000002,0.19317626953125,0.18511962890625,0.16717529296875
1.4275086849999998,0.18658447265625,0.18511962890625,0.16717529296875
1.4285055990000002,0.18328857421875,0.18511962890625,0.16717529296875
1.42950855,0.18511962890625,0.18511962890625,0.16717529296875
1.4305025370000002,0.18328857421875,0.18511962890625,0.16717529296875
1.4315026180000001,0.18475341796875,0.1761474609375,0.1761474609375
1.432498754,0.177978515625,0.1761474609375,0.1761474609375
1.43350176,0.17303466796875,0.1761474609375,0.1761474609375
1.4345014520000001,0.17303466796875,0.1761474609375,0.1761474609375
1.4354985510000002,0.17303466796875,0.1761474609375,0.1761474609375
1.43649652,0.17120361328125,0.16717529296875,0.18511962890625
1.4375023040000001,0.16973876953125,0.16717529296875,0.18511962890625
1.438498718,0.16278076171875,0.16717529296875,0.18511962890625
1.4394985400000002,0.1611328125,0.16717529296875,0.18511962890625
1.44049862,0.16278076171875,0.16717529296875,0.18511962890625
1.441448608,0.16973876953125,0.158203125,0.194091796875
1.442498929,0.16278076171875,0.158203125,0.194091796875
1.443498102,0.15618896484375,0.158203125,0.194091796875
1.4444976459999999,0.15252685546875,0.158203125,0.194091796875
1.4454921330000001,0.15252685546875,0.158203125,0.194091796875
1.44644527,0.15948486328125,0.14923095703125,0.20233154296875
1.44749735,0.14923095703125,0.14923095703125,0.20233154296875
1.4485087449999998,0.15087890625,0.14923095703125,0.20233154296875
1.4494978440000001,0.14593505859375,0.14923095703125,0.20233154296875
1.450502165,0.15252685546875,0.14923095703125,0.20233154296875
1.4514994680000002,0.14923095703125,0.1402587890625,0.2120361328125
1.4525010850000002,0.1475830078125,0.1402587890625,0.2120361328125
1.453501073,0.13897705078125,0.1402587890625,0.2120361328125
1.4544938950000001,0.13714599609375,0.1402587890625,0.2120361328125
1.455499901,0.13714599609375,0.1402587890625,0.2120361328125
1.4564894449999999,0.144287109375,0.14923095703125,0.22100830078125
1.4574907289999999,0.14923095703125,0.14923095703125,0.22100830078125
1.4584919570000001,0.14923095703125,0.14923095703125,0.22100830078125
1.459492149,0.15069580078125,0.14923095703125,0.22100830078125
1.4604879890000002,0.14923095703125,0.14923095703125,0.22100830078125
1.46150205,0.14923095703125,0.158203125,0.22998046875
1.462491038,0.1578369140625,0.158203125,0.22998046875
1.463494545,0.15948486328125,0.158203125,0.22998046875
1.4644916070000003,0.1644287109375,0.158203125,0.22998046875
1.4655043540000001,0.15618896484375,0.14996337890625,0.22998046875
1.466492064,0.15618896484375,0.14996337890625,0.22100830078125
1.467438219,0.14923095703125,0.14996337890625,0.22100830078125
1.4684803359999998,0.14739990234375,0.14996337890625,0.22100830078125
1.469480028,0.14923095703125,0.14996337890625,0.22100830078125
1.470482553,0.15087890625,0.14996337890625,0.22100830078125
1.4714886329999999,0.15252685546875,0.15966796875,0.2120361328125
1.472483565,0.1611328125,0.15966796875,0.2120361328125
1.4734840350000002,0.15948486328125,0.15966796875,0.2120361328125
1.474488004,0.15765380859375,0.15966796875,0.2120361328125
1.4754838440000002,0.15618896484375,0.15966796875,0.2120361328125
1.476484128,0.16278076171875,0.16864013671875,0.20306396484375
1.4774856710000002,0.167724609375,0.16864013671875,0.20306396484375
1.4784931590000001,0.16973876953125,0.16864013671875,0.20306396484375
1.4794981649999999,0.16973876953125,0.16864013671875,0.20306396484375
1.480482265,0.16607666015625,0.16864013671875,0.20306396484375
1.481483956,0.16790771484375,0.1776123046875,0.194091796875
1.4824860000000002,0.1746826171875,0.1776123046875,0.194091796875
1.4834860989999998,0.17779541015625,0.1776123046875,0.194091796875
1.4844798460000002,0.1812744140625,0.1776123046875,0.194091796875
1.485485074,0.17962646484375,0.1776123046875,0.194091796875
1.486480433,0.17633056640625,0.18658447265625,0.18511962890625
1.487484217,0.18328857421875,0.18658447265625,0.18511962890625
1.488487723,0.188232421875,0.18658447265625,0.18511962890625
1.489489452,0.1915283203125,0.18658447265625,0.18511962890625
1.4904909769999999,0.18475341796875,0.18658447265625,0.18511962890625
1.4914807420000002,0.18658447265625,0.1776123046875,0.1761474609375
1.492482008,0.177978515625,0.1776123046875,0.1761474609375
1.493486662,0.177978515625,0.1776123046875,0.1761474609375
1.4944919840000002,0.17633056640625,0.1776123046875,0.1761474609375
1.49549399,0.17633056640625,0.1776123046875,0.1761474609375
1.496534237,0.177978515625,0.16864013671875,0.16717529296875
1.4974827250000002,0.1746826171875,0.16864013671875,0.16717529296875
1.498485509,0.17138671875,0.16864013671875,0.16717529296875
1.4994868490000002,0.167724609375,0.16864013671875,0.16717529296875
1.5005316880000001,0.16607666015625,0.16864013671875,0.16717529296875
1.501533824,0.16790771484375,0.15948486328125,0.158203125
1.50248385,0.1644287109375,0.15948486328125,0.158203125
1.5035438180000003,0.15948486328125,0.15948486328125,0.158203125
1.5045304910000001,0.1578369140625,0.15948486328125,0.158203125
1.5055359790000002,0.15948486328125,0.15948486328125,0.158203125
1.5065412820000001,0.15618896484375,0.1505126953125,0.14923095703125
1.5074810850000002,0.14923095703125,0.1505126953125,0.14923095703125
1.508528128,0.14410400390625,0.1505126953125,0.14923095703125
1.5095293010000002,0.14923095703125,0.1505126953125,0.14923095703125
1.5105424370000002,0.14593505859375,0.1505126953125,0.14923095703125
1.511473981,0.14923095703125,0.15948486328125,0.1402587890625
1.5125301910000002,0.1611328125,0.15948486328125,0.1402587890625
1.51352866,0.15765380859375,0.15948486328125,0.1402587890625
1.5145531289999998,0.16278076171875,0.15948486328125,0.1402587890625
1.515525154,0.15948486328125,0.15948486328125,0.1402587890625
1.516520698,0.15618896484375,0.1505126953125,0.14923095703125
1.517533556,0.15252685546875,0.1505126953125,0.14923095703125
1.518523896,0.14593505859375,0.1505126953125,0.14923095703125
1.5195316610000003,0.14923095703125,0.1505126953125,0.14923095703125
1.5205249640000003,0.14923095703125,0.1505126953125,0.14923095703125
1.521483397,0.14593505859375,0.15948486328125,0.158203125
1.522522977,0.1541748046875,0.15948486328125,0.158203125
1.523517724,0.15948486328125,0.15948486328125,0.158203125
1.524523527,0.15948486328125,0.15948486328125,0.158203125
1.525526626,0.15618896484375,0.15948486328125,0.158203125
1.5264726140000002,0.16278076171875,0.16845703125,0.14996337890625
1.5275204900000001,0.16607666015625,0.16845703125,0.14996337890625
1.5285164230000001,0.16607666015625,0.16845703125,0.14996337890625
1.529517522,0.17303466796875,0.16845703125,0.14996337890625
1.530623582,0.17138671875,0.1768798828125,0.14996337890625
1.5315138309999998,0.17138671875,0.1768798828125,0.15966796875
1.532518708,0.17303466796875,0.1768798828125,0.15966796875
1.533525455,0.17633056640625,0.1768798828125,0.15966796875
1.534520294,0.17962646484375,0.1768798828125,0.15966796875
1.535519282,0.17962646484375,0.1768798828125,0.15966796875
1.5365129,0.17962646484375,0.1864013671875,0.16864013671875
1.537517851,0.18658447265625,0.1864013671875,0.16864013671875
1.538517727,0.18988037109375,0.1864013671875,0.16864013671875
1.5395189189999998,0.188232421875,0.1864013671875,0.16864013671875
1.5405176850000002,0.18658447265625,0.1864013671875,0.16864013671875
1.5415184320000002,0.18328857421875,0.17742919921875,0.1776123046875
1.542512586,0.17779541015625,0.17742919921875,0.1776123046875
1.5435172590000001,0.17633056640625,0.17742919921875,0.1776123046875
1.544516914,0.1746826171875,0.17742919921875,0.1776123046875
1.5455134570000002,0.177978515625,0.17742919921875,0.1776123046875
1.5464646490000002,0.17962646484375,0.1864013671875,0.18658447265625
1.5475121920000001,0.18658447265625,0.1864013671875,0.18658447265625
1.5485140689999999,0.18658447265625,0.1864013671875,0.18658447265625
1.549511946,0.18988037109375,0.1864013671875,0.18658447265625
1.5505084519999999,0.18988037109375,0.1864013671875,0.18658447265625
1.5515052919999999,0.18658447265625,0.19537353515625,0.1776123046875
1.552509021,0.18988037109375,0.19537353515625,0.1776123046875
1.5535133970000001,0.19317626953125,0.19537353515625,0.1776123046875
1.554511163,0.1981201171875,0.19537353515625,0.1776123046875
1.555514021,0.19482421875,0.19537353515625,0.1776123046875
1.5565084539999998,0.18988037109375,0.204345703125,0.16864013671875
1.557509719,0.20013427734375,0.204345703125,0.16864013671875
1.5585071890000002,0.2017822265625,0.204345703125,0.16864013671875
1.5595143619999998,0.205078125,0.204345703125,0.16864013671875
1.5605080720000002,0.20343017578125,0.204345703125,0.16864013671875
1.5614559310000002,0.20343017578125,0.2135009765625,0.15948486328125
1.562506103,0.211669921875,0.2135009765625,0.15948486328125
1.563505535,0.21368408203125,0.2135009765625,0.15948486328125
1.564504301,0.2171630859375,0.2135009765625,0.15948486328125
1.565502789,0.21368408203125,0.2135009765625,0.15948486328125
1.5664522220000001,0.21533203125,0.2222900390625,0.1505126953125
1.5675026719999998,0.2186279296875,0.2222900390625,0.1505126953125
1.5685055669999999,0.22357177734375,0.2222900390625,0.1505126953125
1.569505629,0.22027587890625,0.2222900390625,0.1505126953125
1.570496673,0.221923828125,0.2222900390625,0.1505126953125
1.571496975,0.221923828125,0.21331787109375,0.15948486328125
1.572504704,0.21533203125,0.21331787109375,0.15948486328125
1.5735059329999999,0.21002197265625,0.21331787109375,0.15948486328125
1.5745070870000002,0.21185302734375,0.21331787109375,0.15948486328125
1.575503334,0.211669921875,0.21331787109375,0.15948486328125
1.5764500080000001,0.21533203125,0.204345703125,0.1505126953125
1.5774914770000001,0.2083740234375,0.204345703125,0.1505126953125
1.5785009090000002,0.2017822265625,0.204345703125,0.1505126953125
1.579500527,0.2017822265625,0.204345703125,0.1505126953125
1.580498477,0.2017822265625,0.204345703125,0.1505126953125
1.581507169,0.205078125,0.19537353515625,0.15948486328125
1.582496935,0.2017822265625,0.19537353515625,0.15948486328125
1.5834996449999998,0.19317626953125,0.19537353515625,0.15948486328125
1.584496003,0.18658447265625,0.19537353515625,0.15948486328125
1.5854977689999998,0.19317626953125,0.19537353515625,0.15948486328125
1.586446387,0.19647216796875,0.1864013671875,0.16845703125
1.587499411,0.18658447265625,0.1864013671875,0.16845703125
1.5884950839999998,0.18658447265625,0.1864013671875,0.16845703125
1.5894940160000002,0.18328857421875,0.1864013671875,0.16845703125
1.590496726,0.1849365234375,0.1864013671875,0.16845703125
1.591498825,0.18658447265625,0.17742919921875,0.1768798828125
1.5924985170000001,0.17962646484375,0.17742919921875,0.1768798828125
1.593502042,0.17633056640625,0.17742919921875,0.1768798828125
1.594501159,0.17303466796875,0.17742919921875,0.1768798828125
1.5955528500000002,0.17449951171875,0.169189453125,0.1768798828125
1.5964909130000002,0.17633056640625,0.169189453125,0.1864013671875
1.5974908449999998,0.16973876953125,0.169189453125,0.1864013671875
1.598489796,0.16607666015625,0.169189453125,0.1864013671875
1.599488895,0.16607666015625,0.169189453125,0.1864013671875
1.600487846,0.16973876953125,0.169189453125,0.1864013671875
1.6014862779999999,0.16607666015625,0.15948486328125,0.17742919921875
1.6024892290000001,0.167724609375,0.15948486328125,0.17742919921875
1.6036734739999998,0.15618896484375,0.15948486328125,0.17742919921875
1.6044861310000003,0.15948486328125,0.15948486328125,0.17742919921875
1.6054855259999998,0.15948486328125,0.15948486328125,0.17742919921875
1.6064919770000001,0.15765380859375,0.1505126953125,0.1864013671875
1.607486224,0.14923095703125,0.1505126953125,0.1864013671875
1.60848586,0.14923095703125,0.1505126953125,0.1864013671875
1.6094830519999999,0.14923095703125,0.1505126953125,0.1864013671875
1.6104896320000002,0.14739990234375,0.1505126953125,0.1864013671875
1.611489953,0.15252685546875,0.15948486328125,0.19537353515625
1.61249646,0.1611328125,0.15948486328125,0.19537353515625
1.6134876510000002,0.16094970703125,0.15948486328125,0.19537353515625
1.6144918980000003,0.16278076171875,0.15948486328125,0.19537353515625
1.615483164,0.15948486328125,0.15948486328125,0.19537353515625
1.6164827819999998,0.15948486328125,0.16845703125,0.204345703125
1.61748477,0.16278076171875,0.16845703125,0.204345703125
1.618485813,0.17303466796875,0.16845703125,0.204345703125
1.6194792640000002,0.17138671875,0.16845703125,0.204345703125
1.6204802699999998,0.16973876953125,0.16845703125,0.204345703125
1.621487295,0.16424560546875,0.15948486328125,0.2135009765625
1.622482079,0.15948486328125,0.15948486328125,0.2135009765625
1.6234959190000002,0.15618896484375,0.15948486328125,0.2135009765625
1.6244837030000001,0.15618896484375,0.15948486328125,0.2135009765625
1.6254870060000002,0.15948486328125,0.15948486328125,0.2135009765625
1.6264871790000002,0.1644287109375,0.16845703125,0.2222900390625
1.627480759,0.16607666015625,0.16845703125,0.2222900390625
1.628484136,0.16973876953125,0.16845703125,0.2222900390625
1.629485957,0.17303466796875,0.16845703125,0.2222900390625
1.630486667,0.17138671875,0.16845703125,0.2222900390625
1.6314852480000002,0.16973876953125,0.17742919921875,0.21331787109375
1.6324850130000002,0.17303466796875,0.17742919921875,0.21331787109375
1.6334802609999999,0.17633056640625,0.17742919921875,0.21331787109375
1.634487693,0.17962646484375,0.17742919921875,0.21331787109375
1.635491199,0.17962646484375,0.17742919921875,0.21331787109375
1.636484132,0.177978515625,0.1864013671875,0.204345703125
1.6375324890000003,0.18328857421875,0.1864013671875,0.204345703125
1.6385349590000002,0.18658447265625,0.1864013671875,0.204345703125
1.639483706,0.18658447265625,0.1864013671875,0.204345703125
1.640483879,0.188232421875,0.1864013671875,0.204345703125
1.641537644,0.188232421875,0.19537353515625,0.19537353515625
1.642533095,0.19482421875,0.19537353515625,0.19537353515625
1.6435325650000001,0.19317626953125,0.19537353515625,0.19537353515625
1.6445337380000002,0.1981201171875,0.19537353515625,0.19537353515625
1.6455295960000003,0.1981201171875,0.19537353515625,0.19537353515625
1.646536121,0.19317626953125,0.20452880859375,0.1864013671875
1.647529053,0.20013427734375,0.20452880859375,0.1864013671875
1.6484788570000002,0.2083740234375,0.20452880859375,0.1864013671875
1.649522659,0.20672607421875,0.20452880859375,0.1864013671875
1.650529609,0.2017822265625,0.20452880859375,0.1864013671875
1.651533616,0.20343017578125,0.195556640625,0.17742919921875
1.652532141,0.1981201171875,0.195556640625,0.17742919921875
1.65353124,0.19317626953125,0.195556640625,0.17742919921875
1.654529579,0.19317626953125,0.195556640625,0.17742919921875
1.6556355100000002,0.19647216796875,0.18695068359375,0.17742919921875
1.6565287030000002,0.19647216796875,0.18695068359375,0.169189453125
1.657523951,0.188232421875,0.18695068359375,0.169189453125
1.65852529,0.18658447265625,0.18695068359375,0.169189453125
1.659524056,0.18328857421875,0.18695068359375,0.169189453125
1.660528303,0.18328857421875,0.18695068359375,0.169189453125
1.6615241429999998,0.18658447265625,0.1776123046875,0.15948486328125
1.6625356679999999,0.17962646484375,0.1776123046875,0.15948486328125
1.6635318040000002,0.17303466796875,0.1776123046875,0.15948486328125
1.664521847,0.1746826171875,0.1776123046875,0.15948486328125
1.6655295200000002,0.17633056640625,0.1776123046875,0.15948486328125
1.666522601,0.17633056640625,0.16864013671875,0.1505126953125
1.66752207,0.17120361328125,0.16864013671875,0.1505126953125
1.66852015,0.16607666015625,0.16864013671875,0.1505126953125
1.669527268,0.167724609375,0.16864013671875,0.1505126953125
1.6705220889999999,0.16607666015625,0.16864013671875,0.1505126953125
1.671521373,0.167724609375,0.15966796875,0.15948486328125
1.672522565,0.16278076171875,0.15966796875,0.15948486328125
1.673718569,0.1578369140625,0.15966796875,0.15948486328125
1.6745289850000002,0.15618896484375,0.15966796875,0.15948486328125
1.675515806,0.1611328125,0.15966796875,0.15948486328125
1.676515202,0.15948486328125,0.15069580078125,0.16845703125
1.6775176150000002,0.15618896484375,0.15069580078125,0.16845703125
1.678516529,0.14593505859375,0.15069580078125,0.16845703125
1.679506962,0.14593505859375,0.15069580078125,0.16845703125
1.6805143569999998,0.14923095703125,0.15069580078125,0.16845703125
1.6815160110000003,0.14923095703125,0.1417236328125,0.15948486328125
1.6824637409999998,0.14739990234375,0.1417236328125,0.15948486328125
1.683509839,0.14080810546875,0.1417236328125,0.15948486328125
1.6845125310000002,0.13897705078125,0.1417236328125,0.15948486328125
1.6855198150000001,0.144287109375,0.1417236328125,0.15948486328125
1.686520969,0.140625,0.13275146484375,0.16845703125
1.6874646060000003,0.13568115234375,0.13275146484375,0.16845703125
1.688512889,0.13238525390625,0.13275146484375,0.16845703125
1.6895122110000003,0.12908935546875,0.13275146484375,0.16845703125
1.6905106619999999,0.12908935546875,0.13275146484375,0.16845703125
1.6914700759999999,0.13238525390625,0.1417236328125,0.17742919921875
1.692506248,0.140625,0.1417236328125,0.17742919921875
1.693510829,0.14593505859375,0.1417236328125,0.17742919921875
1.694509632,0.14263916015625,0.1417236328125,0.17742919921875
1.6956095439999999,0.14263916015625,0.14996337890625,0.17742919921875
1.696505089,0.14263916015625,0.14996337890625,0.1864013671875
1.6975087430000002,0.14923095703125,0.14996337890625,0.1864013671875
1.6985097869999999,0.15252685546875,0.14996337890625,0.1864013671875
1.6995040339999998,0.1527099609375,0.14996337890625,0.1864013671875
1.7005042070000003,0.14923095703125,0.14996337890625,0.1864013671875
1.7015064359999998,0.15252685546875,0.1402587890625,0.19537353515625
1.7025080529999999,0.14080810546875,0.1402587890625,0.19537353515625
1.7034978930000002,0.13568115234375,0.1402587890625,0.19537353515625
1.704454289,0.1373291015625,0.1402587890625,0.19537353515625
1.705502869,0.13897705078125,0.1402587890625,0.19537353515625
1.7065112080000002,0.14263916015625,0.14923095703125,0.20452880859375
1.707504418,0.1475830078125,0.14923095703125,0.20452880859375
1.70845287,0.15252685546875,0.14923095703125,0.20452880859375
1.709499857,0.14739990234375,0.14923095703125,0.20452880859375
1.7105064749999999,0.15252685546875,0.14923095703125,0.20452880859375
1.7114450740000002,0.14739990234375,0.1402587890625,0.195556640625
1.7125018020000002,0.144287109375,0.1402587890625,0.195556640625
1.71350792,0.13568115234375,0.1402587890625,0.195556640625
1.7145696849999998,0.13897705078125,0.1402587890625,0.195556640625
1.715614301,0.13897705078125,0.148681640625,0.195556640625
1.716501365,0.14080810546875,0.148681640625,0.18695068359375
1.717519093,0.14923095703125,0.148681640625,0.18695068359375
1.7185035260000001,0.15252685546875,0.148681640625,0.18695068359375
1.7195019770000002,0.14923095703125,0.148681640625,0.18695068359375
1.720504113,0.14923095703125,0.148681640625,0.18695068359375
1.7214971930000003,0.14923095703125,0.13916015625,0.1776123046875
1.722497051,0.13897705078125,0.13916015625,0.1776123046875
1.7234966320000003,0.13568115234375,0.13916015625,0.1776123046875
1.724494305,0.13897705078125,0.13916015625,0.1776123046875
1.7255030150000001,0.140625,0.13916015625,0.1776123046875
1.7264461890000002,0.14080810546875,0.14813232421875,0.16864013671875
1.7274909910000003,0.14593505859375,0.14813232421875,0.16864013671875
1.7284927190000001,0.14923095703125,0.14813232421875,0.16864013671875
1.7294975780000001,0.15252685546875,0.14813232421875,0.16864013671875
1.7305019910000001,0.14739990234375,0.14813232421875,0.16864013671875
1.7314848130000002,0.14923095703125,0.1571044921875,0.15966796875
1.732492337,0.15252685546875,0.1571044921875,0.15966796875
1.7334930480000001,0.15618896484375,0.1571044921875,0.15966796875
1.734496702,0.15948486328125,0.1571044921875,0.15966796875
1.735486672,0.15948486328125,0.1571044921875,0.15966796875
1.736503178,0.1611328125,0.16607666015625,0.15069580078125
1.7374896840000003,0.15948486328125,0.16607666015625,0.15069580078125
1.7384963390000001,0.16607666015625,0.16607666015625,0.15069580078125
1.7394925300000001,0.16973876953125,0.16607666015625,0.15069580078125
1.7404932770000001,0.16973876953125,0.16607666015625,0.15069580078125
1.741437673,0.16094970703125,0.175048828125,0.1417236328125
1.7424895679999999,0.16973876953125,0.175048828125,0.1417236328125
1.7434865,0.17303466796875,0.175048828125,0.1417236328125
1.7444856359999998,0.1812744140625,0.175048828125,0.1417236328125
1.7454890500000002,0.1746826171875,0.175048828125,0.1417236328125
1.746440261,0.17633056640625,0.18402099609375,0.13275146484375
1.747481359,0.1812744140625,0.18402099609375,0.13275146484375
1.74848531,0.1849365234375,0.18402099609375,0.13275146484375
1.7494873170000003,0.18658447265625,0.18402099609375,0.13275146484375
1.750491045,0.18328857421875,0.18402099609375,0.13275146484375
1.7514831069999999,0.18328857421875,0.1929931640625,0.1417236328125
1.7524833540000002,0.18658447265625,0.1929931640625,0.1417236328125
1.753485157,0.19317626953125,0.1929931640625,0.1417236328125
1.7544858479999998,0.19317626953125,0.1929931640625,0.1417236328125
1.7554810400000003,0.1915283203125,0.1929931640625,0.1417236328125
1.7564945829999998,0.19317626953125,0.20196533203125,0.14996337890625
1.7574881640000002,0.20013427734375,0.20196533203125,0.14996337890625
1.758484448,0.205078125,0.20196533203125,0.14996337890625
1.759482399,0.20343017578125,0.20196533203125,0.14996337890625
1.760483239,0.20013427734375,0.20196533203125,0.14996337890625
1.76148593,0.205078125,0.2109375,0.1402587890625
1.7624907699999999,0.2083740234375,0.2109375,0.1402587890625
1.763482517,0.21533203125,0.2109375,0.1402587890625
1.764483653,0.21368408203125,0.2109375,0.1402587890625
1.765481308,0.21185302734375,0.2109375,0.1402587890625
1.766490814,0.20672607421875,0.21990966796875,0.14923095703125
1.767491283,0.21697998046875,0.21990966796875,0.14923095703125
1.768483271,0.2237548828125,0.21990966796875,0.14923095703125
1.7694959630000002,0.221923828125,0.21990966796875,0.14923095703125
1.7704861360000002,0.221923828125,0.21990966796875,0.14923095703125
1.771485883,0.2186279296875,0.2109375,0.1402587890625
1.7724870190000002,0.2171630859375,0.2109375,0.1402587890625
1.773491414,0.20672607421875,0.2109375,0.1402587890625
1.7744790689999999,0.210205078125,0.2109375,0.1402587890625
1.775490038,0.211669921875,0.2109375,0.1402587890625
1.776479878,0.2135009765625,0.20196533203125,0.148681640625
1.7774840140000001,0.205078125,0.20196533203125,0.148681640625
1.778493631,0.20013427734375,0.20196533203125,0.148681640625
1.779542341,0.2017822265625,0.20196533203125,0.148681640625
1.780533625,0.2017822265625,0.20196533203125,0.148681640625
1.78148778,0.2017822265625,0.19281005859375,0.13916015625
1.782532712,0.19647216796875,0.19281005859375,0.13916015625
1.783529718,0.18988037109375,0.19281005859375,0.13916015625
1.7845306880000003,0.19482421875,0.19281005859375,0.13916015625
1.7855399530000002,0.19317626953125,0.19281005859375,0.13916015625
1.786530515,0.1966552734375,0.183837890625,0.14813232421875
1.7875285220000001,0.18328857421875,0.183837890625,0.14813232421875
1.788528973,0.18328857421875,0.183837890625,0.14813232421875
1.7895293680000002,0.18328857421875,0.183837890625,0.14813232421875
1.790529652,0.1812744140625,0.183837890625,0.14813232421875
1.791529418,0.18328857421875,0.17486572265625,0.1571044921875
1.792534554,0.1746826171875,0.17486572265625,0.1571044921875
1.793717595,0.17303466796875,0.17486572265625,0.1571044921875
1.794527622,0.17120361328125,0.17486572265625,0.1571044921875
1.795516499,0.17303466796875,0.17486572265625,0.1571044921875
1.7965256530000002,0.17303466796875,0.1658935546875,0.16607666015625
1.797521493,0.17303466796875,0.1658935546875,0.16607666015625
1.798528944,0.1644287109375,0.1658935546875,0.16607666015625
1.7995162470000001,0.16607666015625,0.1658935546875,0.16607666015625
1.8005172160000003,0.16278076171875,0.1658935546875,0.16607666015625
1.8015171850000002,0.16607666015625,0.15692138671875,0.175048828125
1.802472822,0.15948486328125,0.15692138671875,0.175048828125
1.8035202350000001,0.15252685546875,0.15692138671875,0.175048828125
1.8045197970000002,0.15618896484375,0.15692138671875,0.175048828125
1.805527637,0.15618896484375,0.15692138671875,0.175048828125
1.806525588,0.1578369140625,0.14794921875,0.18402099609375
1.8074719090000002,0.15252685546875,0.14794921875,0.18402099609375
1.8085168600000001,0.14410400390625,0.14794921875,0.18402099609375
1.8095170139999999,0.14593505859375,0.14794921875,0.18402099609375
1.8105262240000002,0.14593505859375,0.14794921875,0.18402099609375
1.811471139,0.14593505859375,0.13897705078125,0.1929931640625
1.8125242190000002,0.144287109375,0.13897705078125,0.1929931640625
1.813522244,0.13897705078125,0.13897705078125,0.1929931640625
1.814517602,0.13568115234375,0.13897705078125,0.1929931640625
1.8155176270000002,0.13897705078125,0.13897705078125,0.1929931640625
1.816513929,0.13897705078125,0.14794921875,0.20196533203125
1.8175167509999999,0.14410400390625,0.14794921875,0.20196533203125
1.818519313,0.14923095703125,0.14794921875,0.20196533203125
1.8195198000000001,0.14923095703125,0.14794921875,0.20196533203125
1.820516992,0.14923095703125,0.14794921875,0.20196533203125
1.821512443,0.14739990234375,0.15692138671875,0.2109375
1.822516894,0.15252685546875,0.15692138671875,0.2109375
1.823515252,0.15618896484375,0.15692138671875,0.2109375
1.8245102210000002,0.15618896484375,0.15692138671875,0.2109375
1.8255124870000001,0.15948486328125,0.15692138671875,0.2109375
1.8265156409999999,0.15618896484375,0.14794921875,0.21990966796875
1.8275162590000003,0.15252685546875,0.14794921875,0.21990966796875
1.8285135060000002,0.15087890625,0.14794921875,0.21990966796875
1.829508235,0.14593505859375,0.14794921875,0.21990966796875
1.830506019,0.14923095703125,0.14794921875,0.21990966796875
1.8314609330000002,0.14923095703125,0.13897705078125,0.2109375
1.832501347,0.14593505859375,0.13897705078125,0.2109375
1.833513242,0.13897705078125,0.13897705078125,0.2109375
1.834511285,0.13385009765625,0.13897705078125,0.2109375
1.835507866,0.13568115234375,0.13897705078125,0.2109375
1.836460465,0.14263916015625,0.14794921875,0.20196533203125
1.8375061929999998,0.14593505859375,0.14794921875,0.20196533203125
1.838505422,0.14593505859375,0.14794921875,0.20196533203125
1.839506391,0.14923095703125,0.14794921875,0.20196533203125
1.8405928409999999,0.14739990234375,0.1563720703125,0.20196533203125
1.841506126,0.14923095703125,0.1563720703125,0.19281005859375
1.8425055769999998,0.15618896484375,0.1563720703125,0.19281005859375
1.843504565,0.15948486328125,0.1563720703125,0.19281005859375
1.844500386,0.15948486328125,0.1563720703125,0.19281005859375
1.845462189,0.1578369140625,0.1563720703125,0.19281005859375
1.8465004550000002,0.15252685546875,0.1468505859375,0.183837890625
1.847506202,0.14923095703125,0.1468505859375,0.183837890625
1.8485087080000002,0.14593505859375,0.1468505859375,0.183837890625
1.849501177,0.14263916015625,0.1468505859375,0.183837890625
1.850494758,0.14923095703125,0.1468505859375,0.183837890625
1.851493042,0.14593505859375,0.13787841796875,0.17486572265625
1.852494289,0.14263916015625,0.13787841796875,0.17486572265625
1.853685756,0.13568115234375,0.13787841796875,0.17486572265625
1.8545019320000002,0.13568115234375,0.13787841796875,0.17486572265625
1.8554969200000002,0.13897705078125,0.13787841796875,0.17486572265625
1.856498111,0.13568115234375,0.1468505859375,0.1658935546875
1.8574987840000001,0.14593505859375,0.1468505859375,0.1658935546875
1.8585060310000001,0.14923095703125,0.1468505859375,0.1658935546875
1.859495038,0.14593505859375,0.1468505859375,0.1658935546875
1.8604952850000003,0.14263916015625,0.1468505859375,0.1658935546875
1.8614405330000001,0.14923095703125,0.15582275390625,0.15692138671875
1.862488946,0.15618896484375,0.15582275390625,0.15692138671875
1.8634960080000003,0.15618896484375,0.15582275390625,0.15692138671875
1.8644894220000001,0.15252685546875,0.15582275390625,0.15692138671875
1.8654994830000002,0.15618896484375,0.15582275390625,0.15692138671875
1.866444194,0.15765380859375,0.164794921875,0.14794921875
1.8674922189999998,0.16278076171875,0.164794921875,0.14794921875
1.868491336,0.16973876953125,0.164794921875,0.14794921875
1.869492176,0.16278076171875,0.164794921875,0.14794921875
1.870497571,0.167724609375,0.164794921875,0.14794921875
1.8714925770000002,0.15948486328125,0.15582275390625,0.13897705078125
1.872492973,0.15618896484375,0.15582275390625,0.13897705078125
1.8734945720000002,0.15252685546875,0.15582275390625,0.13897705078125
1.874490615,0.15069580078125,0.15582275390625,0.13897705078125
1.875489381,0.15618896484375,0.15582275390625,0.13897705078125
1.8764869060000002,0.15618896484375,0.1468505859375,0.14794921875
1.8774906900000001,0.1527099609375,0.1468505859375,0.14794921875
1.8784877890000002,0.14593505859375,0.1468505859375,0.14794921875
1.879485888,0.14593505859375,0.1468505859375,0.14794921875
1.880483505,0.14593505859375,0.1468505859375,0.14794921875
1.881495271,0.14410400390625,0.156005859375,0.15692138671875
1.8824867960000002,0.15252685546875,0.156005859375,0.15692138671875
1.8836750590000002,0.15948486328125,0.156005859375,0.15692138671875
1.88448592,0.15948486328125,0.156005859375,0.15692138671875
1.8854835740000002,0.1578369140625,0.156005859375,0.15692138671875
1.8864803770000003,0.15618896484375,0.164794921875,0.14794921875
1.8874843829999999,0.15948486328125,0.164794921875,0.14794921875
1.8884838529999999,0.16607666015625,0.164794921875,0.14794921875
1.889487285,0.167724609375,0.164794921875,0.14794921875
1.890487347,0.16278076171875,0.164794921875,0.14794921875
1.891488076,0.16424560546875,0.15582275390625,0.13897705078125
1.8924834339999999,0.15948486328125,0.15582275390625,0.13897705078125
1.893486625,0.15069580078125,0.15582275390625,0.13897705078125
1.8944766880000001,0.15252685546875,0.15582275390625,0.13897705078125
1.895475916,0.15618896484375,0.15582275390625,0.13897705078125
1.896483071,0.1611328125,0.1468505859375,0.14794921875
1.897491632,0.14739990234375,0.1468505859375,0.14794921875
1.898484157,0.14593505859375,0.1468505859375,0.14794921875
1.8994757560000002,0.14263916015625,0.1468505859375,0.14794921875
1.9004817630000002,0.14923095703125,0.1468505859375,0.14794921875
1.9014851950000002,0.14923095703125,0.15582275390625,0.1563720703125
1.902486294,0.15252685546875,0.15582275390625,0.1563720703125
1.9034810600000003,0.15948486328125,0.15582275390625,0.1563720703125
1.9044758810000002,0.15618896484375,0.15582275390625,0.1563720703125
1.905484924,0.15435791015625,0.15582275390625,0.1563720703125
1.906484597,0.1611328125,0.164794921875,0.1468505859375
1.907483863,0.16278076171875,0.164794921875,0.1468505859375
1.90848774,0.167724609375,0.164794921875,0.1468505859375
1.9094881350000001,0.16278076171875,0.164794921875,0.1468505859375
1.91048303,0.16607666015625,0.164794921875,0.1468505859375
1.9114815740000002,0.16607666015625,0.15582275390625,0.13787841796875
1.9124871360000002,0.15252685546875,0.15582275390625,0.13787841796875
1.9134867899999999,0.15252685546875,0.15582275390625,0.13787841796875
1.914486278,0.15069580078125,0.15582275390625,0.13787841796875
1.9154861730000001,0.15948486328125,0.15582275390625,0.13787841796875
1.9164803099999999,0.15618896484375,0.1468505859375,0.1468505859375
1.9174808159999999,0.14593505859375,0.1468505859375,0.1468505859375
1.9184818959999999,0.14593505859375,0.1468505859375,0.1468505859375
1.9195323100000001,0.14593505859375,0.1468505859375,0.1468505859375
1.9205295009999999,0.14263916015625,0.1468505859375,0.1468505859375
1.9214848410000003,0.14593505859375,0.1376953125,0.15582275390625
1.9224822000000001,0.14263916015625,0.1376953125,0.15582275390625
1.9235348719999998,0.13897705078125,0.1376953125,0.15582275390625
1.9245365269999999,0.13238525390625,0.1376953125,0.15582275390625
1.925534237,0.13714599609375,0.1376953125,0.15582275390625
1.9265363730000002,0.13385009765625,0.12872314453125,0.164794921875
1.927528583,0.13238525390625,0.12872314453125,0.164794921875
1.9285297190000001,0.12908935546875,0.12872314453125,0.164794921875
1.929537614,0.12579345703125,0.12872314453125,0.164794921875
1.9305381019999999,0.1307373046875,0.12872314453125,0.164794921875
1.9315281080000002,0.12908935546875,0.1197509765625,0.15582275390625
1.9325281150000002,0.12579345703125,0.1197509765625,0.15582275390625
1.9335275840000001,0.11883544921875,0.1197509765625,0.15582275390625
1.93452572,0.11883544921875,0.1197509765625,0.15582275390625
1.9355270410000003,0.11883544921875,0.1197509765625,0.15582275390625
1.9365243630000002,0.12213134765625,0.12872314453125,0.1468505859375
1.937531258,0.12579345703125,0.12872314453125,0.1468505859375
1.938528468,0.13238525390625,0.12872314453125,0.1468505859375
1.939524049,0.13055419921875,0.12872314453125,0.1468505859375
1.940627239,0.13238525390625,0.1373291015625,0.1468505859375
1.941526987,0.12908935546875,0.1373291015625,0.156005859375
1.9425267710000003,0.13568115234375,0.1373291015625,0.156005859375
1.9435215559999999,0.13897705078125,0.1373291015625,0.156005859375
1.944478155,0.13897705078125,0.1373291015625,0.156005859375
1.945513902,0.13897705078125,0.1373291015625,0.156005859375
1.946520075,0.13568115234375,0.12799072265625,0.164794921875
1.9475273770000001,0.12908935546875,0.12799072265625,0.164794921875
1.9485210689999999,0.12908935546875,0.12799072265625,0.164794921875
1.9495163899999999,0.12396240234375,0.12799072265625,0.164794921875
1.9505201370000003,0.12579345703125,0.12799072265625,0.164794921875
1.951518181,0.12725830078125,0.136962890625,0.15582275390625
1.9525149650000002,0.13568115234375,0.136962890625,0.15582275390625
1.9535206189999998,0.144287109375,0.136962890625,0.15582275390625
1.9545181999999999,0.14263916015625,0.136962890625,0.15582275390625
1.95552604,0.13897705078125,0.136962890625,0.15582275390625
1.956515602,0.13568115234375,0.12799072265625,0.1468505859375
1.9575201080000002,0.13238525390625,0.12799072265625,0.1468505859375
1.9585190959999998,0.12579345703125,0.12799072265625,0.1468505859375
1.95946564,0.13238525390625,0.12799072265625,0.1468505859375
1.96051259,0.12579345703125,0.12799072265625,0.1468505859375
1.961515671,0.12908935546875,0.136962890625,0.15582275390625
1.962514381,0.13201904296875,0.136962890625,0.15582275390625
1.9635145350000003,0.14263916015625,0.136962890625,0.15582275390625
1.9644578940000001,0.13897705078125,0.136962890625,0.15582275390625
1.965512011,0.13238525390625,0.136962890625,0.15582275390625
1.966508814,0.13897705078125,0.14593505859375,0.164794921875
1.9675109870000003,0.14593505859375,0.14593505859375,0.164794921875
1.9685221040000003,0.14410400390625,0.14593505859375,0.164794921875
1.9695077589999999,0.14593505859375,0.14593505859375,0.164794921875
1.9705062469999999,0.14593505859375,0.14593505859375,0.164794921875
1.971506142,0.14593505859375,0.1549072265625,0.15582275390625
1.9725042410000002,0.15252685546875,0.1549072265625,0.15582275390625
1.9735112840000002,0.1578369140625,0.1549072265625,0.15582275390625
1.9745114570000002,0.1611328125,0.1549072265625,0.15582275390625
1.9755074820000003,0.15069580078125,0.1549072265625,0.15582275390625
1.9765074890000003,0.15618896484375,0.16387939453125,0.1468505859375
1.977503847,0.16278076171875,0.16387939453125,0.1468505859375
1.978507687,0.16607666015625,0.16387939453125,0.1468505859375
1.9795050820000002,0.16607666015625,0.16387939453125,0.1468505859375
1.9805087920000002,0.16607666015625,0.16387939453125,0.1468505859375
1.981506058,0.16278076171875,0.1728515625,0.1376953125
1.982510638,0.16973876953125,0.1728515625,0.1376953125
1.9835069220000001,0.1746826171875,0.1728515625,0.1376953125
1.9844969470000002,0.177978515625,0.1728515625,0.1376953125
1.985497843,0.17303466796875,0.1812744140625,0.1376953125
1.9865037930000002,0.17633056640625,0.1812744140625,0.12872314453125
1.9875052440000003,0.17962646484375,0.1812744140625,0.12872314453125
1.9885029730000001,0.18328857421875,0.1812744140625,0.12872314453125
1.9895030720000002,0.17962646484375,0.1812744140625,0.12872314453125
1.990508893,0.18328857421875,0.1812744140625,0.12872314453125
1.991453178,0.1849365234375,0.19097900390625,0.1197509765625
1.992493739,0.18658447265625,0.19097900390625,0.1197509765625
1.993503542,0.18988037109375,0.19097900390625,0.1197509765625
1.9945016780000002,0.19317626953125,0.19097900390625,0.1197509765625
1.99549674,0.1966552734375,0.19097900390625,0.1197509765625
1.996447506,0.18988037109375,0.199951171875,0.12872314453125
1.997496827,0.20013427734375,0.199951171875,0.12872314453125
1.9985006480000003,0.20013427734375,0.199951171875,0.12872314453125
1.9995011540000003,0.205078125,0.199951171875,0.12872314453125
2.000499402,0.20013427734375,0.199951171875,0.12872314453125
2.001498667,0.20013427734375,0.20892333984375,0.1373291015625
2.002496322,0.2083740234375,0.20892333984375,0.1373291015625
2.0034935689999998,0.2083740234375,0.20892333984375,0.1373291015625
2.0044450759999997,0.211669921875,0.20892333984375,0.1373291015625
2.005488045,0.20672607421875,0.20892333984375,0.1373291015625
2.0064931809999997,0.20672607421875,0.2178955078125,0.12799072265625
2.007492946,0.21368408203125,0.2178955078125,0.12799072265625
2.0084954900000005,0.2237548828125,0.2178955078125,0.12799072265625
2.0094905150000004,0.2252197265625,0.2178955078125,0.12799072265625
2.010496058,0.21533203125,0.2178955078125,0.12799072265625
2.011489287,0.221923828125,0.22686767578125,0.136962890625
2.012489867,0.221923828125,0.22686767578125,0.136962890625
2.013491429,0.2288818359375,0.22686767578125,0.136962890625
2.0144924910000004,0.22723388671875,0.22686767578125,0.136962890625
2.015486609,0.22723388671875,0.22686767578125,0.136962890625
2.016447245,0.22723388671875,0.2178955078125,0.12799072265625
2.0174866209999998,0.21697998046875,0.2178955078125,0.12799072265625
2.018494072,0.21533203125,0.2178955078125,0.12799072265625
2.01948869,0.21533203125,0.2178955078125,0.12799072265625
2.020490733,0.2186279296875,0.2178955078125,0.12799072265625
2.0214850359999996,0.21697998046875,0.20892333984375,0.136962890625
2.0224866720000003,0.211669921875,0.20892333984375,0.136962890625
2.023482863,0.20672607421875,0.20892333984375,0.136962890625
2.024484944,0.20343017578125,0.20892333984375,0.136962890625
2.0254912650000003,0.21002197265625,0.20892333984375,0.136962890625
2.026486716,0.20672607421875,0.199951171875,0.14593505859375
2.027484704,0.205078125,0.199951171875,0.14593505859375
2.0284850070000005,0.19647216796875,0.199951171875,0.14593505859375
2.0294844760000004,0.1981201171875,0.199951171875,0.14593505859375
2.03047926,0.19830322265625,0.199951171875,0.14593505859375
2.0314813780000005,0.20013427734375,0.19097900390625,0.1549072265625
2.032477236,0.19500732421875,0.19097900390625,0.1549072265625
2.0334923720000004,0.193359375,0.19097900390625,0.1549072265625
2.0344859150000003,0.1915283203125,0.19097900390625,0.1549072265625
2.0354842179999997,0.19317626953125,0.19097900390625,0.1549072265625
2.0364835020000003,0.18988037109375,0.1820068359375,0.16387939453125
2.037480286,0.1849365234375,0.1820068359375,0.16387939453125
2.038486774,0.18145751953125,0.1820068359375,0.16387939453125
2.0394821690000002,0.17962646484375,0.1820068359375,0.16387939453125
2.0404818240000004,0.18328857421875,0.1820068359375,0.16387939453125
2.041480645,0.18328857421875,0.19097900390625,0.1728515625
2.042483485,0.188232421875,0.19097900390625,0.1728515625
2.043482195,0.18988037109375,0.19097900390625,0.1728515625
2.0444836090000003,0.18988037109375,0.19097900390625,0.1728515625
2.045482023,0.18988037109375,0.19097900390625,0.1728515625
2.0464865660000005,0.18988037109375,0.199951171875,0.1812744140625
2.047496591,0.20013427734375,0.199951171875,0.1812744140625
2.048495967,0.20013427734375,0.199951171875,0.1812744140625
2.049486196,0.205078125,0.199951171875,0.1812744140625
2.0504865910000003,0.20013427734375,0.199951171875,0.1812744140625
2.0514893389999997,0.2017822265625,0.20892333984375,0.19097900390625
2.052488789,0.205078125,0.20892333984375,0.19097900390625
2.0534822220000004,0.211669921875,0.20892333984375,0.19097900390625
2.054488728,0.21002197265625,0.20892333984375,0.19097900390625
2.0554792529999997,0.20855712890625,0.20892333984375,0.19097900390625
2.0564790559999997,0.2083740234375,0.2178955078125,0.199951171875
2.057481544,0.21697998046875,0.2178955078125,0.199951171875
2.058486939,0.2186279296875,0.2178955078125,0.199951171875
2.0595332410000005,0.22027587890625,0.2178955078125,0.199951171875
2.060477359,0.221923828125,0.2178955078125,0.199951171875
2.061476347,0.221923828125,0.22686767578125,0.20892333984375
2.0625309640000005,0.220458984375,0.22686767578125,0.20892333984375
2.063532841,0.230712890625,0.22686767578125,0.20892333984375
2.0645418099999997,0.2288818359375,0.22686767578125,0.20892333984375
2.065531687,0.22357177734375,0.22686767578125,0.20892333984375
2.0665262670000004,0.22906494140625,0.23602294921875,0.2178955078125
2.0675220889999997,0.232177734375,0.23602294921875,0.2178955078125
2.0685320760000003,0.2354736328125,0.23602294921875,0.2178955078125
2.069526861,0.23876953125,0.23602294921875,0.2178955078125
2.070488812,0.23565673828125,0.23602294921875,0.2178955078125
2.071526873,0.2406005859375,0.2449951171875,0.22686767578125
2.0725281200000003,0.242431640625,0.2449951171875,0.22686767578125
2.073526997,0.24755859375,0.2449951171875,0.22686767578125
2.074526337,0.24407958984375,0.2449951171875,0.22686767578125
2.07547677,0.24737548828125,0.2449951171875,0.22686767578125
2.0765312199999997,0.2490234375,0.25396728515625,0.2178955078125
2.0775358930000003,0.2559814453125,0.25396728515625,0.2178955078125
2.078526233,0.25616455078125,0.25396728515625,0.2178955078125
2.0795261099999998,0.25946044921875,0.25396728515625,0.2178955078125
2.0805780780000003,0.25616455078125,0.26239013671875,0.2178955078125
2.0815157520000005,0.2559814453125,0.26239013671875,0.20892333984375
2.082522462,0.26092529296875,0.26239013671875,0.20892333984375
2.083708337,0.2625732421875,0.26239013671875,0.20892333984375
2.0845244560000005,0.265869140625,0.26239013671875,0.20892333984375
2.085515796,0.265869140625,0.26239013671875,0.20892333984375
2.086522747,0.2625732421875,0.2720947265625,0.199951171875
2.0875186790000004,0.27447509765625,0.2720947265625,0.199951171875
2.088525445,0.27447509765625,0.2720947265625,0.199951171875
2.0895231370000005,0.276123046875,0.2720947265625,0.199951171875
2.0905283839999997,0.276123046875,0.2720947265625,0.199951171875
2.0915210570000005,0.27099609375,0.28106689453125,0.19097900390625
2.0924674530000003,0.276123046875,0.28106689453125,0.19097900390625
2.0935202550000005,0.2845458984375,0.28106689453125,0.19097900390625
2.094517798,0.2845458984375,0.28106689453125,0.19097900390625
2.0955181190000003,0.28436279296875,0.28912353515625,0.19097900390625
2.096516052,0.28436279296875,0.28912353515625,0.1820068359375
2.097466003,0.2896728515625,0.28912353515625,0.1820068359375
2.098511676,0.2882080078125,0.28912353515625,0.1820068359375
2.0995140340000003,0.2896728515625,0.28912353515625,0.1820068359375
2.1005157810000004,0.29315185546875,0.28912353515625,0.1820068359375
2.101461918,0.29132080078125,0.29901123046875,0.19097900390625
2.102505923,0.29461669921875,0.29901123046875,0.19097900390625
2.1035149669999997,0.30157470703125,0.29901123046875,0.19097900390625
2.1045065469999997,0.29791259765625,0.29901123046875,0.19097900390625
2.1055075720000005,0.2999267578125,0.29901123046875,0.19097900390625
2.1064608380000003,0.2999267578125,0.3079833984375,0.199951171875
2.1075116410000003,0.30816650390625,0.3079833984375,0.199951171875
2.108509795,0.3065185546875,0.3079833984375,0.199951171875
2.109504783,0.3065185546875,0.3079833984375,0.199951171875
2.110503401,0.3065185546875,0.31640625,0.199951171875
2.1115038879999997,0.308349609375,0.31640625,0.20892333984375
2.1124994500000005,0.31512451171875,0.31640625,0.20892333984375
2.1135105860000003,0.3134765625,0.31640625,0.20892333984375
2.1144513529999998,0.32025146484375,0.31640625,0.20892333984375
2.1155012099999997,0.31512451171875,0.31640625,0.20892333984375
2.116506161,0.3167724609375,0.325927734375,0.2178955078125
2.117500668,0.3218994140625,0.325927734375,0.2178955078125
2.1184574339999998,0.32867431640625,0.325927734375,0.2178955078125
2.119505384,0.328857421875,0.325927734375,0.2178955078125
2.120503298,0.32867431640625,0.325927734375,0.2178955078125
2.121509786,0.32501220703125,0.33489990234375,0.22686767578125
2.122453533,0.33380126953125,0.33489990234375,0.22686767578125
2.123502373,0.3321533203125,0.33489990234375,0.22686767578125
2.124500842,0.34039306640625,0.33489990234375,0.22686767578125
2.1255053850000003,0.33526611328125,0.33489990234375,0.22686767578125
2.1265023359999997,0.33526611328125,0.3438720703125,0.23602294921875
2.1274455100000003,0.3387451171875,0.3438720703125,0.23602294921875
2.1285022380000003,0.34185791015625,0.3438720703125,0.23602294921875
2.129506707,0.34735107421875,0.3438720703125,0.23602294921875
2.1306018050000004,0.34735107421875,0.352294921875,0.23602294921875
2.1314498129999997,0.34735107421875,0.352294921875,0.2449951171875
2.1324993,0.35211181640625,0.352294921875,0.2449951171875
2.133502399,0.35394287109375,0.352294921875,0.2449951171875
2.1345003499999997,0.35211181640625,0.352294921875,0.2449951171875
2.135493986,0.35211181640625,0.352294921875,0.2449951171875
2.1364528820000004,0.35064697265625,0.36181640625,0.25396728515625
2.1374895360000004,0.35540771484375,0.36181640625,0.25396728515625
2.1384909309999998,0.36236572265625,0.36181640625,0.25396728515625
2.1394941970000003,0.36566162109375,0.36181640625,0.25396728515625
2.1404819440000002,0.36236572265625,0.37005615234375,0.25396728515625
2.141501154,0.36236572265625,0.37005615234375,0.26239013671875
2.14249605,0.36749267578125,0.37005615234375,0.26239013671875
2.1434964819999998,0.37261962890625,0.37005615234375,0.26239013671875
2.1444958769999998,0.37445068359375,0.37005615234375,0.26239013671875
2.145445143,0.37445068359375,0.37005615234375,0.26239013671875
2.146492631,0.36895751953125,0.3797607421875,0.2720947265625
2.1474921,0.37957763671875,0.3797607421875,0.2720947265625
2.1485034030000003,0.38104248046875,0.3797607421875,0.2720947265625
2.149504168,0.38104248046875,0.3797607421875,0.2720947265625
2.150500452,0.38104248046875,0.3797607421875,0.2720947265625
2.151500329,0.37921142578125,0.388916015625,0.28106689453125
2.152488614,0.38616943359375,0.388916015625,0.28106689453125
2.1534931750000004,0.39129638671875,0.388916015625,0.28106689453125
2.154496571,0.39276123046875,0.388916015625,0.28106689453125
2.1555402800000003,0.39129638671875,0.397705078125,0.28106689453125
2.15643151,0.38983154296875,0.397705078125,0.28912353515625
2.157486349,0.39129638671875,0.397705078125,0.28912353515625
2.15848567,0.39459228515625,0.397705078125,0.28912353515625
2.1594871400000004,0.39971923828125,0.397705078125,0.28912353515625
2.160484091,0.40301513671875,0.397705078125,0.28912353515625
2.161485153,0.39788818359375,0.4068603515625,0.29901123046875
2.1624902510000004,0.40301513671875,0.4068603515625,0.29901123046875
2.163484702,0.40997314453125,0.4068603515625,0.29901123046875
2.1644841159999997,0.40814208984375,0.4068603515625,0.29901123046875
2.1654859369999997,0.40814208984375,0.4068603515625,0.29901123046875
2.16648511,0.40814208984375,0.41583251953125,0.3079833984375
2.1674808390000004,0.41473388671875,0.41583251953125,0.3079833984375
2.168482234,0.41656494140625,0.41583251953125,0.3079833984375
2.169482648,0.42022705078125,0.41583251953125,0.3079833984375
2.170489099,0.41326904296875,0.41583251953125,0.3079833984375
2.1714794390000005,0.41473388671875,0.4248046875,0.31640625
2.172481167,0.41986083984375,0.4248046875,0.31640625
2.173490118,0.42681884765625,0.4248046875,0.31640625
2.1744915320000002,0.42498779296875,0.4248046875,0.31640625
2.175481168,0.43377685546875,0.4248046875,0.31640625
2.1764796559999997,0.43011474609375,0.43377685546875,0.325927734375
2.177480921,0.43194580078125,0.43377685546875,0.325927734375
2.1784812980000003,0.43524169921875,0.43377685546875,0.325927734375
2.179482694,0.43707275390625,0.43377685546875,0.325927734375
2.180483367,0.43194580078125,0.43377685546875,0.325927734375
2.1814805030000004,0.43194580078125,0.4427490234375,0.33489990234375
2.182481157,0.44183349609375,0.4427490234375,0.33489990234375
2.1834805710000005,0.44036865234375,0.4427490234375,0.33489990234375
2.1844774659999997,0.44549560546875,0.4427490234375,0.33489990234375
2.185485806,0.44183349609375,0.4427490234375,0.33489990234375
2.1864868680000002,0.44549560546875,0.45172119140625,0.3438720703125
2.1874803,0.44879150390625,0.45172119140625,0.3438720703125
2.1884971030000004,0.45721435546875,0.45172119140625,0.3438720703125
2.1894856650000003,0.45721435546875,0.45172119140625,0.3438720703125
2.1904765600000005,0.45208740234375,0.45172119140625,0.3438720703125
2.1914740850000003,0.44879150390625,0.460693359375,0.352294921875
2.1924855910000005,0.46087646484375,0.460693359375,0.352294921875
2.193663096,0.46417236328125,0.460693359375,0.352294921875
2.194481808,0.46417236328125,0.460693359375,0.352294921875
2.195484425,0.46234130859375,0.460693359375,0.352294921875
2.19647858,0.45904541015625,0.46966552734375,0.36181640625
2.1974749009999996,0.46417236328125,0.46966552734375,0.36181640625
2.198530518,0.47076416015625,0.46966552734375,0.36181640625
2.1994837470000004,0.47406005859375,0.46966552734375,0.36181640625
2.200479013,0.47222900390625,0.46966552734375,0.36181640625
2.2015312959999997,0.47406005859375,0.4786376953125,0.37005615234375
2.202530062,0.47406005859375,0.4786376953125,0.37005615234375
2.203528198,0.48101806640625,0.4786376953125,0.37005615234375
2.204473816,0.48101806640625,0.4786376953125,0.37005615234375
2.205523137,0.48284912109375,0.4786376953125,0.37005615234375
2.2065235139999997,0.48101806640625,0.48779296875,0.3797607421875
2.20752802,0.48760986328125,0.48779296875,0.3797607421875
2.2085266380000004,0.48760986328125,0.48779296875,0.3797607421875
2.2095288479999997,0.49127197265625,0.48779296875,0.3797607421875
2.210525002,0.48760986328125,0.48779296875,0.3797607421875
2.211531805,0.48431396484375,0.49676513671875,0.388916015625
2.212525811,0.49127197265625,0.49676513671875,0.388916015625
2.2135763170000002,0.49456787109375,0.49676513671875,0.388916015625
2.2145258429999997,0.49786376953125,0.49676513671875,0.388916015625
2.2155198680000003,0.49786376953125,0.49676513671875,0.388916015625
2.2165222069999997,0.49969482421875,0.5057373046875,0.397705078125
2.2175222139999997,0.50115966796875,0.5057373046875,0.397705078125
2.218522998,0.50482177734375,0.5057373046875,0.397705078125
2.2194755600000002,0.50482177734375,0.5057373046875,0.397705078125
2.220519122,0.50482177734375,0.5057373046875,0.397705078125
2.2215231280000003,0.50811767578125,0.51470947265625,0.4068603515625
2.222522153,0.51141357421875,0.51470947265625,0.4068603515625
2.2235188079999997,0.51837158203125,0.51470947265625,0.4068603515625
2.224475185,0.51141357421875,0.51470947265625,0.4068603515625
2.2255180240000003,0.51141357421875,0.51470947265625,0.4068603515625
2.226517642,0.51470947265625,0.523681640625,0.41583251953125
2.2275205739999997,0.51837158203125,0.523681640625,0.41583251953125
2.228524951,0.52166748046875,0.523681640625,0.41583251953125
2.229525624,0.526611328125,0.523681640625,0.41583251953125
2.2305172970000005,0.528076171875,0.523681640625,0.41583251953125
2.2315099700000003,0.528076171875,0.53265380859375,0.4248046875
2.2325171609999996,0.528076171875,0.53265380859375,0.4248046875
2.2335162970000004,0.53173828125,0.53265380859375,0.4248046875
2.2345176560000004,0.5350341796875,0.53265380859375,0.4248046875
2.2354657920000003,0.53173828125,0.53265380859375,0.4248046875
2.23651278,0.5350341796875,0.5416259765625,0.43377685546875
2.237513508,0.536865234375,0.5416259765625,0.43377685546875
2.2385137740000003,0.5401611328125,0.5416259765625,0.43377685546875
2.239515836,0.5467529296875,0.5416259765625,0.43377685546875
2.2405077130000004,0.544921875,0.5416259765625,0.43377685546875
2.24151146,0.54345703125,0.55078125,0.4427490234375
2.2425145029999998,0.548583984375,0.55078125,0.4427490234375
2.243506472,0.55517578125,0.55078125,0.4427490234375
2.24451846,0.5537109375,0.55078125,0.4427490234375
2.2455150780000004,0.5518798828125,0.55078125,0.4427490234375
2.246510177,0.548583984375,0.55975341796875,0.45172119140625
2.247525035,0.5570068359375,0.55975341796875,0.45172119140625
2.2485185970000003,0.5672607421875,0.55975341796875,0.45172119140625
2.24951714,0.5621337890625,0.55975341796875,0.45172119140625
2.2505112580000004,0.55865478515625,0.55975341796875,0.45172119140625
2.251506375,0.56231689453125,0.5687255859375,0.460693359375
2.252474234,0.56231689453125,0.5687255859375,0.460693359375
2.253508536,0.56890869140625,0.5687255859375,0.460693359375
2.2545047460000003,0.57220458984375,0.5687255859375,0.460693359375
2.255608252,0.56890869140625,0.57696533203125,0.460693359375
2.256506519,0.56561279296875,0.57696533203125,0.46966552734375
2.2575075250000003,0.5775146484375,0.57696533203125,0.46966552734375
2.258506346,0.5804443359375,0.57696533203125,0.46966552734375
2.2595055750000004,0.5771484375,0.57696533203125,0.46966552734375
2.260501692,0.57916259765625,0.57696533203125,0.46966552734375
2.2615041620000005,0.57586669921875,0.586669921875,0.4786376953125
2.262504464,0.58245849609375,0.586669921875,0.4786376953125
2.263514582,0.59271240234375,0.586669921875,0.4786376953125
2.2645010140000004,0.58941650390625,0.586669921875,0.4786376953125
2.2655012240000003,0.58941650390625,0.586669921875,0.4786376953125
2.266498564,0.58941650390625,0.595458984375,0.48779296875
2.26746096,0.59271240234375,0.595458984375,0.48779296875
2.268499632,0.59930419921875,0.595458984375,0.48779296875
2.269508009,0.59930419921875,0.595458984375,0.48779296875
2.270504719,0.593994140625,0.595458984375,0.48779296875
2.2714549670000004,0.593994140625,0.60443115234375,0.49676513671875
2.2724977500000003,0.60260009765625,0.60443115234375,0.49676513671875
2.2734959420000003,0.60626220703125,0.60443115234375,0.49676513671875
2.2745043369999998,0.604248046875,0.60443115234375,0.49676513671875
2.2755994910000004,0.60260009765625,0.61285400390625,0.49676513671875
2.276496869,0.60791015625,0.61285400390625,0.5057373046875
2.2775068010000004,0.61285400390625,0.61285400390625,0.5057373046875
2.2785100480000002,0.615966796875,0.61285400390625,0.5057373046875
2.279498499,0.61614990234375,0.61285400390625,0.5057373046875
2.2804919310000002,0.6141357421875,0.61285400390625,0.5057373046875
2.2814962149999998,0.61083984375,0.62255859375,0.51470947265625
2.2824977220000005,0.61431884765625,0.62255859375,0.51470947265625
2.283499302,0.62255859375,0.62255859375,0.51470947265625
2.2844536800000004,0.626220703125,0.62255859375,0.51470947265625
2.2854940370000003,0.62255859375,0.62255859375,0.51470947265625
2.2864942470000003,0.615966796875,0.6221923828125,0.523681640625
2.287498309,0.62109375,0.6221923828125,0.523681640625
2.288483964,0.62109375,0.6221923828125,0.523681640625
2.2894856370000003,0.62109375,0.6221923828125,0.523681640625
2.2904929770000004,0.62255859375,0.6221923828125,0.523681640625
2.291494372,0.62109375,0.62384033203125,0.53265380859375
2.2924886190000002,0.6243896484375,0.62384033203125,0.53265380859375
2.293491348,0.6243896484375,0.62384033203125,0.53265380859375
2.294490669,0.62969970703125,0.62384033203125,0.53265380859375
2.295547341,0.6243896484375,0.6156005859375,0.53265380859375
2.29648696,0.6177978515625,0.6156005859375,0.5416259765625
2.2974907250000003,0.61614990234375,0.6156005859375,0.5416259765625
2.2984871389999997,0.61248779296875,0.6156005859375,0.5416259765625
2.299436331,0.61083984375,0.6156005859375,0.5416259765625
2.300483004,0.61944580078125,0.6156005859375,0.5416259765625
2.301482677,0.61614990234375,0.6148681640625,0.55078125
2.302486609,0.61614990234375,0.6148681640625,0.55078125
2.3034887079999997,0.61614990234375,0.6148681640625,0.55078125
2.304432456,0.61614990234375,0.6148681640625,0.55078125
2.305477647,0.61285400390625,0.6148681640625,0.55078125
2.3064809310000003,0.61102294921875,0.60589599609375,0.55975341796875
2.3074821969999997,0.60919189453125,0.60589599609375,0.55975341796875
2.3084308890000003,0.60223388671875,0.60589599609375,0.55975341796875
2.3094886720000005,0.6005859375,0.60589599609375,0.55975341796875
2.3104862710000003,0.6038818359375,0.60589599609375,0.55975341796875
2.3114862780000003,0.607177734375,0.596923828125,0.5687255859375
2.312488395,0.59893798828125,0.596923828125,0.5687255859375
2.3135396420000003,0.59564208984375,0.596923828125,0.5687255859375
2.3144772410000005,0.5936279296875,0.596923828125,0.5687255859375
2.3154868769999997,0.59564208984375,0.596923828125,0.5687255859375
2.31647905,0.5936279296875,0.58795166015625,0.57696533203125
2.317477501,0.5936279296875,0.58795166015625,0.57696533203125
2.3184792109999997,0.58538818359375,0.58795166015625,0.57696533203125
2.3194812550000004,0.583740234375,0.58795166015625,0.57696533203125
2.320484113,0.5888671875,0.58795166015625,0.57696533203125
2.321479397,0.58538818359375,0.5789794921875,0.586669921875
2.3224802369999997,0.58209228515625,0.5789794921875,0.586669921875
2.323484799,0.5767822265625,0.5789794921875,0.586669921875
2.324475379,0.57366943359375,0.5789794921875,0.586669921875
2.3254759600000003,0.582275390625,0.5789794921875,0.586669921875
2.3264817620000002,0.58062744140625,0.58282470703125,0.595458984375
2.3274842500000004,0.5855712890625,0.58282470703125,0.595458984375
2.3285324970000003,0.58392333984375,0.58282470703125,0.595458984375
2.3294817820000002,0.5855712890625,0.58282470703125,0.595458984375
2.330484103,0.582275390625,0.58282470703125,0.595458984375
2.331484146,0.582275390625,0.5782470703125,0.60443115234375
2.3324801529999997,0.58392333984375,0.5782470703125,0.60443115234375
2.333474529,0.58062744140625,0.5782470703125,0.60443115234375
2.334483239,0.57733154296875,0.5782470703125,0.60443115234375
2.335479524,0.58209228515625,0.5782470703125,0.60443115234375
2.3364786779999998,0.57879638671875,0.56982421875,0.61285400390625
2.3374764810000004,0.5701904296875,0.56982421875,0.61285400390625
2.3384796349999997,0.57183837890625,0.56982421875,0.61285400390625
2.339528715,0.56689453125,0.56982421875,0.61285400390625
2.3405404069999998,0.56524658203125,0.56982421875,0.61285400390625
2.341526302,0.57073974609375,0.57550048828125,0.62255859375
2.3425365310000004,0.57550048828125,0.57550048828125,0.62255859375
2.343527333,0.5804443359375,0.57550048828125,0.62255859375
2.344484766,0.5771484375,0.57550048828125,0.62255859375
2.345524717,0.57220458984375,0.57550048828125,0.62255859375
2.346525445,0.57550048828125,0.5701904296875,0.6221923828125
2.347550396,0.56854248046875,0.5701904296875,0.6221923828125
2.348521088,0.5654296875,0.5701904296875,0.6221923828125
2.349517539,0.569091796875,0.5701904296875,0.6221923828125
2.3504838049999996,0.570556640625,0.5701904296875,0.6221923828125
2.3514755149999997,0.5738525390625,0.57916259765625,0.62384033203125
2.352538354,0.5771484375,0.57916259765625,0.62384033203125
2.353520916,0.582275390625,0.57916259765625,0.62384033203125
2.3545208110000004,0.5789794921875,0.57916259765625,0.62384033203125
2.3555148729999997,0.583740234375,0.57916259765625,0.62384033203125
2.3565194910000002,0.57733154296875,0.57623291015625,0.6156005859375
2.3575189410000004,0.5789794921875,0.57623291015625,0.6156005859375
2.3584724479999997,0.57586669921875,0.57623291015625,0.6156005859375
2.3594730660000005,0.57403564453125,0.57623291015625,0.6156005859375
2.3605213870000004,0.57568359375,0.57623291015625,0.6156005859375
2.3615246340000002,0.57733154296875,0.56854248046875,0.6148681640625
2.362521084,0.567626953125,0.56854248046875,0.6148681640625
2.3635196279999997,0.5657958984375,0.56854248046875,0.6148681640625
2.36447045,0.56744384765625,0.56854248046875,0.6148681640625
2.365521289,0.5657958984375,0.56854248046875,0.6148681640625
2.366520425,0.569091796875,0.57659912109375,0.60589599609375
2.3675192460000005,0.57421875,0.57659912109375,0.60589599609375
2.3685187150000004,0.5760498046875,0.57659912109375,0.60589599609375
2.3695142030000005,0.5775146484375,0.57659912109375,0.60589599609375
2.370521302,0.57568359375,0.57659912109375,0.60589599609375
2.371518216,0.5775146484375,0.572021484375,0.596923828125
2.3725155000000004,0.5709228515625,0.572021484375,0.596923828125
2.3735156360000005,0.5709228515625,0.572021484375,0.596923828125
2.374515013,0.5694580078125,0.572021484375,0.596923828125
2.375513797,0.57257080078125,0.572021484375,0.596923828125
2.3765176180000003,0.5679931640625,0.56597900390625,0.58795166015625
2.37752244,0.56597900390625,0.56597900390625,0.58795166015625
2.3785216499999997,0.56451416015625,0.56597900390625,0.58795166015625
2.379524934,0.56597900390625,0.56597900390625,0.58795166015625
2.380518588,0.56451416015625,0.56597900390625,0.58795166015625
2.3815118360000005,0.56927490234375,0.57330322265625,0.5789794921875
2.382510527,0.57275390625,0.57330322265625,0.5789794921875
2.383511682,0.57275390625,0.57330322265625,0.5789794921875
2.3844637440000005,0.57275390625,0.57330322265625,0.5789794921875
2.3855104350000005,0.574951171875,0.57330322265625,0.5789794921875
2.3865091449999998,0.57275390625,0.5643310546875,0.58282470703125
2.387510892,0.56488037109375,0.5643310546875,0.58282470703125
2.3885089730000004,0.56158447265625,0.5643310546875,0.58282470703125
2.389505646,0.56011962890625,0.5643310546875,0.58282470703125
2.39046482,0.56341552734375,0.5643310546875,0.58282470703125
2.391458308,0.56488037109375,0.56048583984375,0.5782470703125
2.3924575920000004,0.5628662109375,0.56048583984375,0.5782470703125
2.393643911,0.55682373046875,0.56048583984375,0.5782470703125
2.39450903,0.55828857421875,0.56048583984375,0.5782470703125
2.395505277,0.556640625,0.56048583984375,0.5782470703125
2.396502635,0.56195068359375,0.55645751953125,0.56982421875
2.3974532900000005,0.55535888671875,0.55645751953125,0.56982421875
2.398450852,0.55535888671875,0.55645751953125,0.56982421875
2.3995118580000003,0.55682373046875,0.55645751953125,0.56982421875
2.4005081610000003,0.55535888671875,0.55645751953125,0.56982421875
2.4015010190000003,0.55572509765625,0.5654296875,0.57550048828125
2.402499692,0.56341552734375,0.5654296875,0.57550048828125
2.40368903,0.57366943359375,0.5654296875,0.57550048828125
2.4045077600000004,0.56414794921875,0.5654296875,0.57550048828125
2.40551123,0.569091796875,0.5654296875,0.57550048828125
2.4065014209999998,0.56561279296875,0.566162109375,0.5701904296875
2.4075015760000005,0.56414794921875,0.566162109375,0.5701904296875
2.4085151380000003,0.56689453125,0.566162109375,0.5701904296875
2.409513144,0.5654296875,0.566162109375,0.5701904296875
2.410504188,0.57110595703125,0.566162109375,0.5701904296875
2.4114986199999997,0.56964111328125,0.5592041015625,0.57916259765625
2.412491867,0.55938720703125,0.5592041015625,0.57916259765625
2.4135005400000002,0.55609130859375,0.5592041015625,0.57916259765625
2.414499954,0.55426025390625,0.5592041015625,0.57916259765625
2.415447535,0.56085205078125,0.5592041015625,0.57916259765625
2.416454023,0.55792236328125,0.5540771484375,0.57623291015625
2.417496603,0.55609130859375,0.5540771484375,0.57623291015625
2.4185000170000004,0.55279541015625,0.5540771484375,0.57623291015625
2.4194960229999998,0.55609130859375,0.5540771484375,0.57623291015625
2.4204969,0.55133056640625,0.5540771484375,0.57623291015625
2.421499591,0.550048828125,0.54693603515625,0.56854248046875
2.422493987,0.54803466796875,0.54693603515625,0.56854248046875
2.4236771390000005,0.54437255859375,0.54693603515625,0.56854248046875
2.424443759,0.5467529296875,0.54693603515625,0.56854248046875
2.425444618,0.54547119140625,0.54693603515625,0.56854248046875
2.426493531,0.5467529296875,0.554443359375,0.57659912109375
2.4274844819999997,0.550048828125,0.554443359375,0.57659912109375
2.4284902099999996,0.55517578125,0.554443359375,0.57659912109375
2.429489106,0.55517578125,0.554443359375,0.57659912109375
2.430490945,0.5526123046875,0.554443359375,0.57659912109375
2.4314876549999997,0.55389404296875,0.545654296875,0.572021484375
2.4324913649999997,0.5474853515625,0.545654296875,0.572021484375
2.433485168,0.5452880859375,0.545654296875,0.572021484375
2.434489878,0.5460205078125,0.545654296875,0.572021484375
2.435492236,0.5460205078125,0.545654296875,0.572021484375
2.436489206,0.5460205078125,0.53668212890625,0.56597900390625
2.437493249,0.5390625,0.53668212890625,0.56597900390625
2.438491904,0.53466796875,0.53668212890625,0.56597900390625
2.4394829290000004,0.53594970703125,0.53668212890625,0.56597900390625
2.4405891750000004,0.53594970703125,0.54144287109375,0.56597900390625
2.441476627,0.53594970703125,0.54144287109375,0.57330322265625
2.442477726,0.542724609375,0.54144287109375,0.57330322265625
2.443481491,0.54583740234375,0.54144287109375,0.57330322265625
2.444483331,0.5445556640625,0.54144287109375,0.57330322265625
2.4454865970000004,0.54144287109375,0.54144287109375,0.57330322265625
2.4464816220000003,0.53668212890625,0.544189453125,0.5643310546875
2.447480572,0.54364013671875,0.544189453125,0.5643310546875
2.448482449,0.5478515625,0.544189453125,0.5643310546875
2.449487937,0.5467529296875,0.544189453125,0.5643310546875
2.4504891840000003,0.5489501953125,0.544189453125,0.5643310546875
2.4514838020000003,0.54437255859375,0.54400634765625,0.56048583984375
2.452481327,0.54217529296875,0.54400634765625,0.56048583984375
2.4534874259999997,0.54620361328125,0.54400634765625,0.56048583984375
2.454482099,0.54876708984375,0.54400634765625,0.56048583984375
2.4554841420000004,0.544189453125,0.54400634765625,0.56048583984375
2.4564843339999998,0.54620361328125,0.54107666015625,0.55645751953125
2.457474803,0.544189453125,0.54107666015625,0.55645751953125
2.458476032,0.5408935546875,0.54107666015625,0.55645751953125
2.459476242,0.54290771484375,0.54107666015625,0.55645751953125
2.460483656,0.544189453125,0.54107666015625,0.55645751953125
2.4614773469999998,0.539794921875,0.53704833984375,0.5654296875
2.462478539,0.53851318359375,0.53704833984375,0.5654296875
2.4634828410000003,0.53411865234375,0.53704833984375,0.5654296875
2.4644899220000003,0.53521728515625,0.53704833984375,0.5654296875
2.4655327419999997,0.53741455078125,0.53704833984375,0.5654296875
2.4664843230000004,0.53851318359375,0.53668212890625,0.566162109375
2.467483756,0.53741455078125,0.53668212890625,0.566162109375
2.4684893920000004,0.53411865234375,0.53668212890625,0.566162109375
2.469490972,0.538330078125,0.53668212890625,0.566162109375
2.4704833859999997,0.53411865234375,0.53668212890625,0.566162109375
2.471490503,0.5350341796875,0.54437255859375,0.5592041015625
2.4724777319999998,0.54473876953125,0.54437255859375,0.5592041015625
2.4734762569999997,0.5482177734375,0.54437255859375,0.5592041015625
2.474473004,0.54364013671875,0.54437255859375,0.5592041015625
2.475469159,0.54364013671875,0.5445556640625,0.5592041015625
2.476530405,0.54473876953125,0.5445556640625,0.5540771484375
2.4775326890000002,0.54345703125,0.5445556640625,0.5540771484375
2.478530363,0.5423583984375,0.5445556640625,0.5540771484375
2.4795297210000005,0.53814697265625,0.5445556640625,0.5540771484375
2.480522746,0.5423583984375,0.5445556640625,0.5540771484375
2.481531585,0.54345703125,0.54620361328125,0.54693603515625
2.4825281290000003,0.54620361328125,0.54620361328125,0.54693603515625
2.4835298569999997,0.5482177734375,0.54620361328125,0.54693603515625
2.4845244190000004,0.5482177734375,0.54620361328125,0.54693603515625
2.4855283330000004,0.547119140625,0.54620361328125,0.54693603515625
2.4865254320000005,0.5482177734375,0.54364013671875,0.554443359375
2.4875459940000004,0.5438232421875,0.54364013671875,0.554443359375
2.4885283339999997,0.547119140625,0.54364013671875,0.554443359375
2.489520377,0.54034423828125,0.54364013671875,0.554443359375
2.4905224759999998,0.5460205078125,0.54364013671875,0.554443359375
2.4915237050000005,0.54290771484375,0.5361328125,0.545654296875
2.4925287670000005,0.5361328125,0.5361328125,0.545654296875
2.4935303290000004,0.53375244140625,0.5361328125,0.545654296875
2.4945277800000003,0.5328369140625,0.5361328125,0.545654296875
2.495526508,0.538330078125,0.5361328125,0.545654296875
2.496521626,0.5390625,0.5335693359375,0.53668212890625
2.497519929,0.53594970703125,0.5335693359375,0.53668212890625
2.498520731,0.5350341796875,0.5335693359375,0.53668212890625
2.499520089,0.53302001953125,0.5335693359375,0.53668212890625
2.5005177630000004,0.53082275390625,0.5335693359375,0.53668212890625
2.501532935,0.533935546875,0.52459716796875,0.54144287109375
2.5025284790000004,0.52752685546875,0.52459716796875,0.54144287109375
2.503712483,0.520751953125,0.52459716796875,0.54144287109375
2.5045271209999997,0.5185546875,0.52459716796875,0.54144287109375
2.5055804230000005,0.5233154296875,0.51837158203125,0.54144287109375
2.5065240419999997,0.526611328125,0.51837158203125,0.544189453125
2.5075237150000005,0.520751953125,0.51837158203125,0.544189453125
2.508523739,0.51763916015625,0.51837158203125,0.544189453125
2.5095258750000005,0.51544189453125,0.51837158203125,0.544189453125
2.5105259,0.517822265625,0.51837158203125,0.544189453125
2.5115208879999997,0.51873779296875,0.50848388671875,0.54400634765625
2.512519728,0.509033203125,0.50848388671875,0.54400634765625
2.5135194199999997,0.51123046875,0.50848388671875,0.54400634765625
2.514515222,0.50665283203125,0.50848388671875,0.54400634765625
2.5155103949999997,0.50555419921875,0.50848388671875,0.54400634765625
2.5165098280000002,0.5101318359375,0.504638671875,0.54107666015625
2.517461742,0.50555419921875,0.504638671875,0.54107666015625
2.518468082,0.50335693359375,0.504638671875,0.54107666015625
2.5195099580000004,0.501708984375,0.504638671875,0.54107666015625
2.5205104460000003,0.50482177734375,0.504638671875,0.54107666015625
2.521508249,0.50482177734375,0.51361083984375,0.53704833984375
2.522509255,0.51068115234375,0.51361083984375,0.53704833984375
2.5235087060000003,0.5137939453125,0.51361083984375,0.53704833984375
2.5245354339999997,0.51690673828125,0.51361083984375,0.53704833984375
2.5255101260000004,0.51507568359375,0.51361083984375,0.53704833984375
2.526506577,0.511962890625,0.509033203125,0.53668212890625
2.5275173420000003,0.50628662109375,0.509033203125,0.53668212890625
2.5285052190000004,0.50958251953125,0.509033203125,0.53668212890625
2.5295032630000005,0.5057373046875,0.509033203125,0.53668212890625
2.530462344,0.5152587890625,0.509033203125,0.53668212890625
2.5314675720000004,0.511962890625,0.50921630859375,0.54437255859375
2.532499134,0.50885009765625,0.50921630859375,0.54437255859375
2.5335146589999997,0.5072021484375,0.50921630859375,0.54437255859375
2.534503591,0.50811767578125,0.50921630859375,0.54437255859375
2.535500153,0.50701904296875,0.50921630859375,0.54437255859375
2.5365076780000004,0.51031494140625,0.50830078125,0.5445556640625
2.537515721,0.51031494140625,0.50830078125,0.5445556640625
2.5385103200000003,0.50701904296875,0.50830078125,0.5445556640625
2.5394506420000003,0.50701904296875,0.50830078125,0.5445556640625
2.540505018,0.5079345703125,0.50830078125,0.5445556640625
2.541500877,0.51031494140625,0.5086669921875,0.54620361328125
2.542501679,0.50958251953125,0.5086669921875,0.54620361328125
2.543507945,0.5064697265625,0.5086669921875,0.54620361328125
2.5444940990000005,0.51031494140625,0.5086669921875,0.54620361328125
2.5454961430000003,0.50482177734375,0.5086669921875,0.54620361328125
2.5465033530000003,0.5079345703125,0.517822265625,0.54364013671875
2.5474989150000003,0.5145263671875,0.517822265625,0.54364013671875
2.5484959949999997,0.5233154296875,0.517822265625,0.54364013671875
2.549498928,0.51690673828125,0.517822265625,0.54364013671875
2.5505006750000003,0.52020263671875,0.517822265625,0.54364013671875
2.5515000700000003,0.5185546875,0.513427734375,0.5361328125
2.552502669,0.509765625,0.513427734375,0.5361328125
2.5534941380000005,0.51031494140625,0.513427734375,0.5361328125
2.5544941999999997,0.509765625,0.513427734375,0.5361328125
2.555495929,0.51544189453125,0.513427734375,0.5361328125
2.556497139,0.5123291015625,0.51177978515625,0.5335693359375
2.557494071,0.5130615234375,0.51177978515625,0.5335693359375
2.558495059,0.509765625,0.51177978515625,0.5335693359375
2.559491769,0.50885009765625,0.51177978515625,0.5335693359375
2.5605071830000004,0.51470947265625,0.51177978515625,0.5335693359375
2.561493282,0.5115966796875,0.51068115234375,0.52459716796875
2.5624969369999997,0.51544189453125,0.51068115234375,0.52459716796875
2.563710755,0.51104736328125,0.51068115234375,0.52459716796875
2.5645011350000004,0.51104736328125,0.51068115234375,0.52459716796875
2.5654911780000003,0.50811767578125,0.51068115234375,0.52459716796875
2.56649774,0.51416015625,0.507568359375,0.51837158203125
2.5675033760000003,0.50701904296875,0.507568359375,0.51837158203125
2.5684894940000005,0.507568359375,0.507568359375,0.51837158203125
2.5694973150000004,0.506103515625,0.507568359375,0.51837158203125
2.5704867289999997,0.50299072265625,0.507568359375,0.51837158203125
2.5714881050000002,0.50701904296875,0.5086669921875,0.50848388671875
2.5724839270000004,0.50701904296875,0.5086669921875,0.50848388671875
2.573502488,0.506103515625,0.5086669921875,0.50848388671875
2.574492643,0.50958251953125,0.5086669921875,0.50848388671875
2.5754887240000004,0.50628662109375,0.5086669921875,0.50848388671875
2.576490285,0.50628662109375,0.50958251953125,0.504638671875
2.577486959,0.50628662109375,0.50958251953125,0.504638671875
2.578488965,0.51214599609375,0.50958251953125,0.504638671875
2.5794915640000005,0.51214599609375,0.50958251953125,0.504638671875
2.5804975519999998,0.50848388671875,0.50958251953125,0.504638671875
2.581490725,0.5115966796875,0.50738525390625,0.51361083984375
2.582490453,0.50518798828125,0.50738525390625,0.51361083984375
2.583478404,0.509033203125,0.50738525390625,0.51361083984375
2.5844272450000005,0.509033203125,0.50738525390625,0.51361083984375
2.5855272869999997,0.504638671875,0.5064697265625,0.51361083984375
2.5864302950000004,0.50738525390625,0.5064697265625,0.509033203125
2.587480985,0.50390625,0.5064697265625,0.509033203125
2.588474862,0.50390625,0.5064697265625,0.509033203125
2.5894861460000005,0.50390625,0.5064697265625,0.509033203125
2.590476838,0.5072021484375,0.5064697265625,0.509033203125
2.591472104,0.5072021484375,0.51031494140625,0.50921630859375
2.5924803140000003,0.5072021484375,0.51031494140625,0.50921630859375
2.593478524,0.50994873046875,0.51031494140625,0.50921630859375
2.5944857519999998,0.50994873046875,0.51031494140625,0.50921630859375
2.59547787,0.50994873046875,0.51031494140625,0.50921630859375
2.596491135,0.51287841796875,0.51123046875,0.50830078125
2.5974719569999998,0.51287841796875,0.51123046875,0.50830078125
2.598472204,0.509033203125,0.51123046875,0.50830078125
2.599480488,0.5093994140625,0.51123046875,0.50830078125
2.600479291,0.51251220703125,0.51123046875,0.50830078125
2.601483279,0.51251220703125,0.51177978515625,0.5086669921875
2.602480378,0.51214599609375,0.51177978515625,0.5086669921875
2.60348968,0.51141357421875,0.51177978515625,0.5086669921875
2.6044808350000004,0.5145263671875,0.51177978515625,0.5086669921875
2.6055837840000002,0.5093994140625,0.50830078125,0.5086669921875
2.6065312169999997,0.5079345703125,0.50830078125,0.517822265625
2.6074849469999997,0.5079345703125,0.50830078125,0.517822265625
2.608526878,0.50537109375,0.50830078125,0.517822265625
2.6095248480000004,0.5079345703125,0.50830078125,0.517822265625
2.610527965,0.5079345703125,0.50830078125,0.517822265625
2.6115302490000003,0.507568359375,0.50775146484375,0.513427734375
2.6124772930000004,0.5079345703125,0.50775146484375,0.513427734375
2.6135317990000004,0.5079345703125,0.50775146484375,0.513427734375
2.6144769730000004,0.50445556640625,0.50775146484375,0.513427734375
2.615474794,0.50445556640625,0.50775146484375,0.513427734375
2.6164728000000004,0.50738525390625,0.5093994140625,0.51177978515625
2.6174769180000004,0.5072021484375,0.5093994140625,0.51177978515625
2.6184766470000005,0.51031494140625,0.5093994140625,0.51177978515625
2.6194757830000004,0.51031494140625,0.5093994140625,0.51177978515625
2.6204753080000005,0.51031494140625,0.5093994140625,0.51177978515625
2.621469073,0.51031494140625,0.509765625,0.51068115234375
2.6224804310000005,0.51287841796875,0.509765625,0.51068115234375
2.6235256959999997,0.51068115234375,0.509765625,0.51068115234375
2.624487296,0.5093994140625,0.509765625,0.51068115234375
2.6256026530000005,0.506103515625,0.506103515625,0.51068115234375
2.6265243080000005,0.51287841796875,0.506103515625,0.507568359375
2.6275220920000004,0.5064697265625,0.506103515625,0.507568359375
2.628532117,0.50390625,0.506103515625,0.507568359375
2.629526735,0.5068359375,0.506103515625,0.507568359375
2.6305297230000004,0.5035400390625,0.506103515625,0.507568359375
2.631473489,0.5064697265625,0.50921630859375,0.5086669921875
2.632470625,0.50921630859375,0.50921630859375,0.5086669921875
2.6336592220000004,0.50885009765625,0.50921630859375,0.5086669921875
2.6345208410000005,0.51214599609375,0.50921630859375,0.5086669921875
2.635523977,0.51214599609375,0.50921630859375,0.5086669921875
2.6365259090000004,0.50885009765625,0.5086669921875,0.50958251953125
2.637519138,0.506103515625,0.5086669921875,0.50958251953125
2.6385193110000005,0.5086669921875,0.5086669921875,0.50958251953125
2.6395201320000004,0.509033203125,0.5086669921875,0.50958251953125
2.6405150090000005,0.50555419921875,0.5086669921875,0.50958251953125
2.641512812,0.50518798828125,0.5079345703125,0.50738525390625
2.642517559,0.50885009765625,0.5079345703125,0.50738525390625
2.6435183240000004,0.5115966796875,0.5079345703125,0.50738525390625
2.644524775,0.5086669921875,0.5079345703125,0.50738525390625
2.6456531869999997,0.50811767578125,0.507568359375,0.50738525390625
2.646523492,0.5115966796875,0.507568359375,0.5064697265625
2.647517776,0.50555419921875,0.507568359375,0.5064697265625
2.648516486,0.50555419921875,0.507568359375,0.5064697265625
2.6495153810000005,0.50811767578125,0.507568359375,0.5064697265625
2.650515628,0.51104736328125,0.507568359375,0.5064697265625
2.6515165420000004,0.50830078125,0.507568359375,0.51031494140625
2.6525233450000005,0.5079345703125,0.507568359375,0.51031494140625
2.653702238,0.5079345703125,0.507568359375,0.51031494140625
2.6545146170000002,0.5079345703125,0.507568359375,0.51031494140625
2.65551066,0.5079345703125,0.507568359375,0.51031494140625
2.6565088699999997,0.5108642578125,0.51654052734375,0.51123046875
2.6575119880000004,0.51361083984375,0.51654052734375,0.51123046875
2.65851305,0.51654052734375,0.51654052734375,0.51123046875
2.6595068710000005,0.51617431640625,0.51654052734375,0.51123046875
2.660508137,0.52276611328125,0.51654052734375,0.51123046875
2.661517236,0.513427734375,0.50921630859375,0.51177978515625
2.6625093719999997,0.51031494140625,0.50921630859375,0.51177978515625
2.663515063,0.51031494140625,0.50921630859375,0.51177978515625
2.6645025330000003,0.507568359375,0.50921630859375,0.51177978515625
2.6654616320000004,0.51031494140625,0.50921630859375,0.51177978515625
2.6664602129999997,0.51031494140625,0.5181884765625,0.50830078125
2.6675002,0.51910400390625,0.5181884765625,0.50830078125
2.668457022,0.52203369140625,0.5181884765625,0.50830078125
2.6694605650000005,0.52166748046875,0.5181884765625,0.50830078125
2.670507293,0.519287109375,0.5181884765625,0.50830078125
2.67150304,0.51910400390625,0.52020263671875,0.50775146484375
2.6725084170000004,0.51910400390625,0.52020263671875,0.50775146484375
2.6735084230000004,0.52166748046875,0.52020263671875,0.50775146484375
2.6744499680000002,0.5218505859375,0.52020263671875,0.50775146484375
2.675501992,0.5189208984375,0.52020263671875,0.50775146484375
2.676500776,0.52166748046875,0.52020263671875,0.5093994140625
2.6775018380000004,0.52166748046875,0.52020263671875,0.5093994140625
2.6785047330000005,0.521484375,0.52020263671875,0.5093994140625
2.6795032770000002,0.5185546875,0.52020263671875,0.5093994140625
2.680498376,0.51873779296875,0.52020263671875,0.5093994140625
2.6814507900000004,0.5185546875,0.517822265625,0.509765625
2.682499055,0.5185546875,0.517822265625,0.509765625
2.683502913,0.5185546875,0.517822265625,0.509765625
2.684503031,0.51580810546875,0.517822265625,0.509765625
2.6855013889999997,0.51873779296875,0.522216796875,0.509765625
2.6865087470000004,0.52166748046875,0.522216796875,0.506103515625
2.687502587,0.52423095703125,0.522216796875,0.506103515625
2.688501723,0.521484375,0.522216796875,0.506103515625
2.689506989,0.52752685546875,0.522216796875,0.506103515625
2.6904460510000003,0.52423095703125,0.522216796875,0.506103515625
2.6915004090000005,0.52423095703125,0.5284423828125,0.50921630859375
2.6924921189999997,0.5244140625,0.5284423828125,0.50921630859375
2.6934944219999997,0.53045654296875,0.5284423828125,0.50921630859375
2.6944954279999997,0.5302734375,0.5284423828125,0.50921630859375
2.695494268,0.52734375,0.5284423828125,0.50921630859375
2.696492534,0.53009033203125,0.52972412109375,0.5086669921875
2.697489818,0.53009033203125,0.52972412109375,0.5086669921875
2.698492935,0.52734375,0.52972412109375,0.5086669921875
2.6994910160000005,0.5302734375,0.52972412109375,0.5086669921875
2.700448875,0.5302734375,0.52972412109375,0.5086669921875
2.701492214,0.52734375,0.52734375,0.5079345703125
2.7024932020000003,0.52734375,0.52734375,0.5079345703125
2.7034958749999998,0.52716064453125,0.52734375,0.5079345703125
2.704442233,0.52734375,0.52734375,0.5079345703125
2.7054975170000004,0.53009033203125,0.52734375,0.5079345703125
2.7064452460000004,0.53302001953125,0.5364990234375,0.507568359375
2.7074954,0.53302001953125,0.5364990234375,0.507568359375
2.708494277,0.53594970703125,0.5364990234375,0.507568359375
2.709486783,0.54180908203125,0.5364990234375,0.507568359375
2.7104917530000003,0.5390625,0.5364990234375,0.507568359375
2.711484222,0.5357666015625,0.538330078125,0.507568359375
2.712482414,0.5357666015625,0.538330078125,0.507568359375
2.713485735,0.5357666015625,0.538330078125,0.507568359375
2.7144341680000004,0.53887939453125,0.538330078125,0.507568359375
2.715482914,0.54180908203125,0.538330078125,0.507568359375
2.716433718,0.54180908203125,0.54730224609375,0.51654052734375
2.7174830750000005,0.54473876953125,0.54730224609375,0.51654052734375
2.7184397120000003,0.55096435546875,0.54730224609375,0.51654052734375
2.7194886250000003,0.55096435546875,0.54730224609375,0.51654052734375
2.720435577,0.544921875,0.54730224609375,0.51654052734375
2.7214878790000006,0.544921875,0.54730224609375,0.50921630859375
2.722478367,0.54766845703125,0.54730224609375,0.50921630859375
2.723484891,0.54766845703125,0.54730224609375,0.50921630859375
2.7244833240000004,0.5474853515625,0.54730224609375,0.50921630859375
2.725479163,0.55096435546875,0.54730224609375,0.50921630859375
2.7264315779999997,0.54766845703125,0.550048828125,0.5181884765625
2.727477287,0.54766845703125,0.550048828125,0.5181884765625
2.728436424,0.55078125,0.550048828125,0.5181884765625
2.729472874,0.55078125,0.550048828125,0.5181884765625
2.7304291960000002,0.55078125,0.550048828125,0.5181884765625
2.731470498,0.54766845703125,0.54931640625,0.52020263671875
2.7324330789999998,0.55078125,0.54931640625,0.52020263671875
2.7334794000000002,0.55078125,0.54931640625,0.52020263671875
2.7344791100000005,0.55078125,0.54931640625,0.52020263671875
2.7354745420000004,0.54473876953125,0.54931640625,0.52020263671875
2.736479956,0.54766845703125,0.55755615234375,0.52020263671875
2.737479111,0.556640625,0.55755615234375,0.52020263671875
2.7384796720000004,0.556640625,0.55755615234375,0.52020263671875
2.73947729,0.55938720703125,0.55755615234375,0.52020263671875
2.740474537,0.5595703125,0.55755615234375,0.52020263671875
2.7414765250000004,0.55938720703125,0.55517578125,0.517822265625
2.742474939,0.55389404296875,0.55517578125,0.517822265625
2.743476019,0.55389404296875,0.55517578125,0.517822265625
2.7444868400000004,0.556640625,0.55517578125,0.517822265625
2.7454755879999997,0.55096435546875,0.55828857421875,0.517822265625
2.7464779459999997,0.556640625,0.55828857421875,0.522216796875
2.747474563,0.556640625,0.55828857421875,0.522216796875
2.748485477,0.5595703125,0.55828857421875,0.522216796875
2.7494839090000003,0.55938720703125,0.55828857421875,0.522216796875
2.7504816750000005,0.556640625,0.55828857421875,0.522216796875
2.7514772,0.556640625,0.5562744140625,0.5284423828125
2.7524757620000004,0.556640625,0.5562744140625,0.5284423828125
2.7534800649999998,0.55389404296875,0.5562744140625,0.5284423828125
2.754481052,0.556640625,0.5562744140625,0.5284423828125
2.7554787440000004,0.55645751953125,0.5562744140625,0.5284423828125
2.7564763990000003,0.5540771484375,0.54913330078125,0.52972412109375
2.7574804980000005,0.55096435546875,0.54913330078125,0.52972412109375
2.758479374,0.55096435546875,0.54913330078125,0.52972412109375
2.7594759179999997,0.5482177734375,0.54913330078125,0.52972412109375
2.7604776280000003,0.5478515625,0.54913330078125,0.52972412109375
2.761475708,0.55096435546875,0.5537109375,0.52734375
2.762483604,0.55682373046875,0.5537109375,0.52734375
2.763478129,0.55682373046875,0.5537109375,0.52734375
2.764474561,0.5540771484375,0.5537109375,0.52734375
2.7655231780000005,0.5540771484375,0.5537109375,0.52734375
2.766472203,0.55645751953125,0.5628662109375,0.5364990234375
2.767528894,0.5599365234375,0.5628662109375,0.5364990234375
2.7685282520000003,0.56854248046875,0.5628662109375,0.5364990234375
2.769527222,0.56304931640625,0.5628662109375,0.5364990234375
2.770526802,0.5657958984375,0.5628662109375,0.5364990234375
2.771528827,0.5599365234375,0.56085205078125,0.538330078125
2.772522019,0.5599365234375,0.56085205078125,0.538330078125
2.773520766,0.55975341796875,0.56085205078125,0.538330078125
2.7745218650000005,0.56304931640625,0.56085205078125,0.538330078125
2.775521316,0.56304931640625,0.56085205078125,0.538330078125
2.776520378,0.56304931640625,0.56854248046875,0.54730224609375
2.7775257360000003,0.5657958984375,0.56854248046875,0.54730224609375
2.77852689,0.56890869140625,0.56854248046875,0.54730224609375
2.7795211010000003,0.56890869140625,0.56854248046875,0.54730224609375
2.7805264030000005,0.57147216796875,0.56854248046875,0.54730224609375
2.7815251869999997,0.56890869140625,0.5775146484375,0.54730224609375
2.782529694,0.57183837890625,0.5775146484375,0.54730224609375
2.783523293,0.5804443359375,0.5775146484375,0.54730224609375
2.784523299,0.580810546875,0.5775146484375,0.54730224609375
2.785521232,0.57806396484375,0.5775146484375,0.54730224609375
2.786520886,0.57769775390625,0.572021484375,0.550048828125
2.787472189,0.5716552734375,0.572021484375,0.550048828125
2.788525473,0.57220458984375,0.572021484375,0.550048828125
2.789468424,0.57183837890625,0.572021484375,0.550048828125
2.7905189860000004,0.569091796875,0.572021484375,0.550048828125
2.791477937,0.57220458984375,0.57733154296875,0.54931640625
2.792517739,0.580810546875,0.57733154296875,0.54931640625
2.7935205229999998,0.580810546875,0.57733154296875,0.54931640625
2.7945200850000003,0.57806396484375,0.57733154296875,0.54931640625
2.7955248690000003,0.57513427734375,0.57733154296875,0.54931640625
2.7965184499999998,0.574951171875,0.58392333984375,0.55755615234375
2.797523697,0.580810546875,0.58392333984375,0.55755615234375
2.798523778,0.58648681640625,0.58392333984375,0.55755615234375
2.799519302,0.586669921875,0.58392333984375,0.55755615234375
2.800520124,0.583740234375,0.58392333984375,0.55755615234375
2.801468075,0.58648681640625,0.5928955078125,0.55517578125
2.8025183030000003,0.5921630859375,0.5928955078125,0.55517578125
2.8035120870000005,0.592529296875,0.5928955078125,0.55517578125
2.804526149,0.59820556640625,0.5928955078125,0.55517578125
2.8054718970000003,0.595458984375,0.5928955078125,0.55517578125
2.8065170880000005,0.58978271484375,0.58465576171875,0.55828857421875
2.807464058,0.58648681640625,0.58465576171875,0.55828857421875
2.8085216190000004,0.580810546875,0.58465576171875,0.55828857421875
2.8094693480000004,0.5833740234375,0.58465576171875,0.55828857421875
2.8106409450000003,0.5811767578125,0.586669921875,0.55828857421875
2.8115199530000003,0.58648681640625,0.586669921875,0.5562744140625
2.8125286259999998,0.586669921875,0.586669921875,0.5562744140625
2.8135125590000003,0.5870361328125,0.586669921875,0.5562744140625
2.814516287,0.58978271484375,0.586669921875,0.5562744140625
2.8155128860000005,0.58392333984375,0.586669921875,0.5562744140625
2.816517504,0.58392333984375,0.59197998046875,0.54913330078125
2.8175126210000005,0.592529296875,0.59197998046875,0.54913330078125
2.8185151829999997,0.59271240234375,0.59197998046875,0.54913330078125
2.8195096900000003,0.59271240234375,0.59197998046875,0.54913330078125
2.8205069920000003,0.59271240234375,0.59197998046875,0.54913330078125
2.8214658880000005,0.5928955078125,0.5994873046875,0.5537109375
2.8225096350000003,0.5928955078125,0.5994873046875,0.5537109375
2.8235143450000004,0.60406494140625,0.5994873046875,0.5537109375
2.8245109810000004,0.60443115234375,0.5994873046875,0.5537109375
2.8255831340000004,0.59857177734375,0.599853515625,0.5537109375
2.8265074009999998,0.59857177734375,0.599853515625,0.5628662109375
2.8274567409999998,0.60186767578125,0.599853515625,0.5628662109375
2.828507599,0.5987548828125,0.599853515625,0.5628662109375
2.8294540690000005,0.5987548828125,0.599853515625,0.5628662109375
2.8305094640000004,0.59857177734375,0.599853515625,0.5628662109375
2.8314661560000003,0.59857177734375,0.5947265625,0.56085205078125
2.832505847,0.5958251953125,0.5947265625,0.56085205078125
2.8335083350000003,0.59307861328125,0.5947265625,0.56085205078125
2.834503971,0.59307861328125,0.5947265625,0.56085205078125
2.835508162,0.5958251953125,0.5947265625,0.56085205078125
2.836500539,0.5958251953125,0.5950927734375,0.56854248046875
2.8375036940000005,0.595458984375,0.5950927734375,0.56854248046875
2.838500848,0.5958251953125,0.5950927734375,0.56854248046875
2.839501632,0.59619140625,0.5950927734375,0.56854248046875
2.8405043240000003,0.59307861328125,0.5950927734375,0.56854248046875
2.841507515,0.595458984375,0.59893798828125,0.5775146484375
2.8424981330000003,0.5987548828125,0.59893798828125,0.5775146484375
2.843641915,0.60205078125,0.59893798828125,0.5775146484375
2.8444567570000006,0.59857177734375,0.59893798828125,0.5775146484375
2.845646984,0.5987548828125,0.6046142578125,0.5775146484375
2.8464489000000004,0.60150146484375,0.6046142578125,0.572021484375
2.8474968690000004,0.60479736328125,0.6046142578125,0.572021484375
2.8484992270000005,0.60479736328125,0.6046142578125,0.572021484375
2.84950453,0.6075439453125,0.6046142578125,0.572021484375
2.850502832,0.6046142578125,0.6046142578125,0.572021484375
2.8514967650000003,0.60479736328125,0.60791015625,0.57733154296875
2.852520974,0.60736083984375,0.60791015625,0.57733154296875
2.853631794,0.60736083984375,0.60791015625,0.57733154296875
2.854446007,0.60772705078125,0.60791015625,0.57733154296875
2.8554877899999997,0.60772705078125,0.60791015625,0.57733154296875
2.856443908,0.60772705078125,0.61322021484375,0.58392333984375
2.857498618,0.6104736328125,0.61322021484375,0.58392333984375
2.8584531990000004,0.61376953125,0.61322021484375,0.58392333984375
2.85949176,0.61651611328125,0.61322021484375,0.58392333984375
2.8604503230000002,0.61651611328125,0.61322021484375,0.58392333984375
2.861496421,0.61376953125,0.6192626953125,0.5928955078125
2.8624891130000005,0.61651611328125,0.6192626953125,0.5928955078125
2.8635011930000003,0.61944580078125,0.6192626953125,0.5928955078125
2.8644939220000003,0.61944580078125,0.6192626953125,0.5928955078125
2.8654901500000003,0.61944580078125,0.6192626953125,0.5928955078125
2.8664966940000003,0.61907958984375,0.61614990234375,0.58465576171875
2.867494774,0.61907958984375,0.61614990234375,0.58465576171875
2.8684937990000003,0.61651611328125,0.61614990234375,0.58465576171875
2.8694925280000003,0.61651611328125,0.61614990234375,0.58465576171875
2.870488905,0.61376953125,0.61614990234375,0.58465576171875
2.871489448,0.61688232421875,0.6104736328125,0.586669921875
2.872490473,0.61083984375,0.6104736328125,0.586669921875
2.873484276,0.60498046875,0.6104736328125,0.586669921875
2.874485171,0.60772705078125,0.6104736328125,0.586669921875
2.875501603,0.61029052734375,0.6104736328125,0.586669921875
2.8764837759999997,0.61376953125,0.61944580078125,0.59197998046875
2.877490486,0.6170654296875,0.61944580078125,0.59197998046875
2.8784857710000002,0.62274169921875,0.61944580078125,0.59197998046875
2.8794813880000003,0.61981201171875,0.61944580078125,0.59197998046875
2.88047995,0.6199951171875,0.61944580078125,0.59197998046875
2.881482568,0.6192626953125,0.61285400390625,0.5994873046875
2.8824875739999998,0.61102294921875,0.61285400390625,0.5994873046875
2.883482654,0.6104736328125,0.61285400390625,0.5994873046875
2.8844851050000004,0.61083984375,0.61285400390625,0.5994873046875
2.8854869260000005,0.6104736328125,0.61285400390625,0.5994873046875
2.886492136,0.61376953125,0.61376953125,0.599853515625
2.88748455,0.61688232421875,0.61376953125,0.599853515625
2.888479372,0.6141357421875,0.61376953125,0.599853515625
2.8894827670000005,0.6141357421875,0.61376953125,0.599853515625
2.890483273,0.61083984375,0.61376953125,0.599853515625
2.8914849280000006,0.61083984375,0.6148681640625,0.5947265625
2.892489675,0.61376953125,0.6148681640625,0.5947265625
2.8934918659999997,0.61651611328125,0.6148681640625,0.5947265625
2.8944942620000003,0.6141357421875,0.6148681640625,0.5947265625
2.895482287,0.61688232421875,0.6148681640625,0.5947265625
2.8964871260000002,0.61376953125,0.61724853515625,0.5950927734375
2.8974919100000003,0.61981201171875,0.61724853515625,0.5950927734375
2.8984828800000004,0.6170654296875,0.61724853515625,0.5950927734375
2.8994886639999997,0.61688232421875,0.61724853515625,0.5950927734375
2.900484337,0.61688232421875,0.61724853515625,0.5950927734375
2.9014888800000005,0.6170654296875,0.62091064453125,0.59893798828125
2.902532257,0.62255859375,0.62091064453125,0.59893798828125
2.903487782,0.62255859375,0.62091064453125,0.59893798828125
2.9044910660000003,0.62274169921875,0.62091064453125,0.59893798828125
2.90557909,0.62255859375,0.61578369140625,0.59893798828125
2.9065333559999997,0.6199951171875,0.61578369140625,0.6046142578125
2.9075321780000003,0.61962890625,0.61578369140625,0.6046142578125
2.908537739,0.6141357421875,0.61578369140625,0.6046142578125
2.9095415420000004,0.6141357421875,0.61578369140625,0.6046142578125
2.910541178,0.61688232421875,0.61578369140625,0.6046142578125
2.911530666,0.61431884765625,0.61395263671875,0.60791015625
2.9125235060000003,0.61358642578125,0.61395263671875,0.60791015625
2.9135306229999998,0.61468505859375,0.61395263671875,0.60791015625
2.9144827410000005,0.6141357421875,0.61395263671875,0.60791015625
2.91552784,0.61138916015625,0.61395263671875,0.60791015625
2.9164768280000004,0.6112060546875,0.61322021484375,0.61322021484375
2.917530408,0.6141357421875,0.61322021484375,0.61322021484375
2.91847473,0.61102294921875,0.61322021484375,0.61322021484375
2.919524588,0.6112060546875,0.61322021484375,0.61322021484375
2.920477687,0.614501953125,0.61322021484375,0.61322021484375
2.9215310820000004,0.614501953125,0.615234375,0.6192626953125
2.9225239590000003,0.6141357421875,0.615234375,0.6192626953125
2.9235281870000005,0.6141357421875,0.615234375,0.6192626953125
2.9245289530000003,0.61724853515625,0.615234375,0.6192626953125
2.925672198,0.6170654296875,0.6240234375,0.6192626953125
2.9265220579999998,0.6199951171875,0.6240234375,0.61614990234375
2.9275275460000003,0.62274169921875,0.6240234375,0.61614990234375
2.9285249230000003,0.62841796875,0.6240234375,0.61614990234375
2.929527503,0.626220703125,0.6240234375,0.61614990234375
2.930527862,0.62603759765625,0.6240234375,0.61614990234375
2.931521387,0.62274169921875,0.62823486328125,0.6104736328125
2.93252456,0.62860107421875,0.62823486328125,0.6104736328125
2.933667046,0.62860107421875,0.62823486328125,0.6104736328125
2.9344857950000005,0.62860107421875,0.62823486328125,0.6104736328125
2.9355188750000005,0.62860107421875,0.62823486328125,0.6104736328125
2.93647116,0.63134765625,0.6280517578125,0.61944580078125
2.93751698,0.6229248046875,0.6280517578125,0.61944580078125
2.938516246,0.62603759765625,0.6280517578125,0.61944580078125
2.9395203080000005,0.62603759765625,0.6280517578125,0.61944580078125
2.940514481,0.62860107421875,0.6280517578125,0.61944580078125
2.941516654,0.62896728515625,0.629150390625,0.61285400390625
2.9425188460000005,0.63134765625,0.629150390625,0.61285400390625
2.9435151480000004,0.62896728515625,0.629150390625,0.61285400390625
2.9444721549999997,0.63134765625,0.629150390625,0.61285400390625
2.945531976,0.62896728515625,0.63336181640625,0.61285400390625
2.946466557,0.62896728515625,0.63336181640625,0.61376953125
2.9475118780000003,0.63189697265625,0.63336181640625,0.61376953125
2.948468514,0.63739013671875,0.63336181640625,0.61376953125
2.949509261,0.63427734375,0.63336181640625,0.61376953125
2.95050449,0.63189697265625,0.63336181640625,0.61376953125
2.951506866,0.6317138671875,0.63427734375,0.6148681640625
2.952510095,0.6346435546875,0.63427734375,0.6148681640625
2.9535125640000004,0.63702392578125,0.63427734375,0.6148681640625
2.954463553,0.63739013671875,0.63427734375,0.6148681640625
2.955608409,0.6346435546875,0.6357421875,0.6148681640625
2.956502509,0.6317138671875,0.6357421875,0.61724853515625
2.9575090160000004,0.6346435546875,0.6357421875,0.61724853515625
2.9585119850000003,0.63739013671875,0.6357421875,0.61724853515625
2.9595084920000003,0.6346435546875,0.6357421875,0.61724853515625
2.9605043870000003,0.63739013671875,0.6357421875,0.61724853515625
2.9615127260000005,0.63739013671875,0.6375732421875,0.62091064453125
2.962506029,0.6346435546875,0.6375732421875,0.62091064453125
2.9635084990000005,0.64031982421875,0.6375732421875,0.62091064453125
2.9644559690000003,0.64031982421875,0.6375732421875,0.62091064453125
2.9655116040000005,0.6346435546875,0.6375732421875,0.62091064453125
2.9664592590000005,0.64031982421875,0.63958740234375,0.61578369140625
2.967504561,0.6405029296875,0.63958740234375,0.61578369140625
2.9684533650000002,0.63739013671875,0.63958740234375,0.61578369140625
2.969503833,0.640869140625,0.63958740234375,0.61578369140625
2.970506266,0.6405029296875,0.63958740234375,0.61578369140625
2.9715096240000003,0.6405029296875,0.638671875,0.61395263671875
2.9725008710000003,0.64031982421875,0.638671875,0.61395263671875
2.9735029510000004,0.63739013671875,0.638671875,0.61395263671875
2.9744591620000005,0.6375732421875,0.638671875,0.61395263671875
2.975501261,0.63739013671875,0.638671875,0.61395263671875
2.9764579529999997,0.64031982421875,0.64068603515625,0.61322021484375
2.9775086250000005,0.64031982421875,0.64068603515625,0.61322021484375
2.9784987980000004,0.64031982421875,0.64068603515625,0.61322021484375
2.9795003419999997,0.6405029296875,0.64068603515625,0.61322021484375
2.980496626,0.6405029296875,0.64068603515625,0.61322021484375
2.9814947060000003,0.640869140625,0.642333984375,0.615234375
2.982499065,0.6405029296875,0.642333984375,0.615234375
2.9835050709999997,0.64324951171875,0.642333984375,0.615234375
2.984450226,0.64324951171875,0.642333984375,0.615234375
2.985500287,0.64306640625,0.63922119140625,0.615234375
2.986448794,0.64306640625,0.63922119140625,0.6240234375
2.9874964669999997,0.6375732421875,0.63922119140625,0.6240234375
2.988440344,0.6405029296875,0.63922119140625,0.6240234375
2.989498276,0.63739013671875,0.63922119140625,0.6240234375
2.9904980969999997,0.64031982421875,0.63922119140625,0.6240234375
2.991495789,0.6375732421875,0.6412353515625,0.62823486328125
2.9924975910000002,0.6405029296875,0.6412353515625,0.62823486328125
2.993488246,0.64324951171875,0.6412353515625,0.62823486328125
2.994493178,0.64306640625,0.6412353515625,0.62823486328125
2.9954878330000003,0.640869140625,0.6412353515625,0.62823486328125
2.996490413,0.6405029296875,0.6434326171875,0.6280517578125
2.9974945120000003,0.640869140625,0.6434326171875,0.6280517578125
2.998489889,0.64324951171875,0.6434326171875,0.6280517578125
2.9994906180000003,0.6405029296875,0.6434326171875,0.6280517578125
3.0004887170000005,0.64581298828125,0.6434326171875,0.6280517578125
3.0014910009999998,0.6434326171875,0.6456298828125,0.629150390625
3.0024944520000005,0.64581298828125,0.6456298828125,0.629150390625
3.003629308,0.64617919921875,0.6456298828125,0.629150390625
3.004447409,0.6434326171875,0.6456298828125,0.629150390625
3.005487415,0.64617919921875,0.6456298828125,0.629150390625
3.0064409220000003,0.64581298828125,0.64434814453125,0.63336181640625
3.0074876130000003,0.6434326171875,0.64434814453125,0.63336181640625
3.0084325650000006,0.6434326171875,0.64434814453125,0.63336181640625
3.0094938669999998,0.64306640625,0.64434814453125,0.63336181640625
3.010490762,0.64306640625,0.64434814453125,0.63336181640625
3.0114990649999998,0.6416015625,0.64617919921875,0.63427734375
3.0124847380000004,0.6492919921875,0.64617919921875,0.63427734375
3.0134860220000004,0.64617919921875,0.64617919921875,0.63427734375
3.0144792880000004,0.6463623046875,0.64617919921875,0.63427734375
3.0154844050000005,0.646728515625,0.64617919921875,0.63427734375
3.0164864490000003,0.64892578125,0.64801025390625,0.6357421875
3.017480548,0.6463623046875,0.64801025390625,0.6357421875
3.018488554,0.64892578125,0.64801025390625,0.6357421875
3.0194824860000002,0.6492919921875,0.64801025390625,0.6357421875
3.0204898260000004,0.64892578125,0.64801025390625,0.6357421875
3.0214809250000005,0.6492919921875,0.64984130859375,0.6375732421875
3.0224852460000005,0.649658203125,0.64984130859375,0.6375732421875
3.023490827,0.649658203125,0.64984130859375,0.6375732421875
3.0244806850000003,0.6492919921875,0.64984130859375,0.6375732421875
3.025481247,0.64691162109375,0.64984130859375,0.6375732421875
3.0264863460000004,0.65185546875,0.6514892578125,0.63958740234375
3.027487537,0.652587890625,0.6514892578125,0.63958740234375
3.028493062,0.65240478515625,0.6514892578125,0.63958740234375
3.0294843460000003,0.6522216796875,0.6514892578125,0.63958740234375
3.030488205,0.649658203125,0.6514892578125,0.63958740234375
3.0314821370000002,0.652587890625,0.652587890625,0.638671875
3.032492273,0.652587890625,0.652587890625,0.638671875
3.0334833540000004,0.652587890625,0.652587890625,0.638671875
3.0344771379999997,0.65533447265625,0.652587890625,0.638671875
3.035484718,0.652587890625,0.652587890625,0.638671875
3.036487632,0.652587890625,0.65185546875,0.64068603515625
3.037484472,0.652587890625,0.65185546875,0.64068603515625
3.038478089,0.649658203125,0.65185546875,0.64068603515625
3.039484207,0.652587890625,0.65185546875,0.64068603515625
3.0404857869999997,0.652587890625,0.65185546875,0.64068603515625
3.041533589,0.649658203125,0.64288330078125,0.642333984375
3.042480115,0.64398193359375,0.64288330078125,0.642333984375
3.0435310280000003,0.640869140625,0.64288330078125,0.642333984375
3.0444810909999998,0.6412353515625,0.64288330078125,0.642333984375
3.045535855,0.640869140625,0.64288330078125,0.642333984375
3.046478196,0.64361572265625,0.63372802734375,0.63922119140625
3.0475350900000002,0.63482666015625,0.63372802734375,0.63922119140625
3.048530523,0.632080078125,0.63372802734375,0.63922119140625
3.0495352330000003,0.6346435546875,0.63372802734375,0.63922119140625
3.05053148,0.632080078125,0.63372802734375,0.63922119140625
3.0515386529999997,0.6346435546875,0.6427001953125,0.6412353515625
3.0525220490000002,0.64361572265625,0.6427001953125,0.6412353515625
3.0536680160000005,0.64654541015625,0.6427001953125,0.6412353515625
3.054528283,0.64361572265625,0.6427001953125,0.6412353515625
3.055477068,0.64361572265625,0.6427001953125,0.6412353515625
3.056525926,0.640869140625,0.65167236328125,0.6434326171875
3.05752308,0.6522216796875,0.65167236328125,0.6434326171875
3.05852492,0.6529541015625,0.65167236328125,0.6434326171875
3.059524778,0.6529541015625,0.65167236328125,0.6434326171875
3.0605248960000004,0.6529541015625,0.65167236328125,0.6434326171875
3.061531736,0.649658203125,0.64617919921875,0.6456298828125
3.062475169,0.64654541015625,0.64617919921875,0.6456298828125
3.0635272479999998,0.64398193359375,0.64617919921875,0.6456298828125
3.0645273470000003,0.64398193359375,0.64617919921875,0.6456298828125
3.0656280560000004,0.6463623046875,0.6492919921875,0.6456298828125
3.066524416,0.64654541015625,0.6492919921875,0.64434814453125
3.067523422,0.649658203125,0.6492919921875,0.64434814453125
3.0684709660000005,0.649658203125,0.6492919921875,0.64434814453125
3.0695248050000004,0.64984130859375,0.6492919921875,0.64434814453125
3.070525238,0.6522216796875,0.6492919921875,0.64434814453125
3.0715182260000002,0.65203857421875,0.64892578125,0.64617919921875
3.0725332320000005,0.649658203125,0.64892578125,0.64617919921875
3.0735177380000005,0.6441650390625,0.64892578125,0.64617919921875
3.074521615,0.649658203125,0.64892578125,0.64617919921875
3.075518066,0.6492919921875,0.64892578125,0.64617919921875
3.0765260540000003,0.64691162109375,0.6492919921875,0.64801025390625
3.0775168940000004,0.6492919921875,0.6492919921875,0.64801025390625
3.0785234920000004,0.649658203125,0.6492919921875,0.64801025390625
3.079527628,0.649658203125,0.6492919921875,0.64801025390625
3.0805158759999998,0.64984130859375,0.6492919921875,0.64801025390625
3.081519104,0.6500244140625,0.65093994140625,0.64984130859375
3.082467963,0.649658203125,0.65093994140625,0.64984130859375
3.0835130619999997,0.652587890625,0.65093994140625,0.64984130859375
3.0845207720000003,0.64984130859375,0.65093994140625,0.64984130859375
3.085618758,0.652587890625,0.6551513671875,0.64984130859375
3.0865157659999998,0.649658203125,0.6551513671875,0.6514892578125
3.087512328,0.65533447265625,0.6551513671875,0.6514892578125
3.088516649,0.65570068359375,0.6551513671875,0.6514892578125
3.0895167290000005,0.655517578125,0.6551513671875,0.6514892578125
3.0905235319999997,0.6558837890625,0.6551513671875,0.6514892578125
3.091521168,0.6533203125,0.65643310546875,0.652587890625
3.0925127860000003,0.6558837890625,0.65643310546875,0.652587890625
3.0935115140000002,0.65863037109375,0.65643310546875,0.652587890625
3.09451065,0.65826416015625,0.65643310546875,0.652587890625
3.0955119719999997,0.6558837890625,0.65643310546875,0.652587890625
3.096509256,0.6558837890625,0.65863037109375,0.65185546875
3.0975112620000003,0.658447265625,0.65863037109375,0.65185546875
3.0985087499999997,0.661376953125,0.65863037109375,0.65185546875
3.099517071,0.65936279296875,0.65863037109375,0.65185546875
3.100676668,0.6588134765625,0.66082763671875,0.65185546875
3.101463936,0.658447265625,0.66082763671875,0.64288330078125
3.102505516,0.65936279296875,0.66082763671875,0.64288330078125
3.10350593,0.65899658203125,0.66082763671875,0.64288330078125
3.1044569740000005,0.66448974609375,0.66082763671875,0.64288330078125
3.105508832,0.66156005859375,0.66082763671875,0.64288330078125
3.1064497090000005,0.66156005859375,0.66302490234375,0.63372802734375
3.107509104,0.66156005859375,0.66302490234375,0.63372802734375
3.1085035359999997,0.66192626953125,0.66302490234375,0.63372802734375
3.109509728,0.66448974609375,0.66302490234375,0.63372802734375
3.1105103080000003,0.66192626953125,0.66302490234375,0.63372802734375
3.111509666,0.66192626953125,0.66357421875,0.6427001953125
3.112496803,0.6650390625,0.66357421875,0.6427001953125
3.1135091610000005,0.66192626953125,0.66357421875,0.6427001953125
3.1144537230000005,0.66448974609375,0.66357421875,0.6427001953125
3.115500099,0.66448974609375,0.66357421875,0.6427001953125
3.1164523100000006,0.6676025390625,0.66522216796875,0.65167236328125
3.1174962969999997,0.6650390625,0.66522216796875,0.65167236328125
3.1184675450000006,0.6676025390625,0.66522216796875,0.65167236328125
3.119500588,0.6676025390625,0.66522216796875,0.65167236328125
3.1204977430000005,0.6676025390625,0.66522216796875,0.65167236328125
3.121508878,0.6650390625,0.66668701171875,0.64617919921875
3.122498459,0.6650390625,0.66668701171875,0.64617919921875
3.1235034840000004,0.66522216796875,0.66668701171875,0.64617919921875
3.1244429170000005,0.6676025390625,0.66668701171875,0.64617919921875
3.125597625,0.6650390625,0.664306640625,0.64617919921875
3.1264537810000004,0.66522216796875,0.664306640625,0.6492919921875
3.1275001950000005,0.6650390625,0.664306640625,0.6492919921875
3.128440813,0.66156005859375,0.664306640625,0.6492919921875
3.129502059,0.6650390625,0.664306640625,0.6492919921875
3.130551324,0.66705322265625,0.656982421875,0.6492919921875
3.1315029050000005,0.6650390625,0.656982421875,0.64892578125
3.1324951160000003,0.65606689453125,0.656982421875,0.64892578125
3.133494585,0.65606689453125,0.656982421875,0.64892578125
3.134500869,0.65570068359375,0.656982421875,0.64892578125
3.1354910609999997,0.6558837890625,0.656982421875,0.64892578125
3.1364933630000005,0.6588134765625,0.65240478515625,0.6492919921875
3.137485259,0.65350341796875,0.65240478515625,0.6492919921875
3.1384980980000003,0.6529541015625,0.65240478515625,0.6492919921875
3.1394905680000003,0.6500244140625,0.65240478515625,0.6492919921875
3.140495167,0.65020751953125,0.65240478515625,0.6492919921875
3.1414907469999998,0.65313720703125,0.661376953125,0.65093994140625
3.14250092,0.66192626953125,0.661376953125,0.65093994140625
3.1434968340000005,0.6650390625,0.661376953125,0.65093994140625
3.1444809520000003,0.66156005859375,0.661376953125,0.65093994140625
3.145439422,0.66156005859375,0.661376953125,0.65093994140625
3.146482076,0.66192626953125,0.67034912109375,0.6551513671875
3.1474972480000005,0.6676025390625,0.67034912109375,0.6551513671875
3.148498847,0.67327880859375,0.67034912109375,0.6551513671875
3.1494871690000004,0.67327880859375,0.67034912109375,0.6551513671875
3.150479323,0.67327880859375,0.67034912109375,0.6551513671875
3.151487533,0.67034912109375,0.67364501953125,0.65643310546875
3.1524887059999998,0.6705322265625,0.67364501953125,0.65643310546875
3.153485379,0.67327880859375,0.67364501953125,0.65643310546875
3.15448446,0.6767578125,0.67364501953125,0.65643310546875
3.1554897440000005,0.67620849609375,0.67364501953125,0.65643310546875
3.1564811950000005,0.67071533203125,0.6646728515625,0.65863037109375
3.157486275,0.6650390625,0.6646728515625,0.65863037109375
3.158489448,0.66448974609375,0.6646728515625,0.65863037109375
3.159484473,0.658447265625,0.6646728515625,0.65863037109375
3.160480795,0.6654052734375,0.6646728515625,0.65863037109375
3.161481912,0.66522216796875,0.6580810546875,0.66082763671875
3.162482937,0.658447265625,0.6580810546875,0.66082763671875
3.1634843880000005,0.65570068359375,0.6580810546875,0.66082763671875
3.164491172,0.65570068359375,0.6580810546875,0.66082763671875
3.165482345,0.6558837890625,0.6580810546875,0.66082763671875
3.1664901480000003,0.66156005859375,0.66558837890625,0.66302490234375
3.167483969,0.6650390625,0.66558837890625,0.66302490234375
3.168479586,0.66796875,0.66558837890625,0.66302490234375
3.1694777600000004,0.66778564453125,0.66558837890625,0.66302490234375
3.170491932,0.66485595703125,0.66558837890625,0.66302490234375
3.171480754,0.66448974609375,0.66558837890625,0.66357421875
3.1724816860000002,0.66778564453125,0.66558837890625,0.66357421875
3.1734819329999997,0.66522216796875,0.66558837890625,0.66357421875
3.1744842360000005,0.6650390625,0.66558837890625,0.66357421875
3.175495798,0.66796875,0.66558837890625,0.66357421875
3.1764793230000006,0.6676025390625,0.6668701171875,0.66522216796875
3.1774865510000003,0.66558837890625,0.6668701171875,0.66522216796875
3.1784773360000003,0.6705322265625,0.6668701171875,0.66522216796875
3.1794924160000004,0.66778564453125,0.6668701171875,0.66522216796875
3.1804807740000003,0.66796875,0.6668701171875,0.66522216796875
3.181485466,0.66796875,0.6690673828125,0.66668701171875
3.182482102,0.67071533203125,0.6690673828125,0.66668701171875
3.183536108,0.6708984375,0.6690673828125,0.66668701171875
3.184534966,0.673095703125,0.6690673828125,0.66668701171875
3.185549065,0.66778564453125,0.673095703125,0.66668701171875
3.1865360340000004,0.6705322265625,0.673095703125,0.664306640625
3.1874764669999998,0.6763916015625,0.673095703125,0.664306640625
3.188532714,0.6734619140625,0.673095703125,0.664306640625
3.189535664,0.67437744140625,0.673095703125,0.664306640625
3.1905792440000003,0.6734619140625,0.67437744140625,0.664306640625
3.1914819560000005,0.6734619140625,0.67437744140625,0.656982421875
3.1925275539999998,0.673828125,0.67437744140625,0.656982421875
3.1935255600000003,0.6767578125,0.67437744140625,0.656982421875
3.1944784750000004,0.6734619140625,0.67437744140625,0.656982421875
3.19552311,0.6734619140625,0.67437744140625,0.656982421875
3.196476969,0.673828125,0.67657470703125,0.65240478515625
3.197535845,0.673828125,0.67657470703125,0.65240478515625
3.198525426,0.6767578125,0.67657470703125,0.65240478515625
3.1995178209999997,0.67730712890625,0.67657470703125,0.65240478515625
3.20053242,0.6767578125,0.67657470703125,0.65240478515625
3.2015255930000004,0.6767578125,0.67913818359375,0.661376953125
3.202532173,0.6763916015625,0.67913818359375,0.661376953125
3.2035223840000002,0.6826171875,0.67913818359375,0.661376953125
3.204481724,0.6826171875,0.67913818359375,0.661376953125
3.2056357650000002,0.6826171875,0.67840576171875,0.661376953125
3.206486922,0.67730712890625,0.67840576171875,0.67034912109375
3.2075196870000005,0.67730712890625,0.67840576171875,0.67034912109375
3.2084804900000004,0.6767578125,0.67840576171875,0.67034912109375
3.2095234590000006,0.67730712890625,0.67840576171875,0.67034912109375
3.2104754470000003,0.67913818359375,0.67840576171875,0.67034912109375
3.2115283980000005,0.67987060546875,0.6800537109375,0.67364501953125
3.2125222000000004,0.67987060546875,0.6800537109375,0.67364501953125
3.2135281330000005,0.6829833984375,0.6800537109375,0.67364501953125
3.2145211390000004,0.67987060546875,0.6800537109375,0.67364501953125
3.215520238,0.68023681640625,0.6800537109375,0.67364501953125
3.2165150780000005,0.68206787109375,0.6822509765625,0.6646728515625
3.217524899,0.6829833984375,0.6822509765625,0.6646728515625
3.2185167760000004,0.6826171875,0.6822509765625,0.6646728515625
3.2195137640000002,0.6829833984375,0.6822509765625,0.6646728515625
3.220521474,0.6826171875,0.6822509765625,0.6646728515625
3.221517573,0.6826171875,0.68426513671875,0.6580810546875
3.222518524,0.6829833984375,0.68426513671875,0.6580810546875
3.2236561760000004,0.685546875,0.68426513671875,0.6580810546875
3.2244691110000003,0.685546875,0.68426513671875,0.6580810546875
3.2255517650000005,0.6829833984375,0.68426513671875,0.6580810546875
3.2264722720000005,0.6829833984375,0.68133544921875,0.66558837890625
3.2275141300000003,0.6826171875,0.68133544921875,0.66558837890625
3.2285077290000004,0.6826171875,0.68133544921875,0.66558837890625
3.2295096050000005,0.67987060546875,0.68133544921875,0.66558837890625
3.230504797,0.67950439453125,0.68133544921875,0.66558837890625
3.2315115629999998,0.68023681640625,0.68353271484375,0.66558837890625
3.2325079949999997,0.685546875,0.68353271484375,0.66558837890625
3.2335144639999998,0.685546875,0.68353271484375,0.66558837890625
3.234460897,0.6829833984375,0.68353271484375,0.66558837890625
3.2355151810000002,0.6826171875,0.68353271484375,0.66558837890625
3.2364614290000002,0.6826171875,0.685546875,0.6668701171875
3.237511823,0.685546875,0.685546875,0.6668701171875
3.2384581080000006,0.68572998046875,0.685546875,0.6668701171875
3.2395166140000002,0.6829833984375,0.685546875,0.6668701171875
3.2405036020000004,0.685546875,0.685546875,0.6668701171875
3.2415102750000004,0.685546875,0.687744140625,0.6690673828125
3.242505133,0.68829345703125,0.687744140625,0.6690673828125
3.243504991,0.6884765625,0.687744140625,0.6690673828125
3.244458702,0.68829345703125,0.687744140625,0.6690673828125
3.2456107250000006,0.6884765625,0.68463134765625,0.6690673828125
3.246456511,0.6851806640625,0.68463134765625,0.673095703125
3.2475030719999998,0.685546875,0.68463134765625,0.673095703125
3.248448709,0.685546875,0.68463134765625,0.673095703125
3.2495113070000006,0.6826171875,0.68463134765625,0.673095703125
3.2504488140000003,0.68829345703125,0.68463134765625,0.673095703125
3.251501654,0.685546875,0.68682861328125,0.67437744140625
3.2525079560000005,0.6884765625,0.68682861328125,0.67437744140625
3.25351137,0.685546875,0.68682861328125,0.67437744140625
3.2545019690000005,0.6884765625,0.68682861328125,0.67437744140625
3.25550929,0.68829345703125,0.68682861328125,0.67437744140625
3.2565003150000003,0.6884765625,0.689208984375,0.67657470703125
3.2574932480000003,0.6884765625,0.689208984375,0.67657470703125
3.2585005130000004,0.6884765625,0.689208984375,0.67657470703125
3.2594999820000004,0.6884765625,0.689208984375,0.67657470703125
3.260448749,0.6884765625,0.689208984375,0.67657470703125
3.261493088,0.6884765625,0.69158935546875,0.67913818359375
3.2625022050000005,0.69451904296875,0.69158935546875,0.67913818359375
3.263499971,0.6917724609375,0.69158935546875,0.67913818359375
3.2644427929999997,0.6939697265625,0.69158935546875,0.67913818359375
3.2654958910000005,0.6884765625,0.69158935546875,0.67913818359375
3.2664448980000005,0.69140625,0.687744140625,0.67840576171875
3.267494404,0.6884765625,0.687744140625,0.67840576171875
3.2684488920000003,0.68572998046875,0.687744140625,0.67840576171875
3.2694899910000004,0.685546875,0.687744140625,0.67840576171875
3.2704886450000004,0.685546875,0.687744140625,0.67840576171875
3.271489337,0.68829345703125,0.6903076171875,0.6800537109375
3.2724917319999998,0.6884765625,0.6903076171875,0.6800537109375
3.273492387,0.6917724609375,0.6903076171875,0.6800537109375
3.2744428570000004,0.69140625,0.6903076171875,0.6800537109375
3.2754978250000004,0.6884765625,0.6903076171875,0.6800537109375
3.2764411100000004,0.6884765625,0.6925048828125,0.6822509765625
3.277489986,0.6917724609375,0.6925048828125,0.6822509765625
3.278441882,0.69451904296875,0.6925048828125,0.6822509765625
3.279489999,0.69451904296875,0.6925048828125,0.6822509765625
3.2804946910000004,0.69140625,0.6925048828125,0.6822509765625
3.2814890310000004,0.69140625,0.69525146484375,0.68426513671875
3.2824887780000003,0.69488525390625,0.69525146484375,0.68426513671875
3.283490895,0.69708251953125,0.69525146484375,0.68426513671875
3.284485716,0.69451904296875,0.69525146484375,0.68426513671875
3.2854865010000003,0.69744873046875,0.69525146484375,0.68426513671875
3.2864856920000003,0.69708251953125,0.692138671875,0.68133544921875
3.2874909580000002,0.6917724609375,0.692138671875,0.68133544921875
3.288492001,0.69140625,0.692138671875,0.68133544921875
3.2894938590000002,0.6884765625,0.692138671875,0.68133544921875
3.2904900699999997,0.6939697265625,0.692138671875,0.68133544921875
3.2914855570000006,0.6917724609375,0.6837158203125,0.68353271484375
3.2924836940000004,0.6888427734375,0.6837158203125,0.68353271484375
3.293621828,0.68023681640625,0.6837158203125,0.68353271484375
3.294439485,0.685546875,0.6837158203125,0.68353271484375
3.295480713,0.6771240234375,0.6837158203125,0.68353271484375
3.29647633,0.685546875,0.6796875,0.685546875
3.2974808920000003,0.68316650390625,0.6796875,0.685546875
3.29848975,0.6796875,0.6796875,0.685546875
3.299480312,0.67767333984375,0.6796875,0.685546875
3.300486985,0.6771240234375,0.6796875,0.685546875
3.3014791580000002,0.68023681640625,0.67877197265625,0.687744140625
3.3024773869999997,0.68023681640625,0.67877197265625,0.687744140625
3.3034790789999997,0.67767333984375,0.67877197265625,0.687744140625
3.304480289,0.68023681640625,0.67877197265625,0.687744140625
3.3054817210000005,0.68023681640625,0.67877197265625,0.687744140625
3.3064815240000005,0.67767333984375,0.68756103515625,0.68463134765625
3.3074827340000006,0.68829345703125,0.68756103515625,0.68463134765625
3.3084755370000005,0.686279296875,0.68756103515625,0.68463134765625
3.3094822280000002,0.6888427734375,0.68756103515625,0.68463134765625
3.310482586,0.69122314453125,0.68756103515625,0.68463134765625
3.3114831110000003,0.6888427734375,0.6884765625,0.68682861328125
3.3124796730000003,0.6888427734375,0.6884765625,0.68682861328125
3.3135384940000003,0.68829345703125,0.6884765625,0.68682861328125
3.314488204,0.6888427734375,0.6884765625,0.68682861328125
3.3154798780000005,0.68829345703125,0.6884765625,0.68682861328125
3.316481791,0.6888427734375,0.6917724609375,0.689208984375
3.3174844830000003,0.6947021484375,0.6917724609375,0.689208984375
3.3184858970000004,0.69268798828125,0.6917724609375,0.689208984375
3.319487144,0.6947021484375,0.6917724609375,0.689208984375
3.3204865760000004,0.6917724609375,0.6917724609375,0.689208984375
3.321479268,0.68975830078125,0.69561767578125,0.69158935546875
3.322481144,0.6947021484375,0.69561767578125,0.69158935546875
3.3234891510000004,0.697998046875,0.69561767578125,0.69158935546875
3.3244839539999997,0.69525146484375,0.69561767578125,0.69158935546875
3.3255317370000004,0.69744873046875,0.69561767578125,0.69158935546875
3.32648817,0.697998046875,0.69744873046875,0.687744140625
3.327523306,0.69744873046875,0.69744873046875,0.687744140625
3.3284881090000003,0.697998046875,0.69744873046875,0.687744140625
3.329522837,0.697998046875,0.69744873046875,0.687744140625
3.3305257690000003,0.697998046875,0.69744873046875,0.687744140625
3.331540627,0.69744873046875,0.69964599609375,0.6903076171875
3.332480801,0.70001220703125,0.69964599609375,0.6903076171875
3.3335321589999998,0.70074462890625,0.69964599609375,0.6903076171875
3.334527035,0.69781494140625,0.69964599609375,0.6903076171875
3.335526023,0.70074462890625,0.69964599609375,0.6903076171875
3.3365264740000002,0.70074462890625,0.70294189453125,0.6925048828125
3.3375356099999998,0.7012939453125,0.70294189453125,0.6925048828125
3.338528598,0.7042236328125,0.70294189453125,0.6925048828125
3.3395240490000004,0.7071533203125,0.70294189453125,0.6925048828125
3.3405208699999998,0.70367431640625,0.70294189453125,0.6925048828125
3.341520932,0.7012939453125,0.7056884765625,0.69525146484375
3.342538568,0.70440673828125,0.7056884765625,0.69525146484375
3.3435217780000004,0.706787109375,0.7056884765625,0.69525146484375
3.344521673,0.706787109375,0.7056884765625,0.69525146484375
3.3454837910000004,0.706787109375,0.7056884765625,0.69525146484375
3.346521149,0.7071533203125,0.70111083984375,0.692138671875
3.3475184150000006,0.70147705078125,0.70111083984375,0.692138671875
3.3485277920000005,0.7012939453125,0.70111083984375,0.692138671875
3.349521761,0.7012939453125,0.70111083984375,0.692138671875
3.3505262670000002,0.7012939453125,0.70111083984375,0.692138671875
3.3515158850000004,0.70074462890625,0.69305419921875,0.6837158203125
3.352521502,0.697998046875,0.69305419921875,0.6837158203125
3.3535168239999997,0.69525146484375,0.69305419921875,0.6837158203125
3.354529737,0.68975830078125,0.69305419921875,0.6837158203125
3.35551667,0.69268798828125,0.69305419921875,0.6837158203125
3.356516084,0.692138671875,0.6895751953125,0.6796875
3.3575182569999997,0.692138671875,0.6895751953125,0.6796875
3.3585208370000004,0.6888427734375,0.6895751953125,0.6796875
3.359524788,0.68389892578125,0.6895751953125,0.6796875
3.360616608,0.68646240234375,0.6888427734375,0.6796875
3.3615124119999997,0.68975830078125,0.6888427734375,0.67877197265625
3.362514085,0.68975830078125,0.6888427734375,0.67877197265625
3.363651497,0.68994140625,0.6888427734375,0.67877197265625
3.36451619,0.68975830078125,0.6888427734375,0.67877197265625
3.3655221969999998,0.68701171875,0.6888427734375,0.67877197265625
3.366512759,0.6873779296875,0.692138671875,0.68756103515625
3.3675150240000002,0.68994140625,0.692138671875,0.68756103515625
3.3685062530000005,0.69287109375,0.692138671875,0.68756103515625
3.36946076,0.69561767578125,0.692138671875,0.68756103515625
3.370516821,0.69287109375,0.692138671875,0.68756103515625
3.3714618840000004,0.69287109375,0.69781494140625,0.6884765625
3.372511019,0.69561767578125,0.69781494140625,0.6884765625
3.3735044700000003,0.70111083984375,0.69781494140625,0.6884765625
3.3745128100000006,0.70166015625,0.69781494140625,0.6884765625
3.375506261,0.69598388671875,0.69781494140625,0.6884765625
3.3765032480000006,0.69598388671875,0.70147705078125,0.6917724609375
3.377503292,0.6990966796875,0.70147705078125,0.6917724609375
3.3785068540000003,0.70404052734375,0.70147705078125,0.6917724609375
3.379516045,0.70458984375,0.70147705078125,0.6917724609375
3.3805061070000004,0.70166015625,0.70147705078125,0.6917724609375
3.3815085209999998,0.70166015625,0.6925048828125,0.69561767578125
3.382516935,0.69598388671875,0.6925048828125,0.69561767578125
3.383652143,0.68994140625,0.6925048828125,0.69561767578125
3.384459282,0.6895751953125,0.6925048828125,0.69561767578125
3.3855024170000005,0.69049072265625,0.6925048828125,0.69561767578125
3.3864599980000003,0.6932373046875,0.6947021484375,0.69744873046875
3.3874957080000003,0.69598388671875,0.6947021484375,0.69744873046875
3.3884621400000006,0.69598388671875,0.6947021484375,0.69744873046875
3.389495332,0.69378662109375,0.6947021484375,0.69744873046875
3.3906108919999998,0.69378662109375,0.69488525390625,0.69744873046875
3.391513678,0.69635009765625,0.69488525390625,0.69744873046875
3.392495147,0.69635009765625,0.69488525390625,0.69964599609375
3.3935007280000002,0.69598388671875,0.69488525390625,0.69964599609375
3.3944495310000002,0.69598388671875,0.69488525390625,0.69964599609375
3.395497537,0.6968994140625,0.69488525390625,0.69964599609375
3.3964528769999998,0.69635009765625,0.69781494140625,0.70294189453125
3.3974981050000004,0.69635009765625,0.69781494140625,0.70294189453125
3.3984491119999998,0.69891357421875,0.69781494140625,0.70294189453125
3.399498062,0.699462890625,0.69781494140625,0.70294189453125
3.4005014200000003,0.69635009765625,0.69781494140625,0.70294189453125
3.4014963160000002,0.69635009765625,0.70257568359375,0.7056884765625
3.4025002110000004,0.70166015625,0.70257568359375,0.7056884765625
3.4035028280000006,0.70257568359375,0.70257568359375,0.7056884765625
3.404446169,0.70550537109375,0.70257568359375,0.7056884765625
3.405494749,0.70257568359375,0.70257568359375,0.7056884765625
3.406447719,0.70166015625,0.70220947265625,0.70111083984375
3.407497113,0.70257568359375,0.70220947265625,0.70111083984375
3.4084491569999997,0.7049560546875,0.70220947265625,0.70111083984375
3.4094943669999997,0.70166015625,0.70220947265625,0.70111083984375
3.4104927070000004,0.7020263671875,0.70220947265625,0.70111083984375
3.411499472,0.70166015625,0.70587158203125,0.69305419921875
3.4124929230000003,0.70257568359375,0.70587158203125,0.69305419921875
3.413499559,0.71630859375,0.70587158203125,0.69305419921875
3.4144987689999997,0.70587158203125,0.70587158203125,0.69305419921875
3.4154407210000004,0.70843505859375,0.70587158203125,0.69305419921875
3.4164957449999998,0.70550537109375,0.69708251953125,0.6895751953125
3.4174397890000003,0.70001220703125,0.69708251953125,0.6895751953125
3.4184884799999997,0.6968994140625,0.69708251953125,0.6895751953125
3.4194360800000005,0.69378662109375,0.69708251953125,0.6895751953125
3.4204916590000005,0.6968994140625,0.69708251953125,0.6895751953125
3.4214842770000002,0.70257568359375,0.69488525390625,0.6888427734375
3.4224822460000004,0.69415283203125,0.69488525390625,0.6888427734375
3.423485512,0.69085693359375,0.69488525390625,0.6888427734375
3.4244845550000003,0.69415283203125,0.69488525390625,0.6888427734375
3.4254857650000003,0.6947021484375,0.69488525390625,0.6888427734375
3.4264860310000005,0.69635009765625,0.6961669921875,0.692138671875
3.427487908,0.6968994140625,0.6961669921875,0.692138671875
3.4284877480000002,0.6968994140625,0.6961669921875,0.692138671875
3.4294928650000003,0.69415283203125,0.6961669921875,0.692138671875
3.4305509260000004,0.69635009765625,0.6990966796875,0.692138671875
3.4314889520000005,0.6968994140625,0.6990966796875,0.69781494140625
3.4324795880000005,0.6968994140625,0.6990966796875,0.69781494140625
3.4336197960000003,0.70257568359375,0.6990966796875,0.69781494140625
3.4344288609999998,0.702392578125,0.6990966796875,0.69781494140625
3.435485644,0.7001953125,0.6990966796875,0.69781494140625
3.4364777800000006,0.6947021484375,0.6903076171875,0.70147705078125
3.4374816940000006,0.69140625,0.6903076171875,0.70147705078125
3.438479663,0.69085693359375,0.6903076171875,0.70147705078125
3.439483577,0.6888427734375,0.6903076171875,0.70147705078125
3.4404815280000003,0.68939208984375,0.6903076171875,0.70147705078125
3.441478238,0.6917724609375,0.6903076171875,0.6925048828125
3.442476633,0.69195556640625,0.6903076171875,0.6925048828125
3.443483306,0.69195556640625,0.6903076171875,0.6925048828125
3.444486091,0.68975830078125,0.6903076171875,0.6925048828125
3.4454859860000004,0.68939208984375,0.6903076171875,0.6925048828125
3.4464819,0.68939208984375,0.68499755859375,0.6947021484375
3.4474828320000004,0.6837158203125,0.68499755859375,0.6947021484375
3.448477283,0.6837158203125,0.68499755859375,0.6947021484375
3.449477345,0.68316650390625,0.68499755859375,0.6947021484375
3.450481851,0.686279296875,0.68499755859375,0.6947021484375
3.4515961520000005,0.68682861328125,0.68499755859375,0.69488525390625
3.4524852900000003,0.6837158203125,0.68499755859375,0.69488525390625
3.453485055,0.6837158203125,0.68499755859375,0.69488525390625
3.4544811730000005,0.68829345703125,0.68499755859375,0.69488525390625
3.455479605,0.6837158203125,0.68499755859375,0.69488525390625
3.4564786860000005,0.68426513671875,0.6888427734375,0.69781494140625
3.457480544,0.68939208984375,0.6888427734375,0.69781494140625
3.4584795130000003,0.6903076171875,0.6888427734375,0.69781494140625
3.4594824090000005,0.69287109375,0.6888427734375,0.69781494140625
3.460478471,0.68975830078125,0.6888427734375,0.69781494140625
3.461479144,0.6866455078125,0.67987060546875,0.70257568359375
3.4624937430000005,0.68408203125,0.67987060546875,0.70257568359375
3.4634744900000003,0.6815185546875,0.67987060546875,0.70257568359375
3.4644758850000006,0.67877197265625,0.67987060546875,0.70257568359375
3.4654827800000003,0.67877197265625,0.67987060546875,0.70257568359375
3.466474657,0.6815185546875,0.68206787109375,0.70220947265625
3.4674741449999997,0.6815185546875,0.68206787109375,0.70220947265625
3.4685362619999998,0.6826171875,0.68206787109375,0.70220947265625
3.469533972,0.6844482421875,0.68206787109375,0.70220947265625
3.4705341260000004,0.6815185546875,0.68206787109375,0.70220947265625
3.471526411,0.68206787109375,0.676025390625,0.70587158203125
3.4725473980000006,0.67877197265625,0.676025390625,0.70587158203125
3.4736634960000004,0.67620849609375,0.676025390625,0.70587158203125
3.4745290779999998,0.67364501953125,0.676025390625,0.70587158203125
3.4755213620000003,0.6767578125,0.676025390625,0.70587158203125
3.4765344240000005,0.6767578125,0.6778564453125,0.69708251953125
3.47752356,0.67730712890625,0.6778564453125,0.69708251953125
3.478521956,0.6793212890625,0.6778564453125,0.69708251953125
3.479523166,0.6793212890625,0.6778564453125,0.69708251953125
3.480521468,0.6767578125,0.6778564453125,0.69708251953125
3.4815239930000006,0.6767578125,0.685546875,0.69488525390625
3.4825235919999997,0.6826171875,0.685546875,0.69488525390625
3.483532395,0.6888427734375,0.685546875,0.69488525390625
3.4844693830000004,0.6888427734375,0.685546875,0.69488525390625
3.485522926,0.6837158203125,0.685546875,0.69488525390625
3.486468822,0.686279296875,0.67657470703125,0.6961669921875
3.48752305,0.6741943359375,0.67657470703125,0.6961669921875
3.488464039,0.67474365234375,0.67657470703125,0.6961669921875
3.4895314520000005,0.67657470703125,0.67657470703125,0.6961669921875
3.490516995,0.6778564453125,0.67657470703125,0.6961669921875
3.4915219459999998,0.67474365234375,0.6778564453125,0.6990966796875
3.4925154149999997,0.6785888671875,0.6778564453125,0.6990966796875
3.493517218,0.676025390625,0.6778564453125,0.6990966796875
3.49446817,0.6785888671875,0.6778564453125,0.6990966796875
3.4955219900000003,0.676025390625,0.6778564453125,0.6990966796875
3.4964697190000003,0.6785888671875,0.67254638671875,0.6903076171875
3.4975136330000005,0.676025390625,0.67254638671875,0.6903076171875
3.4984686950000006,0.670166015625,0.67254638671875,0.6903076171875
3.4995085340000003,0.67071533203125,0.67254638671875,0.6903076171875
3.500513152,0.670166015625,0.67254638671875,0.6903076171875
3.5015123060000004,0.67144775390625,0.66357421875,0.6903076171875
3.5025140720000003,0.66522216796875,0.66357421875,0.6903076171875
3.503519208,0.661376953125,0.66357421875,0.6903076171875
3.5044584190000005,0.65863037109375,0.66357421875,0.6903076171875
3.5055124429999998,0.66192626953125,0.66357421875,0.6903076171875
3.506475116,0.66265869140625,0.65460205078125,0.68499755859375
3.507515937,0.65753173828125,0.65460205078125,0.68499755859375
3.508456648,0.6529541015625,0.65460205078125,0.68499755859375
3.509521005,0.651123046875,0.65460205078125,0.68499755859375
3.510515623,0.65423583984375,0.65460205078125,0.68499755859375
3.5115073150000002,0.6536865234375,0.6456298828125,0.68499755859375
3.512513673,0.64599609375,0.6456298828125,0.68499755859375
3.513521235,0.64288330078125,0.6456298828125,0.68499755859375
3.514512926,0.6405029296875,0.6456298828125,0.68499755859375
3.5155061180000002,0.64544677734375,0.6456298828125,0.68499755859375
3.5165047730000003,0.64599609375,0.63665771484375,0.6888427734375
3.51750776,0.63812255859375,0.63665771484375,0.6888427734375
3.5185106,0.6331787109375,0.63665771484375,0.6888427734375
3.519504273,0.6339111328125,0.63665771484375,0.6888427734375
3.5204563360000005,0.6353759765625,0.63665771484375,0.6888427734375
3.521504545,0.63848876953125,0.63848876953125,0.67987060546875
3.522507181,0.638671875,0.63848876953125,0.67987060546875
3.523503484,0.64178466796875,0.63848876953125,0.67987060546875
3.524500398,0.639404296875,0.63848876953125,0.67987060546875
3.525502812,0.63427734375,0.63848876953125,0.67987060546875
3.5264954290000006,0.638671875,0.63482666015625,0.68206787109375
3.5275021210000004,0.63592529296875,0.63482666015625,0.68206787109375
3.528505923,0.63519287109375,0.63482666015625,0.68206787109375
3.5295127070000003,0.6328125,0.63482666015625,0.68206787109375
3.530504121,0.63592529296875,0.63482666015625,0.68206787109375
3.5315042200000004,0.6368408203125,0.63336181640625,0.676025390625
3.532497875,0.63446044921875,0.63336181640625,0.676025390625
3.5336397130000003,0.633544921875,0.63336181640625,0.676025390625
3.534481832,0.632080078125,0.63336181640625,0.676025390625
3.535498746,0.63427734375,0.63336181640625,0.676025390625
3.536494901,0.63189697265625,0.62896728515625,0.6778564453125
3.537497999,0.6309814453125,0.62896728515625,0.6778564453125
3.5384983759999997,0.626953125,0.62896728515625,0.6778564453125
3.539455772,0.62677001953125,0.62896728515625,0.6778564453125
3.540502278,0.62860107421875,0.62896728515625,0.6778564453125
3.5414982100000003,0.62860107421875,0.62347412109375,0.685546875
3.5425029940000003,0.6243896484375,0.62347412109375,0.685546875
3.5434970560000005,0.6221923828125,0.62347412109375,0.685546875
3.5444939890000002,0.62530517578125,0.62347412109375,0.685546875
3.545500884,0.61981201171875,0.62347412109375,0.685546875
3.5465080570000005,0.62310791015625,0.614501953125,0.67657470703125
3.5474996,0.6207275390625,0.614501953125,0.67657470703125
3.5484998660000002,0.61358642578125,0.614501953125,0.67657470703125
3.549493095,0.610107421875,0.614501953125,0.67657470703125
3.550488249,0.61322021484375,0.614501953125,0.67657470703125
3.551497811,0.61505126953125,0.60552978515625,0.67657470703125
3.5524928730000003,0.609375,0.60552978515625,0.6778564453125
3.553681655,0.601318359375,0.60552978515625,0.6778564453125
3.5545329590000003,0.601318359375,0.60552978515625,0.6778564453125
3.5554973920000004,0.6046142578125,0.60552978515625,0.6778564453125
3.55649601,0.60443115234375,0.5965576171875,0.67254638671875
3.55749272,0.599853515625,0.5965576171875,0.67254638671875
3.558503559,0.5965576171875,0.5965576171875,0.67254638671875
3.559500066,0.59564208984375,0.5965576171875,0.67254638671875
3.560490424,0.59564208984375,0.5965576171875,0.67254638671875
3.5614914860000004,0.59417724609375,0.592529296875,0.66357421875
3.562495104,0.5928955078125,0.592529296875,0.66357421875
3.563498888,0.5928955078125,0.592529296875,0.66357421875
3.564495857,0.59051513671875,0.592529296875,0.66357421875
3.565491882,0.5928955078125,0.592529296875,0.66357421875
3.5664892030000006,0.5928955078125,0.5863037109375,0.65460205078125
3.567491062,0.589599609375,0.5863037109375,0.65460205078125
3.5684948270000003,0.58502197265625,0.5863037109375,0.65460205078125
3.569494167,0.58282470703125,0.5863037109375,0.65460205078125
3.570495951,0.5859375,0.5863037109375,0.65460205078125
3.5714893650000006,0.58465576171875,0.57769775390625,0.6456298828125
3.5724894450000004,0.5804443359375,0.57769775390625,0.6456298828125
3.5734854150000004,0.57366943359375,0.57769775390625,0.6456298828125
3.5744887730000006,0.57366943359375,0.57769775390625,0.6456298828125
3.575611759,0.57257080078125,0.56927490234375,0.6456298828125
3.576491045,0.5745849609375,0.56927490234375,0.63665771484375
3.577486959,0.57366943359375,0.56927490234375,0.63665771484375
3.578493354,0.56689453125,0.56927490234375,0.63665771484375
3.579484194,0.5694580078125,0.56927490234375,0.63665771484375
3.5804852,0.5657958984375,0.56927490234375,0.63665771484375
3.581491466,0.56927490234375,0.55975341796875,0.63848876953125
3.582495046,0.56268310546875,0.55975341796875,0.63848876953125
3.583491627,0.5592041015625,0.55975341796875,0.63848876953125
3.5844865219999997,0.5537109375,0.55975341796875,0.63848876953125
3.585487843,0.55828857421875,0.55975341796875,0.63848876953125
3.5864870900000003,0.56048583984375,0.55078125,0.63482666015625
3.5874864669999997,0.55059814453125,0.55078125,0.63482666015625
3.5884871030000003,0.547119140625,0.55078125,0.63482666015625
3.589534572,0.54949951171875,0.55078125,0.63482666015625
3.5905421520000003,0.55059814453125,0.55078125,0.63482666015625
3.591539696,0.55206298828125,0.5416259765625,0.63336181640625
3.592533776,0.54510498046875,0.5416259765625,0.63336181640625
3.593673429,0.53961181640625,0.5416259765625,0.63336181640625
3.594535919,0.53887939453125,0.5416259765625,0.63336181640625
3.595641628,0.53961181640625,0.533203125,0.63336181640625
3.596534265,0.53961181640625,0.533203125,0.62896728515625
3.5975345680000004,0.535400390625,0.533203125,0.62896728515625
3.598533444,0.5313720703125,0.533203125,0.62896728515625
3.599527136,0.53265380859375,0.533203125,0.62896728515625
3.6005318090000005,0.53448486328125,0.533203125,0.62896728515625
3.6015294450000006,0.53045654296875,0.523681640625,0.62347412109375
3.6025390809999998,0.52569580078125,0.523681640625,0.62347412109375
3.603530902,0.5225830078125,0.523681640625,0.62347412109375
3.604531186,0.520751953125,0.523681640625,0.62347412109375
3.6055368220000004,0.52130126953125,0.523681640625,0.62347412109375
3.606540421,0.5244140625,0.51470947265625,0.614501953125
3.607537261,0.51763916015625,0.51470947265625,0.614501953125
3.6085404160000003,0.51434326171875,0.51470947265625,0.614501953125
3.609538015,0.51251220703125,0.51470947265625,0.614501953125
3.610547169,0.51123046875,0.51470947265625,0.614501953125
3.6115350270000004,0.511962890625,0.5057373046875,0.60552978515625
3.6125367930000003,0.509765625,0.5057373046875,0.60552978515625
3.6135335590000004,0.50518798828125,0.5057373046875,0.60552978515625
3.6145350280000006,0.49859619140625,0.5057373046875,0.60552978515625
3.6155295160000005,0.50408935546875,0.5057373046875,0.60552978515625
3.616527059,0.50408935546875,0.49676513671875,0.5965576171875
3.617530047,0.49951171875,0.49676513671875,0.5965576171875
3.618537109,0.4925537109375,0.49676513671875,0.5965576171875
3.619534541,0.49566650390625,0.49676513671875,0.5965576171875
3.6205562880000004,0.4954833984375,0.488525390625,0.5965576171875
3.6215333320000003,0.4903564453125,0.488525390625,0.592529296875
3.6225347270000006,0.49237060546875,0.488525390625,0.592529296875
3.623526826,0.48687744140625,0.488525390625,0.592529296875
3.624531962,0.48504638671875,0.488525390625,0.592529296875
3.625530469,0.48504638671875,0.488525390625,0.592529296875
3.6265301599999997,0.4866943359375,0.4786376953125,0.5863037109375
3.6275324070000003,0.4830322265625,0.4786376953125,0.5863037109375
3.6285307290000004,0.4779052734375,0.4786376953125,0.5863037109375
3.6295214940000005,0.47808837890625,0.4786376953125,0.5863037109375
3.630531704,0.474609375,0.4786376953125,0.5863037109375
3.6315223030000006,0.47772216796875,0.46966552734375,0.57769775390625
3.6325280319999997,0.472412109375,0.46966552734375,0.57769775390625
3.6335239270000006,0.4727783203125,0.46966552734375,0.57769775390625
3.6345287300000004,0.46746826171875,0.46966552734375,0.57769775390625
3.635519144,0.470947265625,0.46966552734375,0.57769775390625
3.636518539,0.46929931640625,0.460693359375,0.56927490234375
3.637520434,0.46417236328125,0.460693359375,0.56927490234375
3.638522996,0.45904541015625,0.460693359375,0.56927490234375
3.639520095,0.4573974609375,0.460693359375,0.56927490234375
3.6405170280000005,0.45904541015625,0.460693359375,0.56927490234375
3.6415277010000002,0.460693359375,0.45172119140625,0.55975341796875
3.6425180590000004,0.4541015625,0.45172119140625,0.55975341796875
3.6435146019999998,0.448974609375,0.45172119140625,0.55975341796875
3.644516961,0.447509765625,0.45172119140625,0.55975341796875
3.645522078,0.45062255859375,0.45172119140625,0.55975341796875
3.6465198810000006,0.4508056640625,0.4427490234375,0.55078125
3.6475190910000004,0.44732666015625,0.4427490234375,0.55078125
3.6485207080000004,0.44256591796875,0.4427490234375,0.55078125
3.649512807,0.44256591796875,0.4427490234375,0.55078125
3.650528832,0.44256591796875,0.4427490234375,0.55078125
3.651518209,0.44091796875,0.43377685546875,0.5416259765625
3.652513271,0.435791015625,0.43377685546875,0.5416259765625
3.653522092,0.43267822265625,0.43377685546875,0.5416259765625
3.6545128390000006,0.4306640625,0.43377685546875,0.5416259765625
3.655507494,0.42919921875,0.43377685546875,0.5416259765625
3.6565132600000005,0.43487548828125,0.43194580078125,0.533203125
3.6575091550000005,0.43450927734375,0.43194580078125,0.533203125
3.6585134020000005,0.4310302734375,0.43194580078125,0.533203125
3.659514594,0.4310302734375,0.43194580078125,0.533203125
3.66050947,0.43194580078125,0.43194580078125,0.533203125
3.6615172540000005,0.43157958984375,0.4229736328125,0.523681640625
3.662512779,0.4266357421875,0.4229736328125,0.523681640625
3.663508934,0.421875,0.4229736328125,0.523681640625
3.664507607,0.42059326171875,0.4229736328125,0.523681640625
3.665509687,0.421875,0.4229736328125,0.523681640625
3.666510842,0.42059326171875,0.41748046875,0.51470947265625
3.6675091260000006,0.41912841796875,0.41748046875,0.51470947265625
3.6685083179999998,0.4178466796875,0.41748046875,0.51470947265625
3.669511139,0.4156494140625,0.41748046875,0.51470947265625
3.6705616819999998,0.41436767578125,0.41363525390625,0.51470947265625
3.6715015410000005,0.41436767578125,0.41363525390625,0.5057373046875
3.672502603,0.41510009765625,0.41363525390625,0.5057373046875
3.673509128,0.41326904296875,0.41363525390625,0.5057373046875
3.6745021710000003,0.4090576171875,0.41363525390625,0.5057373046875
3.675506863,0.41510009765625,0.41363525390625,0.5057373046875
3.6765018879999998,0.412353515625,0.407958984375,0.49676513671875
3.67750119,0.4112548828125,0.407958984375,0.49676513671875
3.678509474,0.40924072265625,0.407958984375,0.49676513671875
3.679508018,0.40594482421875,0.407958984375,0.49676513671875
3.680501265,0.40594482421875,0.407958984375,0.49676513671875
3.681500531,0.407958984375,0.41070556640625,0.488525390625
3.6825058520000002,0.41015625,0.41070556640625,0.488525390625
3.6834954140000002,0.41326904296875,0.41070556640625,0.488525390625
3.6844984390000004,0.4130859375,0.41070556640625,0.488525390625
3.6854991860000004,0.40997314453125,0.41070556640625,0.488525390625
3.686497803,0.40887451171875,0.40777587890625,0.4786376953125
3.6874962360000003,0.40869140625,0.40777587890625,0.4786376953125
3.6884995200000006,0.406494140625,0.40777587890625,0.4786376953125
3.689504156,0.406494140625,0.40777587890625,0.4786376953125
3.6906538830000004,0.406494140625,0.4072265625,0.4786376953125
3.691500983,0.40869140625,0.4072265625,0.46966552734375
3.692493731,0.40777587890625,0.4072265625,0.46966552734375
3.693489348,0.40557861328125,0.4072265625,0.46966552734375
3.694495558,0.40887451171875,0.4072265625,0.46966552734375
3.695498379,0.40667724609375,0.4072265625,0.46966552734375
3.696495904,0.40667724609375,0.4046630859375,0.460693359375
3.6974899290000005,0.406494140625,0.4046630859375,0.460693359375
3.698492399,0.402099609375,0.4046630859375,0.460693359375
3.6994924980000006,0.4053955078125,0.4046630859375,0.460693359375
3.700601466,0.40447998046875,0.400634765625,0.460693359375
3.7014857700000006,0.40338134765625,0.400634765625,0.45172119140625
3.702499276,0.4013671875,0.400634765625,0.45172119140625
3.703489042,0.40118408203125,0.400634765625,0.45172119140625
3.7044917699999997,0.3980712890625,0.400634765625,0.45172119140625
3.7054908510000004,0.4002685546875,0.400634765625,0.45172119140625
3.706494172,0.40155029296875,0.40155029296875,0.4427490234375
3.7074922150000003,0.4039306640625,0.40155029296875,0.4427490234375
3.7084940360000003,0.4013671875,0.40155029296875,0.4427490234375
3.7094868950000004,0.40155029296875,0.40155029296875,0.4427490234375
3.7104920860000004,0.40283203125,0.40155029296875,0.4427490234375
3.711495222,0.400634765625,0.4083251953125,0.43377685546875
3.7124926179999997,0.4053955078125,0.4083251953125,0.43377685546875
3.713489976,0.41015625,0.4083251953125,0.43377685546875
3.7144819270000005,0.410888671875,0.4083251953125,0.43377685546875
3.715486285,0.410888671875,0.4083251953125,0.43377685546875
3.7165113100000005,0.40850830078125,0.40191650390625,0.43194580078125
3.717488835,0.40118408203125,0.40191650390625,0.43194580078125
3.718491952,0.40191650390625,0.40191650390625,0.43194580078125
3.7194910330000006,0.40045166015625,0.40191650390625,0.43194580078125
3.7205630750000003,0.40045166015625,0.396240234375,0.43194580078125
3.721502675,0.40191650390625,0.396240234375,0.4229736328125
3.72249333,0.396240234375,0.396240234375,0.4229736328125
3.7236724080000005,0.396240234375,0.396240234375,0.4229736328125
3.7244841390000003,0.3973388671875,0.396240234375,0.4229736328125
3.7254902750000003,0.3955078125,0.396240234375,0.4229736328125
3.726489689,0.3973388671875,0.3936767578125,0.41748046875
3.7274893990000004,0.39239501953125,0.3936767578125,0.41748046875
3.7284918870000006,0.39422607421875,0.3936767578125,0.41748046875
3.729529059,0.39093017578125,0.3936767578125,0.41748046875
3.7305300470000002,0.39349365234375,0.3936767578125,0.41748046875
3.731484869,0.39093017578125,0.39404296875,0.41363525390625
3.73248419,0.39532470703125,0.39404296875,0.41363525390625
3.733533233,0.3973388671875,0.39404296875,0.41363525390625
3.734532313,0.39349365234375,0.39404296875,0.41363525390625
3.735483542,0.3980712890625,0.39404296875,0.41363525390625
3.7365303450000003,0.39532470703125,0.39093017578125,0.407958984375
3.7375360550000005,0.38909912109375,0.39093017578125,0.407958984375
3.738529894,0.3896484375,0.39093017578125,0.407958984375
3.7395316970000003,0.388916015625,0.39093017578125,0.407958984375
3.740640795,0.39093017578125,0.38653564453125,0.407958984375
3.741534617,0.38836669921875,0.38653564453125,0.41070556640625
3.742539401,0.38800048828125,0.38653564453125,0.41070556640625
3.743531056,0.387451171875,0.38653564453125,0.41070556640625
3.744532822,0.387451171875,0.38653564453125,0.41070556640625
3.745541643,0.38214111328125,0.38653564453125,0.41070556640625
3.746535186,0.38690185546875,0.39605712890625,0.40777587890625
3.747528063,0.39312744140625,0.39605712890625,0.40777587890625
3.7485301619999998,0.3984375,0.39605712890625,0.40777587890625
3.749533242,0.39788818359375,0.39605712890625,0.40777587890625
3.750537712,0.400634765625,0.39605712890625,0.40777587890625
3.7515307920000005,0.3980712890625,0.39569091796875,0.4072265625
3.7525312619999998,0.39495849609375,0.39569091796875,0.4072265625
3.753528601,0.3944091796875,0.39569091796875,0.4072265625
3.7545290520000005,0.39404296875,0.39569091796875,0.4072265625
3.7555267810000004,0.39678955078125,0.39569091796875,0.4072265625
3.7565320280000005,0.397705078125,0.40228271484375,0.4046630859375
3.7575272379999998,0.4002685546875,0.40228271484375,0.4046630859375
3.758538818,0.40576171875,0.40228271484375,0.4046630859375
3.759529732,0.407958984375,0.40228271484375,0.4046630859375
3.7605359610000004,0.40264892578125,0.40228271484375,0.4046630859375
3.7615236340000004,0.3995361328125,0.393310546875,0.400634765625
3.7625271959999997,0.39642333984375,0.393310546875,0.400634765625
3.763523943,0.39312744140625,0.393310546875,0.400634765625
3.764522949,0.3900146484375,0.393310546875,0.400634765625
3.765522956,0.39276123046875,0.393310546875,0.400634765625
3.7665238700000003,0.3900146484375,0.38433837890625,0.40155029296875
3.7675301169999997,0.38690185546875,0.38433837890625,0.40155029296875
3.768532864,0.38397216796875,0.38433837890625,0.40155029296875
3.7695325000000004,0.38360595703125,0.38433837890625,0.40155029296875
3.770629894,0.3812255859375,0.38250732421875,0.40155029296875
3.7715328270000006,0.38671875,0.38250732421875,0.4083251953125
3.772528352,0.38323974609375,0.38250732421875,0.4083251953125
3.773529229,0.38616943359375,0.38250732421875,0.4083251953125
3.7745240870000005,0.38067626953125,0.38250732421875,0.4083251953125
3.77552852,0.3804931640625,0.38250732421875,0.4083251953125
3.776527045,0.38323974609375,0.3834228515625,0.40191650390625
3.7775244400000005,0.385986328125,0.3834228515625,0.40191650390625
3.77853178,0.385986328125,0.3834228515625,0.40191650390625
3.7795204900000003,0.38323974609375,0.3834228515625,0.40191650390625
3.7805201999999998,0.38580322265625,0.3834228515625,0.40191650390625
3.781518225,0.383056640625,0.37445068359375,0.396240234375
3.7825248790000003,0.37445068359375,0.37445068359375,0.396240234375
3.783524182,0.374267578125,0.37445068359375,0.396240234375
3.7845183370000006,0.37115478515625,0.37445068359375,0.396240234375
3.7855175470000004,0.37408447265625,0.37445068359375,0.396240234375
3.786517516,0.37408447265625,0.365478515625,0.3936767578125
3.787521837,0.36822509765625,0.365478515625,0.3936767578125
3.7885194360000005,0.36236572265625,0.365478515625,0.3936767578125
3.789518869,0.36529541015625,0.365478515625,0.3936767578125
3.79051893,0.36236572265625,0.365478515625,0.3936767578125
3.791514178,0.36529541015625,0.36346435546875,0.39404296875
3.7925151470000005,0.3651123046875,0.36346435546875,0.39404296875
3.7935144680000006,0.36529541015625,0.36346435546875,0.39404296875
3.794510604,0.36236572265625,0.36346435546875,0.39404296875
3.7955145740000003,0.36529541015625,0.36346435546875,0.39404296875
3.796510617,0.36236572265625,0.3544921875,0.39093017578125
3.7975124750000004,0.35650634765625,0.3544921875,0.39093017578125
3.798519445,0.353759765625,0.3544921875,0.39093017578125
3.799516562,0.353759765625,0.3544921875,0.39093017578125
3.8005050870000003,0.35357666015625,0.3544921875,0.39093017578125
3.8015098160000003,0.356689453125,0.35504150390625,0.38653564453125
3.8025167290000006,0.353759765625,0.35504150390625,0.38653564453125
3.803516162,0.353759765625,0.35504150390625,0.38653564453125
3.8045108160000005,0.356689453125,0.35504150390625,0.38653564453125
3.8055144710000004,0.35687255859375,0.35504150390625,0.38653564453125
3.8065071440000002,0.35394287109375,0.3460693359375,0.39605712890625
3.807505613,0.34808349609375,0.3460693359375,0.39605712890625
3.8085022860000004,0.342041015625,0.3460693359375,0.39605712890625
3.809499422,0.3453369140625,0.3460693359375,0.39605712890625
3.810499836,0.34552001953125,0.3460693359375,0.39605712890625
3.811509083,0.34844970703125,0.3380126953125,0.39569091796875
3.812504627,0.33984375,0.3380126953125,0.39569091796875
3.8135068,0.33380126953125,0.3380126953125,0.39569091796875
3.8145033059999998,0.3343505859375,0.3380126953125,0.39569091796875
3.8154989610000003,0.33746337890625,0.3380126953125,0.39569091796875
3.816502949,0.3372802734375,0.33050537109375,0.40228271484375
3.817509436,0.33782958984375,0.33050537109375,0.40228271484375
3.818511869,0.3284912109375,0.33050537109375,0.40228271484375
3.819500005,0.3284912109375,0.33050537109375,0.40228271484375
3.820502511,0.32867431640625,0.33050537109375,0.40228271484375
3.821499018,0.33197021484375,0.33306884765625,0.393310546875
3.822506913,0.33233642578125,0.33306884765625,0.393310546875
3.823506771,0.328857421875,0.33306884765625,0.393310546875
3.8244999260000005,0.33489990234375,0.33306884765625,0.393310546875
3.82550758,0.3358154296875,0.33306884765625,0.393310546875
3.826501124,0.3358154296875,0.342041015625,0.38433837890625
3.827494649,0.33856201171875,0.342041015625,0.38433837890625
3.828494192,0.3416748046875,0.342041015625,0.38433837890625
3.8294908650000004,0.34478759765625,0.342041015625,0.38433837890625
3.830505242,0.345703125,0.333984375,0.38433837890625
3.831497915,0.3394775390625,0.333984375,0.38250732421875
3.832494736,0.33270263671875,0.333984375,0.38250732421875
3.833491669,0.3310546875,0.333984375,0.38250732421875
3.834497064,0.334716796875,0.333984375,0.38250732421875
3.8354974779999997,0.3380126953125,0.333984375,0.38250732421875
3.83649241,0.33746337890625,0.3240966796875,0.3834228515625
3.837492694,0.32464599609375,0.3240966796875,0.3834228515625
3.8384902,0.31695556640625,0.3240966796875,0.3834228515625
3.839503207,0.32373046875,0.3240966796875,0.3834228515625
3.8404950090000005,0.32318115234375,0.3240966796875,0.3834228515625
3.841498423,0.3270263671875,0.31915283203125,0.37445068359375
3.842497207,0.32373046875,0.31915283203125,0.37445068359375
3.8434901770000005,0.32171630859375,0.31915283203125,0.37445068359375
3.844488739,0.31805419921875,0.31915283203125,0.37445068359375
3.8456552990000006,0.31732177734375,0.3277587890625,0.37445068359375
3.8464967140000006,0.32244873046875,0.3277587890625,0.365478515625
3.8474964060000003,0.3262939453125,0.3277587890625,0.365478515625
3.8484932460000003,0.33709716796875,0.3277587890625,0.365478515625
3.849485919,0.3306884765625,0.3277587890625,0.365478515625
3.85049874,0.32830810546875,0.3277587890625,0.365478515625
3.851495987,0.32958984375,0.32464599609375,0.36346435546875
3.8524866420000006,0.32958984375,0.32464599609375,0.36346435546875
3.853489167,0.31988525390625,0.32464599609375,0.36346435546875
3.854496043,0.32720947265625,0.32464599609375,0.36346435546875
3.855488328,0.32720947265625,0.32464599609375,0.36346435546875
3.856490741,0.3248291015625,0.3248291015625,0.3544921875
3.8574801920000006,0.3240966796875,0.3248291015625,0.3544921875
3.8584960320000006,0.32794189453125,0.3248291015625,0.3544921875
3.859490372,0.32464599609375,0.3248291015625,0.3544921875
3.8604979340000005,0.322265625,0.3248291015625,0.3544921875
3.861483755,0.32574462890625,0.32958984375,0.35504150390625
3.8624841320000005,0.32794189453125,0.32958984375,0.35504150390625
3.8634825080000006,0.32867431640625,0.32958984375,0.35504150390625
3.864487015,0.33050537109375,0.32958984375,0.35504150390625
3.865634353,0.32958984375,0.3380126953125,0.35504150390625
3.866481842,0.3255615234375,0.3380126953125,0.3460693359375
3.8674814600000005,0.33526611328125,0.3380126953125,0.3460693359375
3.868484411,0.340576171875,0.3380126953125,0.3460693359375
3.8694902130000006,0.340576171875,0.3380126953125,0.3460693359375
3.87049146,0.34130859375,0.3380126953125,0.3460693359375
3.871490356,0.3380126953125,0.33416748046875,0.3380126953125
3.8724845840000004,0.33709716796875,0.33416748046875,0.3380126953125
3.873489146,0.33673095703125,0.33416748046875,0.3380126953125
3.874532986,0.33233642578125,0.33416748046875,0.3380126953125
3.875491307,0.33233642578125,0.33416748046875,0.3380126953125
3.876538183,0.3358154296875,0.3431396484375,0.33050537109375
3.8775377640000004,0.3424072265625,0.3431396484375,0.33050537109375
3.878534844,0.345703125,0.3431396484375,0.33050537109375
3.879543517,0.35211181640625,0.3431396484375,0.33050537109375
3.880532876,0.34222412109375,0.3431396484375,0.33050537109375
3.8815346040000005,0.34130859375,0.352294921875,0.33306884765625
3.882537888,0.34661865234375,0.352294921875,0.33306884765625
3.8835365060000004,0.3511962890625,0.352294921875,0.33306884765625
3.884533438,0.3577880859375,0.352294921875,0.33306884765625
3.885590166,0.35430908203125,0.35577392578125,0.33306884765625
3.886531284,0.35211181640625,0.35577392578125,0.342041015625
3.887531569,0.35302734375,0.35577392578125,0.342041015625
3.888532723,0.35540771484375,0.35577392578125,0.342041015625
3.889533137,0.35211181640625,0.35577392578125,0.342041015625
3.8905341800000004,0.35650634765625,0.35577392578125,0.342041015625
3.8915355200000006,0.3519287109375,0.35687255859375,0.333984375
3.8925336560000003,0.3519287109375,0.35687255859375,0.333984375
3.8935262550000003,0.35101318359375,0.35687255859375,0.333984375
3.8945335760000006,0.356689453125,0.35687255859375,0.333984375
3.8955356010000006,0.35760498046875,0.35687255859375,0.333984375
3.896536126,0.3599853515625,0.35614013671875,0.3240966796875
3.897531003,0.3555908203125,0.35614013671875,0.3240966796875
3.8985288799999998,0.356689453125,0.35614013671875,0.3240966796875
3.899538886,0.3555908203125,0.35614013671875,0.3240966796875
3.900528059,0.3533935546875,0.35614013671875,0.3240966796875
3.9015491210000004,0.35467529296875,0.353759765625,0.31915283203125
3.902522609,0.35137939453125,0.353759765625,0.31915283203125
3.9037153720000006,0.35137939453125,0.353759765625,0.31915283203125
3.904533881,0.35137939453125,0.353759765625,0.31915283203125
3.905528832,0.353759765625,0.353759765625,0.31915283203125
3.906532394,0.3570556640625,0.3614501953125,0.3277587890625
3.907527085,0.36236572265625,0.3614501953125,0.3277587890625
3.9085328320000006,0.36236572265625,0.3614501953125,0.3277587890625
3.9095227460000004,0.36383056640625,0.3614501953125,0.3277587890625
3.910528845,0.3651123046875,0.3614501953125,0.3277587890625
3.911532296,0.36053466796875,0.36712646484375,0.32464599609375
3.9125262470000006,0.36529541015625,0.36712646484375,0.32464599609375
3.913524401,0.369873046875,0.36712646484375,0.32464599609375
3.914521852,0.36859130859375,0.36712646484375,0.32464599609375
3.9155204880000003,0.3665771484375,0.36712646484375,0.32464599609375
3.9165191980000005,0.36859130859375,0.366943359375,0.3248291015625
3.917517631,0.369873046875,0.366943359375,0.3248291015625
3.9185132850000004,0.3665771484375,0.366943359375,0.3248291015625
3.919522681,0.37115478515625,0.366943359375,0.3248291015625
3.9205127610000003,0.36785888671875,0.366943359375,0.3248291015625
3.9215159340000003,0.36456298828125,0.3629150390625,0.32958984375
3.9225261630000006,0.3658447265625,0.3629150390625,0.32958984375
3.923522651,0.36383056640625,0.3629150390625,0.32958984375
3.924515898,0.3555908203125,0.3629150390625,0.32958984375
3.925515312,0.364013671875,0.3629150390625,0.32958984375
3.926510855,0.3673095703125,0.36822509765625,0.3380126953125
3.927511084,0.365478515625,0.36822509765625,0.3380126953125
3.9285080160000003,0.37225341796875,0.36822509765625,0.3380126953125
3.9295150960000003,0.3687744140625,0.36822509765625,0.3380126953125
3.9305234550000003,0.37225341796875,0.36822509765625,0.3380126953125
3.9315103870000003,0.3687744140625,0.37188720703125,0.33416748046875
3.932512171,0.37078857421875,0.37188720703125,0.33416748046875
3.933513918,0.37371826171875,0.37188720703125,0.33416748046875
3.9345242580000006,0.3717041015625,0.37188720703125,0.33416748046875
3.9355171159999998,0.37518310546875,0.37188720703125,0.33416748046875
3.9365136970000005,0.37518310546875,0.380859375,0.3431396484375
3.9375101290000005,0.37664794921875,0.380859375,0.3431396484375
3.938512932,0.3782958984375,0.380859375,0.3431396484375
3.9395170120000005,0.3848876953125,0.380859375,0.3431396484375
3.9406078320000004,0.37994384765625,0.37701416015625,0.3431396484375
3.9415235430000006,0.37994384765625,0.37701416015625,0.352294921875
3.9425178460000003,0.37335205078125,0.37701416015625,0.352294921875
3.943508927,0.37646484375,0.37701416015625,0.352294921875
3.9445193769999998,0.37646484375,0.37701416015625,0.352294921875
3.94552905,0.3797607421875,0.37701416015625,0.352294921875
3.946510464,0.37811279296875,0.38360595703125,0.35577392578125
3.947512711,0.37811279296875,0.38360595703125,0.35577392578125
3.948508403,0.38653564453125,0.38360595703125,0.35577392578125
3.9495156500000004,0.3896484375,0.38360595703125,0.35577392578125
3.9505073050000004,0.37957763671875,0.38360595703125,0.35577392578125
3.9515046820000004,0.38287353515625,0.3856201171875,0.35687255859375
3.9525050950000002,0.383056640625,0.3856201171875,0.35687255859375
3.9536910810000006,0.3863525390625,0.3856201171875,0.35687255859375
3.954498942,0.383056640625,0.3856201171875,0.35687255859375
3.9554964850000003,0.383056640625,0.3856201171875,0.35687255859375
3.9565032690000006,0.3863525390625,0.39404296875,0.35614013671875
3.9575010530000005,0.394775390625,0.39404296875,0.35614013671875
3.958501689,0.39642333984375,0.39404296875,0.35614013671875
3.9595035660000004,0.39971923828125,0.39404296875,0.35614013671875
3.960496924,0.39971923828125,0.39404296875,0.35614013671875
3.9614954310000003,0.39642333984375,0.40301513671875,0.353759765625
3.9624957520000006,0.39971923828125,0.40301513671875,0.353759765625
3.9635000180000004,0.4046630859375,0.40301513671875,0.353759765625
3.9644968570000003,0.4046630859375,0.40301513671875,0.353759765625
3.9655015120000003,0.4046630859375,0.40301513671875,0.353759765625
3.966497852,0.406494140625,0.40228271484375,0.3614501953125
3.9674918770000005,0.4046630859375,0.40228271484375,0.3614501953125
3.9684875870000003,0.40118408203125,0.40228271484375,0.3614501953125
3.969435408,0.3995361328125,0.40228271484375,0.3614501953125
3.97045347,0.40301513671875,0.40228271484375,0.3614501953125
3.9714910320000003,0.40484619140625,0.403564453125,0.36712646484375
3.9724972230000004,0.40301513671875,0.403564453125,0.36712646484375
3.9734925629999998,0.406494140625,0.403564453125,0.36712646484375
3.9744980510000003,0.40155029296875,0.403564453125,0.36712646484375
3.975502779,0.40484619140625,0.403564453125,0.36712646484375
3.97649336,0.40301513671875,0.4083251953125,0.366943359375
3.977498774,0.406494140625,0.4083251953125,0.366943359375
3.978498299,0.40997314453125,0.4083251953125,0.366943359375
3.979482935,0.41143798828125,0.4083251953125,0.366943359375
3.980488534,0.40997314453125,0.4083251953125,0.366943359375
3.9814412070000005,0.406494140625,0.415283203125,0.3629150390625
3.9824459170000006,0.4130859375,0.415283203125,0.3629150390625
3.9834839970000004,0.4149169921875,0.415283203125,0.3629150390625
3.9844895220000005,0.416748046875,0.415283203125,0.3629150390625
3.9854873800000004,0.41143798828125,0.415283203125,0.3629150390625
3.9864959980000005,0.416748046875,0.422607421875,0.36822509765625
3.9874874490000005,0.42352294921875,0.422607421875,0.36822509765625
3.988486344,0.42205810546875,0.422607421875,0.36822509765625
3.989491073,0.42535400390625,0.422607421875,0.36822509765625
3.990481561,0.42681884765625,0.422607421875,0.36822509765625
3.991494382,0.4200439453125,0.421875,0.37188720703125
3.992483333,0.42333984375,0.421875,0.37188720703125
3.9934847280000003,0.42535400390625,0.421875,0.37188720703125
3.994483623,0.4237060546875,0.421875,0.37188720703125
3.9954832410000005,0.42205810546875,0.421875,0.37188720703125
3.996487525,0.4237060546875,0.42755126953125,0.380859375
3.99748529,0.42535400390625,0.42755126953125,0.380859375
3.9984967970000005,0.4306640625,0.42755126953125,0.380859375
3.999483303,0.4306640625,0.42755126953125,0.380859375
4.000473939,0.42718505859375,0.42755126953125,0.380859375
4.001494686,0.42718505859375,0.43121337890625,0.37701416015625
4.0024886,0.4306640625,0.43121337890625,0.37701416015625
4.003479755,0.43414306640625,0.43121337890625,0.37701416015625
4.004496576,0.43414306640625,0.43121337890625,0.37701416015625
4.005469657,0.43414306640625,0.43121337890625,0.37701416015625
4.006470163,0.43231201171875,0.440185546875,0.38360595703125
4.007476114,0.43414306640625,0.440185546875,0.38360595703125
4.008475842,0.44293212890625,0.440185546875,0.38360595703125
4.009478071,0.44622802734375,0.440185546875,0.38360595703125
4.010641983,0.43743896484375,0.4486083984375,0.38360595703125
4.011487269,0.437255859375,0.4486083984375,0.3856201171875
4.012487349000001,0.44622802734375,0.4486083984375,0.3856201171875
4.013478189,0.453369140625,0.4486083984375,0.3856201171875
4.014480881,0.454833984375,0.4486083984375,0.3856201171875
4.015479202,0.45135498046875,0.4486083984375,0.3856201171875
4.016485116,0.44805908203125,0.45172119140625,0.39404296875
4.0174777520000005,0.4500732421875,0.45172119140625,0.39404296875
4.018533702,0.4500732421875,0.45172119140625,0.39404296875
4.0195309120000005,0.453369140625,0.45172119140625,0.39404296875
4.020472715,0.4500732421875,0.45172119140625,0.39404296875
4.021481981,0.451904296875,0.4500732421875,0.40301513671875
4.022478136,0.451904296875,0.4500732421875,0.40301513671875
4.023485734,0.4500732421875,0.4500732421875,0.40301513671875
4.024483463,0.4573974609375,0.4500732421875,0.40301513671875
4.025476488,0.4500732421875,0.4500732421875,0.40301513671875
4.026495124,0.4486083984375,0.44677734375,0.40228271484375
4.027480741,0.4486083984375,0.44677734375,0.40228271484375
4.028523525,0.4471435546875,0.44677734375,0.40228271484375
4.029532828,0.4486083984375,0.44677734375,0.40228271484375
4.0305232790000005,0.4449462890625,0.44677734375,0.40228271484375
4.0315266,0.4471435546875,0.4434814453125,0.403564453125
4.032527514,0.4449462890625,0.4434814453125,0.403564453125
4.033524539,0.44384765625,0.4434814453125,0.403564453125
4.034529082000001,0.4423828125,0.4434814453125,0.403564453125
4.035525774,0.44384765625,0.4434814453125,0.403564453125
4.0364798550000005,0.44384765625,0.45062255859375,0.4083251953125
4.037467991,0.4471435546875,0.45062255859375,0.4083251953125
4.038524904,0.448974609375,0.45062255859375,0.4083251953125
4.039521799,0.456298828125,0.45062255859375,0.4083251953125
4.040538972,0.45098876953125,0.45062255859375,0.4083251953125
4.0415243300000006,0.448974609375,0.45428466796875,0.415283203125
4.0425258,0.45245361328125,0.45428466796875,0.415283203125
4.043530325,0.4530029296875,0.45428466796875,0.415283203125
4.044523831,0.45648193359375,0.45428466796875,0.415283203125
4.0455218,0.4544677734375,0.45428466796875,0.415283203125
4.046533733,0.45977783203125,0.456298828125,0.422607421875
4.047523869,0.45648193359375,0.456298828125,0.422607421875
4.048469765,0.4530029296875,0.456298828125,0.422607421875
4.049522233,0.45849609375,0.456298828125,0.422607421875
4.050514647,0.4617919921875,0.456298828125,0.422607421875
4.0515123200000005,0.4595947265625,0.46417236328125,0.422607421875
4.052524623,0.4617919921875,0.46417236328125,0.421875
4.053520555,0.46307373046875,0.46417236328125,0.421875
4.054516951,0.46856689453125,0.46417236328125,0.421875
4.0554649760000006,0.46527099609375,0.46417236328125,0.421875
4.05646502,0.45977783203125,0.463623046875,0.42755126953125
4.057514025000001,0.46051025390625,0.463623046875,0.42755126953125
4.058513235,0.4639892578125,0.463623046875,0.42755126953125
4.059512649,0.46197509765625,0.463623046875,0.42755126953125
4.060508415,0.46710205078125,0.463623046875,0.42755126953125
4.061471051,0.4639892578125,0.4727783203125,0.43121337890625
4.062511965000001,0.46728515625,0.4727783203125,0.43121337890625
4.063512064,0.4757080078125,0.4727783203125,0.43121337890625
4.0645184400000005,0.47442626953125,0.4727783203125,0.43121337890625
4.065509114,0.47772216796875,0.4727783203125,0.43121337890625
4.06651399,0.4757080078125,0.47552490234375,0.440185546875
4.06751533,0.47442626953125,0.47552490234375,0.440185546875
4.068515022000001,0.47772216796875,0.47552490234375,0.440185546875
4.069462732,0.4757080078125,0.47552490234375,0.440185546875
4.070651403,0.47369384765625,0.48046875,0.440185546875
4.071507448,0.47918701171875,0.48046875,0.4486083984375
4.072506658,0.481201171875,0.48046875,0.4486083984375
4.0735126280000005,0.481201171875,0.48046875,0.4486083984375
4.074507079,0.47772216796875,0.48046875,0.4486083984375
4.075506752,0.481201171875,0.48046875,0.4486083984375
4.076449703,0.479736328125,0.4779052734375,0.45172119140625
4.077451117,0.474609375,0.4779052734375,0.45172119140625
4.078505123,0.474609375,0.4779052734375,0.45172119140625
4.079503611,0.474609375,0.4779052734375,0.45172119140625
4.080497413,0.47772216796875,0.4779052734375,0.45172119140625
4.081510549,0.479736328125,0.48687744140625,0.4500732421875
4.082508259,0.4874267578125,0.48687744140625,0.4500732421875
4.083640283,0.4888916015625,0.48687744140625,0.4500732421875
4.084501142000001,0.49090576171875,0.48687744140625,0.4500732421875
4.085502056,0.49090576171875,0.48687744140625,0.4500732421875
4.086514285,0.48321533203125,0.484130859375,0.44677734375
4.08750681,0.48193359375,0.484130859375,0.44677734375
4.088510057000001,0.48284912109375,0.484130859375,0.44677734375
4.0894496380000005,0.48321533203125,0.484130859375,0.44677734375
4.09049957,0.479736328125,0.484130859375,0.44677734375
4.091491428,0.4874267578125,0.488525390625,0.4434814453125
4.092496564,0.4874267578125,0.488525390625,0.4434814453125
4.0934990330000005,0.49273681640625,0.488525390625,0.4434814453125
4.094499188,0.49072265625,0.488525390625,0.4434814453125
4.095503435,0.48541259765625,0.488525390625,0.4434814453125
4.096451609,0.48541259765625,0.49749755859375,0.45062255859375
4.097446652,0.49420166015625,0.49749755859375,0.45062255859375
4.098494306,0.5028076171875,0.49749755859375,0.45062255859375
4.099500924,0.5028076171875,0.49749755859375,0.45062255859375
4.100494467,0.49932861328125,0.49749755859375,0.45062255859375
4.10150051,0.49420166015625,0.49200439453125,0.45428466796875
4.1025013690000005,0.4962158203125,0.49200439453125,0.45428466796875
4.103632059000001,0.49072265625,0.49200439453125,0.45428466796875
4.1045022520000005,0.4962158203125,0.49200439453125,0.45428466796875
4.1054961290000005,0.4947509765625,0.49200439453125,0.45428466796875
4.106441525,0.49072265625,0.498779296875,0.456298828125
4.107438216,0.49273681640625,0.498779296875,0.456298828125
4.108487666,0.49822998046875,0.498779296875,0.456298828125
4.109500487,0.49951171875,0.498779296875,0.456298828125
4.1104958090000006,0.5006103515625,0.498779296875,0.456298828125
4.111490889000001,0.50372314453125,0.50408935546875,0.46417236328125
4.112440822,0.50152587890625,0.50408935546875,0.46417236328125
4.113487902,0.5072021484375,0.50408935546875,0.46417236328125
4.114482483000001,0.50592041015625,0.50408935546875,0.46417236328125
4.115631728,0.5072021484375,0.4969482421875,0.46417236328125
4.11648818,0.49822998046875,0.4969482421875,0.463623046875
4.117486316,0.5006103515625,0.4969482421875,0.463623046875
4.118438972,0.49163818359375,0.4969482421875,0.463623046875
4.1194832,0.4962158203125,0.4969482421875,0.463623046875
4.1204780020000005,0.5006103515625,0.4969482421875,0.463623046875
4.121487731,0.49493408203125,0.50115966796875,0.4727783203125
4.122486756,0.50390625,0.50115966796875,0.4727783203125
4.123621464,0.50152587890625,0.50115966796875,0.4727783203125
4.124484546000001,0.5072021484375,0.50115966796875,0.4727783203125
4.125480331,0.50390625,0.50115966796875,0.4727783203125
4.126439486,0.49822998046875,0.5101318359375,0.47552490234375
4.1274370110000005,0.50921630859375,0.5101318359375,0.47552490234375
4.128476924,0.51470947265625,0.5101318359375,0.47552490234375
4.129484041,0.51580810546875,0.5101318359375,0.47552490234375
4.130488974,0.51580810546875,0.5101318359375,0.47552490234375
4.131481591,0.510498046875,0.51690673828125,0.48046875
4.132474561,0.5137939453125,0.51690673828125,0.48046875
4.133479308,0.51708984375,0.51690673828125,0.48046875
4.1344860180000005,0.5225830078125,0.51690673828125,0.48046875
4.135536579,0.5137939453125,0.52313232421875,0.48046875
4.136480864,0.51910400390625,0.52313232421875,0.4779052734375
4.137483352,0.51708984375,0.52313232421875,0.4779052734375
4.138485969,0.52587890625,0.52313232421875,0.4779052734375
4.139478179,0.5225830078125,0.52313232421875,0.4779052734375
4.140477371,0.5225830078125,0.52313232421875,0.4779052734375
4.141475211,0.5225830078125,0.53118896484375,0.48687744140625
4.142487476,0.52789306640625,0.53118896484375,0.48687744140625
4.143476057,0.53466796875,0.53118896484375,0.48687744140625
4.1444832300000005,0.53594970703125,0.53118896484375,0.48687744140625
4.1454796620000005,0.532470703125,0.53118896484375,0.48687744140625
4.146472854,0.53118896484375,0.532470703125,0.484130859375
4.147482286,0.5291748046875,0.532470703125,0.484130859375
4.148479441,0.53045654296875,0.532470703125,0.484130859375
4.149477225,0.532470703125,0.532470703125,0.484130859375
4.1504776020000005,0.532470703125,0.532470703125,0.484130859375
4.1514797,0.532470703125,0.5364990234375,0.488525390625
4.152478225,0.532470703125,0.5364990234375,0.488525390625
4.1534827320000005,0.5379638671875,0.5364990234375,0.488525390625
4.154477312,0.5379638671875,0.5364990234375,0.488525390625
4.155477115,0.54144287109375,0.5364990234375,0.488525390625
4.156488547,0.5379638671875,0.54052734375,0.49749755859375
4.157488868000001,0.54144287109375,0.54052734375,0.49749755859375
4.1584802640000005,0.54144287109375,0.54052734375,0.49749755859375
4.15947627,0.53924560546875,0.54052734375,0.49749755859375
4.160473925,0.54345703125,0.54052734375,0.49749755859375
4.161482727,0.5379638671875,0.544189453125,0.49200439453125
4.1624796040000005,0.54144287109375,0.544189453125,0.49200439453125
4.163478481,0.5445556640625,0.544189453125,0.49200439453125
4.164474821,0.5445556640625,0.544189453125,0.49200439453125
4.165472586,0.5478515625,0.544189453125,0.49200439453125
4.166471037,0.54144287109375,0.5390625,0.498779296875
4.1674735620000005,0.53924560546875,0.5390625,0.498779296875
4.168474976000001,0.53594970703125,0.5390625,0.498779296875
4.1694832040000005,0.5379638671875,0.5390625,0.498779296875
4.17052784,0.53924560546875,0.5390625,0.498779296875
4.171525957,0.5379638671875,0.54180908203125,0.50408935546875
4.172524297,0.54345703125,0.54180908203125,0.50408935546875
4.173529637000001,0.54583740234375,0.54180908203125,0.50408935546875
4.174524217,0.5467529296875,0.54180908203125,0.50408935546875
4.1755292420000005,0.54345703125,0.54180908203125,0.50408935546875
4.1765246000000005,0.53997802734375,0.544189453125,0.4969482421875
4.177489144,0.53924560546875,0.544189453125,0.4969482421875
4.1784732060000005,0.54144287109375,0.544189453125,0.4969482421875
4.179520749,0.54345703125,0.544189453125,0.4969482421875
4.180530904,0.5489501953125,0.544189453125,0.4969482421875
4.181523558,0.54144287109375,0.53521728515625,0.50115966796875
4.182526842000001,0.53466796875,0.53521728515625,0.50115966796875
4.183662329000001,0.52587890625,0.53521728515625,0.50115966796875
4.184540225,0.5313720703125,0.53521728515625,0.50115966796875
4.185524121,0.54345703125,0.53521728515625,0.50115966796875
4.186472554,0.53466796875,0.531005859375,0.5101318359375
4.1874719680000005,0.52789306640625,0.531005859375,0.5101318359375
4.1885255290000005,0.5390625,0.531005859375,0.5101318359375
4.189525072,0.52789306640625,0.531005859375,0.5101318359375
4.190634466000001,0.53338623046875,0.5394287109375,0.5101318359375
4.191466438,0.53466796875,0.5394287109375,0.51690673828125
4.192515314,0.53466796875,0.5394287109375,0.51690673828125
4.193517709,0.54345703125,0.5394287109375,0.51690673828125
4.194516456000001,0.54345703125,0.5394287109375,0.51690673828125
4.1955155920000005,0.53997802734375,0.5394287109375,0.51690673828125
4.196524784,0.53997802734375,0.5335693359375,0.52313232421875
4.197467124,0.53668212890625,0.5335693359375,0.52313232421875
4.198464112,0.5291748046875,0.5335693359375,0.52313232421875
4.1995071180000005,0.5313720703125,0.5335693359375,0.52313232421875
4.200505347,0.53668212890625,0.5335693359375,0.52313232421875
4.201509853,0.53668212890625,0.532470703125,0.53118896484375
4.202523563000001,0.53668212890625,0.532470703125,0.53118896484375
4.203651216,0.52789306640625,0.532470703125,0.53118896484375
4.204516094000001,0.53009033203125,0.532470703125,0.53118896484375
4.205516971,0.5313720703125,0.532470703125,0.53118896484375
4.206456274,0.533203125,0.533935546875,0.532470703125
4.2074619470000005,0.5379638671875,0.533935546875,0.532470703125
4.20850712,0.53338623046875,0.533935546875,0.532470703125
4.20951246,0.53466796875,0.533935546875,0.532470703125
4.210508466,0.53338623046875,0.533935546875,0.532470703125
4.2115091200000006,0.5390625,0.53924560546875,0.5364990234375
4.212456850000001,0.53997802734375,0.53924560546875,0.5364990234375
4.213505744,0.53997802734375,0.53924560546875,0.5364990234375
4.214459066,0.53997802734375,0.53924560546875,0.5364990234375
4.215502331000001,0.53668212890625,0.53924560546875,0.5364990234375
4.216505301,0.5390625,0.54107666015625,0.54052734375
4.217500085,0.5390625,0.54107666015625,0.54052734375
4.218504295,0.54583740234375,0.54107666015625,0.54052734375
4.219504524,0.54583740234375,0.54107666015625,0.54052734375
4.220506252,0.5423583984375,0.54107666015625,0.54052734375
4.221457,0.53997802734375,0.5438232421875,0.544189453125
4.222458228,0.53997802734375,0.5438232421875,0.544189453125
4.223502049,0.5489501953125,0.5438232421875,0.544189453125
4.2245151110000005,0.5423583984375,0.5438232421875,0.544189453125
4.225503617,0.54345703125,0.5438232421875,0.544189453125
4.226505309,0.54144287109375,0.54730224609375,0.5390625
4.227496723,0.5467529296875,0.54730224609375,0.5390625
4.228496692,0.5489501953125,0.54730224609375,0.5390625
4.229449403,0.5467529296875,0.54730224609375,0.5390625
4.230503946,0.5467529296875,0.54730224609375,0.5390625
4.231501841,0.5445556640625,0.548583984375,0.54180908203125
4.232496699,0.5467529296875,0.548583984375,0.54180908203125
4.233498539,0.5467529296875,0.548583984375,0.54180908203125
4.2344971010000005,0.550048828125,0.548583984375,0.54180908203125
4.235496404,0.5489501953125,0.548583984375,0.54180908203125
4.23649541,0.5467529296875,0.54986572265625,0.544189453125
4.2374538610000005,0.5467529296875,0.54986572265625,0.544189453125
4.238446831,0.550048828125,0.54986572265625,0.544189453125
4.2394920030000005,0.5489501953125,0.54986572265625,0.544189453125
4.240501213,0.550048828125,0.54986572265625,0.544189453125
4.241491831,0.55224609375,0.5511474609375,0.53521728515625
4.242491504,0.5467529296875,0.5511474609375,0.53521728515625
4.2436363230000005,0.55224609375,0.5511474609375,0.53521728515625
4.244511017,0.5489501953125,0.5511474609375,0.53521728515625
4.245497523,0.55224609375,0.5511474609375,0.53521728515625
4.24644866,0.550048828125,0.54949951171875,0.531005859375
4.24744937,0.550048828125,0.54949951171875,0.531005859375
4.2484927830000005,0.5467529296875,0.54949951171875,0.531005859375
4.249496715,0.550048828125,0.54949951171875,0.531005859375
4.250552295,0.54144287109375,0.55078125,0.531005859375
4.251487691,0.5467529296875,0.55078125,0.5394287109375
4.25248766,0.5489501953125,0.55078125,0.5394287109375
4.253489685,0.5467529296875,0.55078125,0.5394287109375
4.2544874880000005,0.55572509765625,0.55078125,0.5394287109375
4.25543881,0.55224609375,0.55078125,0.5394287109375
4.256484223,0.5489501953125,0.55206298828125,0.5335693359375
4.257486248,0.554443359375,0.55206298828125,0.5335693359375
4.2584835320000005,0.5478515625,0.55206298828125,0.5335693359375
4.25948665,0.550048828125,0.55206298828125,0.5335693359375
4.260443120000001,0.55224609375,0.55206298828125,0.5335693359375
4.261439607,0.5533447265625,0.5533447265625,0.532470703125
4.262483743,0.5489501953125,0.5533447265625,0.532470703125
4.263483268,0.55572509765625,0.5533447265625,0.532470703125
4.2644797930000005,0.55572509765625,0.5533447265625,0.532470703125
4.2654872070000005,0.55224609375,0.5533447265625,0.532470703125
4.266486861000001,0.554443359375,0.554443359375,0.533935546875
4.267487756,0.55224609375,0.554443359375,0.533935546875
4.268484874,0.55572509765625,0.554443359375,0.533935546875
4.269429844,0.55572509765625,0.554443359375,0.533935546875
4.270479664,0.5577392578125,0.554443359375,0.533935546875
4.271486412,0.55316162109375,0.554443359375,0.53924560546875
4.272479048,0.5577392578125,0.554443359375,0.53924560546875
4.27348385,0.55572509765625,0.554443359375,0.53924560546875
4.274478709,0.5577392578125,0.554443359375,0.53924560546875
4.275484233,0.55224609375,0.554443359375,0.53924560546875
4.27648411,0.55224609375,0.55535888671875,0.54107666015625
4.277427877,0.55224609375,0.55535888671875,0.54107666015625
4.278436494,0.55572509765625,0.55535888671875,0.54107666015625
4.279475704,0.5555419921875,0.55535888671875,0.54107666015625
4.280577727,0.5577392578125,0.54693603515625,0.54107666015625
4.281475327,0.55975341796875,0.54693603515625,0.5438232421875
4.282475463,0.5467529296875,0.54693603515625,0.5438232421875
4.283475877,0.5489501953125,0.54693603515625,0.5438232421875
4.284473810000001,0.5511474609375,0.54693603515625,0.5438232421875
4.285473742000001,0.54345703125,0.54693603515625,0.5438232421875
4.2864731560000005,0.54913330078125,0.5555419921875,0.54730224609375
4.287473792,0.5577392578125,0.5555419921875,0.54730224609375
4.288480113,0.5577392578125,0.5555419921875,0.54730224609375
4.28948099,0.55975341796875,0.5555419921875,0.54730224609375
4.290475626,0.5577392578125,0.5555419921875,0.54730224609375
4.291474539,0.5577392578125,0.55828857421875,0.548583984375
4.292475435,0.554443359375,0.55828857421875,0.548583984375
4.293476719,0.5555419921875,0.55828857421875,0.548583984375
4.294482299,0.55975341796875,0.55828857421875,0.548583984375
4.29548125,0.56121826171875,0.55828857421875,0.548583984375
4.296476868,0.5577392578125,0.56103515625,0.54986572265625
4.297482615,0.5643310546875,0.56103515625,0.54986572265625
4.298476362000001,0.5643310546875,0.56103515625,0.54986572265625
4.299474239,0.5665283203125,0.56103515625,0.54986572265625
4.300470912000001,0.5577392578125,0.56103515625,0.54986572265625
4.301481381,0.56451416015625,0.57000732421875,0.5511474609375
4.302475999,0.56982421875,0.57000732421875,0.5511474609375
4.303476986000001,0.5731201171875,0.57000732421875,0.5511474609375
4.304501178000001,0.57513427734375,0.57000732421875,0.5511474609375
4.305527925,0.56982421875,0.57000732421875,0.5511474609375
4.306482635,0.5709228515625,0.57916259765625,0.54949951171875
4.3074892160000005,0.57989501953125,0.57916259765625,0.54949951171875
4.308522907,0.57989501953125,0.57916259765625,0.54949951171875
4.309472840000001,0.57989501953125,0.57916259765625,0.54949951171875
4.310487661,0.5819091796875,0.57916259765625,0.54949951171875
4.311480593000001,0.576416015625,0.588134765625,0.55078125
4.312521914,0.58319091796875,0.588134765625,0.55078125
4.313522476,0.5885009765625,0.588134765625,0.55078125
4.314523352,0.591796875,0.588134765625,0.55078125
4.315520618,0.5885009765625,0.588134765625,0.55078125
4.316520921,0.5885009765625,0.5972900390625,0.55206298828125
4.317527149,0.59527587890625,0.5972900390625,0.55206298828125
4.318532396,0.59765625,0.5972900390625,0.55206298828125
4.3194714780000005,0.59857177734375,0.5972900390625,0.55206298828125
4.32052115,0.59857177734375,0.5972900390625,0.55206298828125
4.321517416,0.59527587890625,0.60626220703125,0.5533447265625
4.322523311,0.60406494140625,0.60626220703125,0.5533447265625
4.323520077,0.6075439453125,0.60626220703125,0.5533447265625
4.3245352310000005,0.61083984375,0.60626220703125,0.5533447265625
4.325522701000001,0.60955810546875,0.60626220703125,0.5533447265625
4.326467615,0.60406494140625,0.615234375,0.554443359375
4.327472344,0.613037109375,0.615234375,0.554443359375
4.328522164,0.6163330078125,0.615234375,0.554443359375
4.329522189,0.61944580078125,0.615234375,0.554443359375
4.330628231,0.6163330078125,0.62347412109375,0.554443359375
4.331514795,0.61944580078125,0.62347412109375,0.554443359375
4.332513486,0.62164306640625,0.62347412109375,0.554443359375
4.33365075,0.6229248046875,0.62347412109375,0.554443359375
4.334513536,0.6229248046875,0.62347412109375,0.554443359375
4.335461710000001,0.6229248046875,0.62347412109375,0.554443359375
4.336456642,0.6229248046875,0.63299560546875,0.55535888671875
4.337516722,0.626220703125,0.63299560546875,0.55535888671875
4.338512543,0.630615234375,0.63299560546875,0.55535888671875
4.33951142,0.635009765625,0.63299560546875,0.55535888671875
4.340505223,0.63372802734375,0.63299560546875,0.55535888671875
4.341518858000001,0.635009765625,0.64215087890625,0.54693603515625
4.342458903,0.639404296875,0.64215087890625,0.54693603515625
4.3435093160000005,0.6416015625,0.64215087890625,0.54693603515625
4.344465878,0.64031982421875,0.64215087890625,0.54693603515625
4.345510347,0.643798828125,0.64215087890625,0.54693603515625
4.346510742,0.63958740234375,0.6331787109375,0.5555419921875
4.347513952,0.6328125,0.6331787109375,0.5555419921875
4.348519699000001,0.63043212890625,0.6331787109375,0.5555419921875
4.3495087240000005,0.63043212890625,0.6331787109375,0.5555419921875
4.350456602,0.6361083984375,0.6331787109375,0.5555419921875
4.351504793,0.63043212890625,0.62420654296875,0.55828857421875
4.352499299000001,0.62384033203125,0.62420654296875,0.55828857421875
4.353511491,0.62164306640625,0.62420654296875,0.55828857421875
4.354509016000001,0.62164306640625,0.62420654296875,0.55828857421875
4.355595614,0.62713623046875,0.61578369140625,0.55828857421875
4.356452325,0.62164306640625,0.61578369140625,0.56103515625
4.3574545350000005,0.61505126953125,0.61578369140625,0.56103515625
4.3585064860000005,0.61175537109375,0.61578369140625,0.56103515625
4.359501622,0.61285400390625,0.61578369140625,0.56103515625
4.360497387000001,0.61505126953125,0.61578369140625,0.56103515625
4.361501412,0.61505126953125,0.6060791015625,0.57000732421875
4.362526215,0.6082763671875,0.6060791015625,0.57000732421875
4.363498333,0.59967041015625,0.6060791015625,0.57000732421875
4.364505172,0.60296630859375,0.6060791015625,0.57000732421875
4.365455568,0.60296630859375,0.6060791015625,0.57000732421875
4.366456556,0.60626220703125,0.59710693359375,0.57916259765625
4.36749658,0.59967041015625,0.59710693359375,0.57916259765625
4.3684985130000005,0.59197998046875,0.59710693359375,0.57916259765625
4.369491501000001,0.5943603515625,0.59710693359375,0.57916259765625
4.370492414,0.5943603515625,0.59710693359375,0.57916259765625
4.371496847,0.59967041015625,0.58795166015625,0.588134765625
4.372440743,0.5906982421875,0.58795166015625,0.588134765625
4.373494934,0.58428955078125,0.58795166015625,0.588134765625
4.374453089,0.58428955078125,0.58795166015625,0.588134765625
4.375494557000001,0.5819091796875,0.58795166015625,0.588134765625
4.37649999,0.589599609375,0.5789794921875,0.5972900390625
4.377492533,0.58099365234375,0.5789794921875,0.5972900390625
4.3784938360000005,0.57769775390625,0.5789794921875,0.5972900390625
4.379490416,0.5753173828125,0.5789794921875,0.5972900390625
4.380443849000001,0.5797119140625,0.5789794921875,0.5972900390625
4.381443948,0.57769775390625,0.57000732421875,0.60626220703125
4.3824967500000005,0.5709228515625,0.57000732421875,0.60626220703125
4.383492664,0.56982421875,0.57000732421875,0.60626220703125
4.384488059000001,0.5687255859375,0.57000732421875,0.60626220703125
4.385490195,0.56524658203125,0.57000732421875,0.60626220703125
4.386490294000001,0.57421875,0.56085205078125,0.615234375
4.387490467,0.567626953125,0.56085205078125,0.615234375
4.388444493000001,0.56195068359375,0.56085205078125,0.615234375
4.389486795,0.5533447265625,0.56085205078125,0.615234375
4.390589763,0.55865478515625,0.561767578125,0.615234375
4.391489641000001,0.5577392578125,0.561767578125,0.62347412109375
4.3924862220000005,0.5599365234375,0.561767578125,0.62347412109375
4.393488061,0.5599365234375,0.561767578125,0.62347412109375
4.3944891230000005,0.5643310546875,0.561767578125,0.62347412109375
4.39548613,0.5599365234375,0.561767578125,0.62347412109375
4.396486414,0.56085205078125,0.55609130859375,0.63299560546875
4.397493346,0.55645751953125,0.55609130859375,0.63299560546875
4.3984351870000005,0.55316162109375,0.55609130859375,0.63299560546875
4.399480766,0.55535888671875,0.55609130859375,0.63299560546875
4.400481569,0.55206298828125,0.55609130859375,0.63299560546875
4.401478724,0.5577392578125,0.55682373046875,0.64215087890625
4.402432805,0.55535888671875,0.55682373046875,0.64215087890625
4.4034841810000005,0.56195068359375,0.55682373046875,0.64215087890625
4.404480261,0.5584716796875,0.55682373046875,0.64215087890625
4.405478805,0.55206298828125,0.55682373046875,0.64215087890625
4.406477237,0.56085205078125,0.56048583984375,0.6331787109375
4.407479706,0.56195068359375,0.56048583984375,0.6331787109375
4.40848275,0.5643310546875,0.56048583984375,0.6331787109375
4.409492478000001,0.5643310546875,0.56048583984375,0.6331787109375
4.410430078,0.5584716796875,0.56048583984375,0.6331787109375
4.4114770100000005,0.5584716796875,0.5621337890625,0.62420654296875
4.4124801830000004,0.5643310546875,0.5621337890625,0.62420654296875
4.413479023,0.56195068359375,0.5621337890625,0.62420654296875
4.414488325000001,0.5643310546875,0.5621337890625,0.62420654296875
4.41548548,0.56195068359375,0.5621337890625,0.62420654296875
4.41647806,0.5665283203125,0.56451416015625,0.61578369140625
4.417428641,0.56304931640625,0.56451416015625,0.61578369140625
4.418478110000001,0.5643310546875,0.56451416015625,0.61578369140625
4.419476783,0.5643310546875,0.56451416015625,0.61578369140625
4.420477716000001,0.56781005859375,0.56451416015625,0.61578369140625
4.42148274,0.5643310546875,0.5672607421875,0.6060791015625
4.422479117,0.5643310546875,0.5672607421875,0.6060791015625
4.423479068,0.56781005859375,0.5672607421875,0.6060791015625
4.424476223,0.56195068359375,0.5672607421875,0.6060791015625
4.42558295,0.56781005859375,0.56890869140625,0.6060791015625
4.426487365,0.56781005859375,0.56890869140625,0.59710693359375
4.427477575,0.5731201171875,0.56890869140625,0.59710693359375
4.428475415,0.5654296875,0.56890869140625,0.59710693359375
4.429475588,0.56982421875,0.56890869140625,0.59710693359375
4.430484316,0.56982421875,0.56890869140625,0.59710693359375
4.431481434,0.5654296875,0.57037353515625,0.58795166015625
4.432477403,0.56982421875,0.57037353515625,0.58795166015625
4.4334684840000005,0.57110595703125,0.57037353515625,0.58795166015625
4.434477101000001,0.5731201171875,0.57037353515625,0.58795166015625
4.4354777930000004,0.5654296875,0.57037353515625,0.58795166015625
4.436473503,0.57110595703125,0.57220458984375,0.5789794921875
4.437474417,0.5731201171875,0.57220458984375,0.5789794921875
4.4384825900000004,0.56781005859375,0.57220458984375,0.5789794921875
4.439473615,0.5654296875,0.57220458984375,0.5789794921875
4.4404676400000005,0.5753173828125,0.57220458984375,0.5789794921875
4.4414675720000005,0.57110595703125,0.573486328125,0.57000732421875
4.442474504000001,0.576416015625,0.573486328125,0.57000732421875
4.443475066,0.57110595703125,0.573486328125,0.57000732421875
4.444472999,0.57421875,0.573486328125,0.57000732421875
4.445469153,0.57110595703125,0.573486328125,0.57000732421875
4.446476548000001,0.57110595703125,0.57275390625,0.56085205078125
4.447526536,0.5687255859375,0.57275390625,0.56085205078125
4.448472876,0.5731201171875,0.57275390625,0.56085205078125
4.4494747530000005,0.5731201171875,0.57275390625,0.56085205078125
4.450480796,0.57421875,0.57275390625,0.56085205078125
4.451523746,0.57421875,0.57403564453125,0.561767578125
4.4525221230000005,0.5731201171875,0.57403564453125,0.561767578125
4.453662146,0.5797119140625,0.57403564453125,0.561767578125
4.454523321,0.576416015625,0.57403564453125,0.561767578125
4.455535568,0.57110595703125,0.57403564453125,0.561767578125
4.456471538000001,0.57421875,0.57513427734375,0.55609130859375
4.457515229,0.5731201171875,0.57513427734375,0.55609130859375
4.458517921,0.57421875,0.57513427734375,0.55609130859375
4.459518983000001,0.576416015625,0.57513427734375,0.55609130859375
4.4605134710000005,0.576416015625,0.57513427734375,0.55609130859375
4.461463718,0.576416015625,0.57623291015625,0.55682373046875
4.46246791,0.57421875,0.57623291015625,0.55682373046875
4.463527823000001,0.5775146484375,0.57623291015625,0.55682373046875
4.464525589,0.57421875,0.57623291015625,0.55682373046875
4.465520873,0.57861328125,0.57623291015625,0.55682373046875
4.4665280460000005,0.5797119140625,0.5753173828125,0.56048583984375
4.467472849,0.56781005859375,0.5753173828125,0.56048583984375
4.468516374,0.5687255859375,0.5753173828125,0.56048583984375
4.469514713000001,0.5775146484375,0.5753173828125,0.56048583984375
4.470516405000001,0.5775146484375,0.5753173828125,0.56048583984375
4.471520263,0.5753173828125,0.576416015625,0.5621337890625
4.4724640110000005,0.57421875,0.576416015625,0.5621337890625
4.473517257,0.5797119140625,0.576416015625,0.5621337890625
4.47446532,0.5797119140625,0.576416015625,0.5621337890625
4.475511252,0.57861328125,0.576416015625,0.5621337890625
4.476511499,0.57421875,0.5775146484375,0.56451416015625
4.477513172,0.576416015625,0.5775146484375,0.56451416015625
4.478511956,0.576416015625,0.5775146484375,0.56451416015625
4.479459556,0.57513427734375,0.5775146484375,0.56451416015625
4.480457414,0.5797119140625,0.5775146484375,0.56451416015625
4.481513512,0.5797119140625,0.57861328125,0.5672607421875
4.48251637,0.57421875,0.57861328125,0.5672607421875
4.483511544000001,0.5819091796875,0.57861328125,0.5672607421875
4.484502976,0.5797119140625,0.57861328125,0.5672607421875
4.485508112000001,0.5775146484375,0.57861328125,0.5672607421875
4.4865136,0.5830078125,0.57769775390625,0.56890869140625
4.4875123100000005,0.57421875,0.57769775390625,0.56890869140625
4.48845528,0.57421875,0.57769775390625,0.56890869140625
4.489457934,0.5797119140625,0.57769775390625,0.56890869140625
4.49050907,0.5775146484375,0.57769775390625,0.56890869140625
4.491510224000001,0.576416015625,0.5789794921875,0.57037353515625
4.49250436,0.576416015625,0.5789794921875,0.57037353515625
4.493641254,0.576416015625,0.5789794921875,0.57037353515625
4.494505225,0.5819091796875,0.5789794921875,0.57037353515625
4.495503694,0.5797119140625,0.5789794921875,0.57037353515625
4.496452683,0.57421875,0.57000732421875,0.57220458984375
4.497446893,0.5731201171875,0.57000732421875,0.57220458984375
4.498502954,0.5654296875,0.57000732421875,0.57220458984375
4.499501424,0.56781005859375,0.57000732421875,0.57220458984375
4.50050656,0.5731201171875,0.57000732421875,0.57220458984375
4.501509159,0.57110595703125,0.57696533203125,0.573486328125
4.5024497210000005,0.5797119140625,0.57696533203125,0.573486328125
4.503499394,0.5797119140625,0.57696533203125,0.573486328125
4.504493215,0.5797119140625,0.57696533203125,0.573486328125
4.505504018,0.5775146484375,0.57696533203125,0.573486328125
4.506509061,0.576416015625,0.58209228515625,0.57275390625
4.50750329,0.5819091796875,0.58209228515625,0.57275390625
4.5085017590000005,0.58099365234375,0.58209228515625,0.57275390625
4.509443525,0.585205078125,0.58209228515625,0.57275390625
4.510607678,0.5797119140625,0.58428955078125,0.57275390625
4.511503352,0.5830078125,0.58428955078125,0.57403564453125
4.512494414,0.58099365234375,0.58428955078125,0.57403564453125
4.5134899950000005,0.58099365234375,0.58428955078125,0.57403564453125
4.514495353,0.5830078125,0.58428955078125,0.57403564453125
4.5154999700000005,0.5863037109375,0.58428955078125,0.57403564453125
4.516494606,0.5830078125,0.57476806640625,0.57513427734375
4.5174947240000005,0.5797119140625,0.57476806640625,0.57513427734375
4.518448638000001,0.57110595703125,0.57476806640625,0.57513427734375
4.519494718,0.57110595703125,0.57476806640625,0.57513427734375
4.520497225000001,0.56781005859375,0.57476806640625,0.57513427734375
4.521492009,0.5797119140625,0.58355712890625,0.57623291015625
4.522493478,0.5830078125,0.58355712890625,0.57623291015625
4.523489207,0.5863037109375,0.58355712890625,0.57623291015625
4.524496806,0.5885009765625,0.58355712890625,0.57623291015625
4.525436257,0.585205078125,0.58355712890625,0.57623291015625
4.526435597,0.58099365234375,0.5892333984375,0.5753173828125
4.527498584,0.5885009765625,0.5892333984375,0.5753173828125
4.528509961,0.59710693359375,0.5892333984375,0.5753173828125
4.529482912000001,0.591796875,0.5892333984375,0.5753173828125
4.530491307,0.589599609375,0.5892333984375,0.5753173828125
4.531431555,0.589599609375,0.58941650390625,0.576416015625
4.532437265,0.591796875,0.58941650390625,0.576416015625
4.533480012,0.5863037109375,0.58941650390625,0.576416015625
4.5344332220000005,0.58740234375,0.58941650390625,0.576416015625
4.53548695,0.591796875,0.58941650390625,0.576416015625
4.536484827000001,0.589599609375,0.58026123046875,0.5775146484375
4.537484093000001,0.5797119140625,0.58026123046875,0.5775146484375
4.538491395,0.57421875,0.58026123046875,0.5775146484375
4.539485013,0.5797119140625,0.58026123046875,0.5775146484375
4.540433946,0.58099365234375,0.58026123046875,0.5775146484375
4.541484692,0.5775146484375,0.5888671875,0.57861328125
4.542481421000001,0.5885009765625,0.5888671875,0.57861328125
4.543482483,0.591796875,0.5888671875,0.57861328125
4.544479267,0.5885009765625,0.5888671875,0.57861328125
4.545485625,0.5863037109375,0.5888671875,0.57861328125
4.546484446,0.5885009765625,0.59014892578125,0.57769775390625
4.547488805,0.591796875,0.59014892578125,0.57769775390625
4.548489848,0.589599609375,0.59014892578125,0.57769775390625
4.54942417,0.591796875,0.59014892578125,0.57769775390625
4.550477231,0.5863037109375,0.59014892578125,0.57769775390625
4.55147609,0.591796875,0.59912109375,0.5789794921875
4.552478059,0.5950927734375,0.59912109375,0.5789794921875
4.553478602,0.60186767578125,0.59912109375,0.5789794921875
4.5544822940000005,0.60186767578125,0.59912109375,0.5789794921875
4.555482504,0.59857177734375,0.59912109375,0.5789794921875
4.556474844,0.59857177734375,0.60809326171875,0.57000732421875
4.557476869,0.60845947265625,0.60809326171875,0.57000732421875
4.5584309130000005,0.6104736328125,0.60809326171875,0.57000732421875
4.559474067,0.6104736328125,0.60809326171875,0.57000732421875
4.560487258,0.60845947265625,0.60809326171875,0.57000732421875
4.561476968,0.6097412109375,0.6170654296875,0.57696533203125
4.562475549,0.6163330078125,0.6170654296875,0.57696533203125
4.563474203,0.61724853515625,0.6170654296875,0.57696533203125
4.564472562000001,0.620361328125,0.6170654296875,0.57696533203125
4.565475901,0.61962890625,0.6170654296875,0.57696533203125
4.566482833,0.6163330078125,0.62603759765625,0.58209228515625
4.567477451,0.6229248046875,0.62603759765625,0.58209228515625
4.568473291,0.62969970703125,0.62603759765625,0.58209228515625
4.569483149,0.62823486328125,0.62603759765625,0.58209228515625
4.570482322,0.6295166015625,0.62603759765625,0.58209228515625
4.571479458000001,0.63043212890625,0.635009765625,0.58428955078125
4.572472687,0.6317138671875,0.635009765625,0.58428955078125
4.5734804890000005,0.635009765625,0.635009765625,0.58428955078125
4.574472088,0.64031982421875,0.635009765625,0.58428955078125
4.575476539,0.635009765625,0.635009765625,0.58428955078125
4.576473546,0.63720703125,0.64398193359375,0.57476806640625
4.577472034,0.64031982421875,0.64398193359375,0.57476806640625
4.578473558000001,0.64581298828125,0.64398193359375,0.57476806640625
4.5794750650000005,0.64471435546875,0.64398193359375,0.57476806640625
4.580475979,0.64581298828125,0.64398193359375,0.57476806640625
4.581478596,0.64691162109375,0.6529541015625,0.58355712890625
4.582476843,0.64910888671875,0.6529541015625,0.58355712890625
4.583473109,0.65570068359375,0.6529541015625,0.58355712890625
4.584475467,0.650390625,0.6529541015625,0.58355712890625
4.585480085,0.65460205078125,0.6529541015625,0.58355712890625
4.586482554,0.652587890625,0.66192626953125,0.5892333984375
4.587481042,0.65899658203125,0.66192626953125,0.5892333984375
4.58847827,0.66229248046875,0.66192626953125,0.5892333984375
4.5895394430000005,0.66448974609375,0.66192626953125,0.5892333984375
4.590595819,0.66119384765625,0.67034912109375,0.5892333984375
4.59147179,0.6668701171875,0.67034912109375,0.58941650390625
4.592480426,0.6712646484375,0.67034912109375,0.58941650390625
4.593520913,0.67694091796875,0.67034912109375,0.58941650390625
4.594469864000001,0.6712646484375,0.67034912109375,0.58941650390625
4.595524018,0.66595458984375,0.67034912109375,0.58941650390625
4.596522377,0.6712646484375,0.6800537109375,0.58026123046875
4.597518624,0.67694091796875,0.6800537109375,0.58026123046875
4.598528019000001,0.6778564453125,0.6800537109375,0.58026123046875
4.59946823,0.6837158203125,0.6800537109375,0.58026123046875
4.600466255000001,0.68023681640625,0.6800537109375,0.58026123046875
4.60152126,0.67694091796875,0.68902587890625,0.5888671875
4.602520119,0.68701171875,0.68902587890625,0.5888671875
4.603519069,0.69012451171875,0.68902587890625,0.5888671875
4.604514631,0.69232177734375,0.68902587890625,0.5888671875
4.6055197670000005,0.68902587890625,0.68902587890625,0.5888671875
4.606521496,0.69232177734375,0.67987060546875,0.59014892578125
4.607527576,0.68133544921875,0.67987060546875,0.59014892578125
4.608465602,0.67694091796875,0.67987060546875,0.59014892578125
4.609471516,0.67437744140625,0.67987060546875,0.59014892578125
4.610605317,0.6756591796875,0.671630859375,0.59014892578125
4.611513861000001,0.6778564453125,0.671630859375,0.59912109375
4.612520238,0.678955078125,0.671630859375,0.59912109375
4.61351943,0.67034912109375,0.671630859375,0.59912109375
4.614514881,0.67364501953125,0.671630859375,0.59912109375
4.6155131460000005,0.67364501953125,0.671630859375,0.59912109375
4.616460653,0.67034912109375,0.68133544921875,0.60809326171875
4.617462123,0.67364501953125,0.68133544921875,0.60809326171875
4.618519017000001,0.6844482421875,0.68133544921875,0.60809326171875
4.619508542,0.68353271484375,0.68133544921875,0.60809326171875
4.62050916,0.678955078125,0.68133544921875,0.60809326171875
4.621519666,0.6822509765625,0.67236328125,0.6170654296875
4.622467617,0.67236328125,0.67236328125,0.6170654296875
4.62350816,0.6690673828125,0.67236328125,0.6170654296875
4.624509037,0.6668701171875,0.67236328125,0.6170654296875
4.625513988,0.6690673828125,0.67236328125,0.6170654296875
4.626519809,0.6756591796875,0.66339111328125,0.62603759765625
4.627501982,0.6668701171875,0.66339111328125,0.62603759765625
4.6285111180000005,0.66357421875,0.66339111328125,0.62603759765625
4.629464921,0.65789794921875,0.66339111328125,0.62603759765625
4.6305042610000005,0.6591796875,0.66339111328125,0.62603759765625
4.631504767,0.6646728515625,0.6544189453125,0.635009765625
4.632506533,0.6591796875,0.6544189453125,0.635009765625
4.633505854,0.652587890625,0.6544189453125,0.635009765625
4.634505101,0.652587890625,0.6544189453125,0.635009765625
4.635504922,0.6558837890625,0.6544189453125,0.635009765625
4.636503595000001,0.652587890625,0.64544677734375,0.64398193359375
4.637452843,0.650390625,0.64544677734375,0.64398193359375
4.638501053000001,0.64398193359375,0.64544677734375,0.64398193359375
4.639503559,0.64068603515625,0.64544677734375,0.64398193359375
4.640497195,0.6416015625,0.64544677734375,0.64398193359375
4.641496294,0.64617919921875,0.636474609375,0.6529541015625
4.642452042,0.63720703125,0.636474609375,0.6529541015625
4.643500714,0.6339111328125,0.636474609375,0.6529541015625
4.644449666,0.6339111328125,0.636474609375,0.6529541015625
4.645453357,0.6339111328125,0.636474609375,0.6529541015625
4.646495937,0.639404296875,0.62750244140625,0.66192626953125
4.647492962,0.6361083984375,0.62750244140625,0.66192626953125
4.648498209,0.6240234375,0.62750244140625,0.66192626953125
4.6495132340000005,0.62750244140625,0.62750244140625,0.66192626953125
4.650494592,0.630615234375,0.62750244140625,0.66192626953125
4.651447062,0.62750244140625,0.61834716796875,0.67034912109375
4.652456957,0.61834716796875,0.61834716796875,0.67034912109375
4.653495852,0.617431640625,0.61834716796875,0.67034912109375
4.654487581000001,0.61175537109375,0.61834716796875,0.67034912109375
4.65549268,0.61651611328125,0.61834716796875,0.67034912109375
4.656493668,0.61981201171875,0.609375,0.6800537109375
4.6575012110000005,0.61083984375,0.609375,0.6800537109375
4.658497903000001,0.61083984375,0.609375,0.6800537109375
4.659442817,0.6075439453125,0.609375,0.6800537109375
4.660448175,0.61083984375,0.609375,0.6800537109375
4.661487996,0.6075439453125,0.60040283203125,0.68902587890625
4.66249278,0.60498046875,0.60040283203125,0.68902587890625
4.663491249000001,0.59527587890625,0.60040283203125,0.68902587890625
4.664488515,0.59857177734375,0.60040283203125,0.68902587890625
4.6654953180000005,0.59857177734375,0.60040283203125,0.68902587890625
4.666496713,0.59765625,0.59124755859375,0.67987060546875
4.667492812,0.5965576171875,0.59124755859375,0.67987060546875
4.668439597,0.591064453125,0.59124755859375,0.67987060546875
4.669443399,0.591064453125,0.59124755859375,0.67987060546875
4.670487572,0.591064453125,0.59124755859375,0.67987060546875
4.671485615,0.5987548828125,0.582275390625,0.671630859375
4.672487011,0.58538818359375,0.582275390625,0.671630859375
4.673487628,0.5819091796875,0.582275390625,0.671630859375
4.674483542,0.57861328125,0.582275390625,0.671630859375
4.6754819,0.58447265625,0.582275390625,0.671630859375
4.676485518000001,0.57861328125,0.57330322265625,0.68133544921875
4.6774848570000005,0.57550048828125,0.57330322265625,0.68133544921875
4.678445698,0.576416015625,0.57330322265625,0.68133544921875
4.679435297,0.57000732421875,0.57330322265625,0.68133544921875
4.680498025,0.56671142578125,0.57330322265625,0.68133544921875
4.681489920000001,0.57550048828125,0.5789794921875,0.67236328125
4.682485167,0.57330322265625,0.5789794921875,0.67236328125
4.683619228,0.58135986328125,0.5789794921875,0.67236328125
4.684482236,0.5833740234375,0.5789794921875,0.67236328125
4.685486001,0.5811767578125,0.5789794921875,0.67236328125
4.686429138,0.57550048828125,0.57513427734375,0.66339111328125
4.687426589,0.5738525390625,0.57513427734375,0.66339111328125
4.688478095,0.57147216796875,0.57513427734375,0.66339111328125
4.689488601,0.57147216796875,0.57513427734375,0.66339111328125
4.690485163,0.57806396484375,0.57513427734375,0.66339111328125
4.691477058,0.57220458984375,0.570556640625,0.6544189453125
4.69247775,0.57147216796875,0.570556640625,0.6544189453125
4.693615125,0.569091796875,0.570556640625,0.6544189453125
4.694477892,0.569091796875,0.570556640625,0.6544189453125
4.69548288,0.57000732421875,0.570556640625,0.6544189453125
4.6964286280000005,0.57147216796875,0.5731201171875,0.64544677734375
4.697427893,0.57550048828125,0.5731201171875,0.64544677734375
4.6984732330000005,0.57220458984375,0.5731201171875,0.64544677734375
4.699480831,0.57147216796875,0.5731201171875,0.64544677734375
4.700478671,0.5745849609375,0.5731201171875,0.64544677734375
4.701474937,0.58135986328125,0.57879638671875,0.636474609375
4.702476017,0.5745849609375,0.57879638671875,0.636474609375
4.703480338,0.58026123046875,0.57879638671875,0.636474609375
4.704474530000001,0.58355712890625,0.57879638671875,0.636474609375
4.7054688140000005,0.58135986328125,0.57879638671875,0.636474609375
4.706470376,0.5745849609375,0.57659912109375,0.62750244140625
4.707468809,0.57696533203125,0.57659912109375,0.62750244140625
4.708475482,0.5760498046875,0.57659912109375,0.62750244140625
4.709475451,0.5745849609375,0.57659912109375,0.62750244140625
4.710469069,0.5745849609375,0.57659912109375,0.62750244140625
4.7114724820000005,0.57366943359375,0.583740234375,0.61834716796875
4.7124711,0.58245849609375,0.583740234375,0.61834716796875
4.713474069,0.58575439453125,0.583740234375,0.61834716796875
4.714474909000001,0.5888671875,0.583740234375,0.61834716796875
4.715473267,0.58355712890625,0.583740234375,0.61834716796875
4.716474292,0.58355712890625,0.59161376953125,0.609375
4.717476576,0.59124755859375,0.59161376953125,0.609375
4.718481527000001,0.5888671875,0.59161376953125,0.609375
4.7194775700000005,0.5888671875,0.59161376953125,0.609375
4.7204723180000006,0.59234619140625,0.59161376953125,0.609375
4.721468676000001,0.58795166015625,0.5826416015625,0.60040283203125
4.722472404,0.58575439453125,0.5826416015625,0.60040283203125
4.7234748,0.58245849609375,0.5826416015625,0.60040283203125
4.724471676,0.58154296875,0.5826416015625,0.60040283203125
4.725479035,0.5782470703125,0.5826416015625,0.60040283203125
4.72647843,0.58245849609375,0.576416015625,0.59124755859375
4.72747627,0.5782470703125,0.576416015625,0.59124755859375
4.728471424,0.57586669921875,0.576416015625,0.59124755859375
4.72947032,0.57257080078125,0.576416015625,0.59124755859375
4.730521159,0.5782470703125,0.576416015625,0.59124755859375
4.731520869000001,0.5782470703125,0.5804443359375,0.582275390625
4.732476135000001,0.58465576171875,0.5804443359375,0.582275390625
4.733513641,0.5841064453125,0.5804443359375,0.582275390625
4.734523369000001,0.5863037109375,0.5804443359375,0.582275390625
4.73546945,0.574951171875,0.5804443359375,0.582275390625
4.736518104,0.57806396484375,0.57147216796875,0.57330322265625
4.737518759,0.57476806640625,0.57147216796875,0.57330322265625
4.738521154,0.5716552734375,0.57147216796875,0.57330322265625
4.739471050000001,0.5628662109375,0.57147216796875,0.57330322265625
4.740520426000001,0.5716552734375,0.57147216796875,0.57330322265625
4.7415211180000005,0.5709228515625,0.570556640625,0.5789794921875
4.742519995,0.568359375,0.570556640625,0.5789794921875
4.743517112,0.5716552734375,0.570556640625,0.5789794921875
4.744516396,0.56524658203125,0.570556640625,0.5789794921875
4.745521236,0.57421875,0.570556640625,0.5789794921875
4.746519891,0.57476806640625,0.57623291015625,0.57513427734375
4.7475210080000005,0.57476806640625,0.57623291015625,0.57513427734375
4.748465497000001,0.57733154296875,0.57623291015625,0.57513427734375
4.74946554,0.57659912109375,0.57623291015625,0.57513427734375
4.750516898,0.5716552734375,0.57623291015625,0.57513427734375
4.751516015,0.576416015625,0.5679931640625,0.570556640625
4.752513503,0.5709228515625,0.5679931640625,0.570556640625
4.753665193000001,0.5650634765625,0.5679931640625,0.570556640625
4.754514905000001,0.567626953125,0.5679931640625,0.570556640625
4.755528096,0.567626953125,0.5679931640625,0.570556640625
4.756460566,0.57000732421875,0.569091796875,0.5731201171875
4.757463036,0.567626953125,0.569091796875,0.5731201171875
4.758508134,0.57000732421875,0.569091796875,0.5731201171875
4.759511288000001,0.567626953125,0.569091796875,0.5731201171875
4.760512128,0.5650634765625,0.569091796875,0.5731201171875
4.7615050420000005,0.57000732421875,0.57476806640625,0.57879638671875
4.76250866,0.5731201171875,0.57476806640625,0.57879638671875
4.763645831,0.576416015625,0.57476806640625,0.57879638671875
4.764507895,0.576416015625,0.57476806640625,0.57879638671875
4.765511086,0.576416015625,0.57476806640625,0.57879638671875
4.766460889,0.57879638671875,0.58319091796875,0.57659912109375
4.767462729,0.5797119140625,0.58319091796875,0.57659912109375
4.768505365,0.5819091796875,0.58319091796875,0.57659912109375
4.769505649,0.58538818359375,0.58319091796875,0.57659912109375
4.770506803,0.5819091796875,0.58319091796875,0.57659912109375
4.771503587000001,0.57879638671875,0.5753173828125,0.583740234375
4.772455854,0.57879638671875,0.5753173828125,0.583740234375
4.773501434,0.57550048828125,0.5753173828125,0.583740234375
4.774451737000001,0.57952880859375,0.5753173828125,0.583740234375
4.775560557,0.5723876953125,0.57550048828125,0.583740234375
4.776509453,0.576416015625,0.57550048828125,0.59161376953125
4.777501459000001,0.5723876953125,0.57550048828125,0.59161376953125
4.778504336,0.57550048828125,0.57550048828125,0.59161376953125
4.7795084160000005,0.57550048828125,0.57550048828125,0.59161376953125
4.780577903,0.57000732421875,0.57989501953125,0.59161376953125
4.781452485,0.577880859375,0.57989501953125,0.5826416015625
4.7824974540000005,0.57550048828125,0.57989501953125,0.5826416015625
4.783496905,0.58099365234375,0.57989501953125,0.5826416015625
4.784496726,0.58099365234375,0.57989501953125,0.5826416015625
4.7854964550000005,0.58099365234375,0.57989501953125,0.5826416015625
4.786497387,0.577880859375,0.57037353515625,0.576416015625
4.787497356,0.5723876953125,0.57037353515625,0.576416015625
4.788501104,0.5679931640625,0.57037353515625,0.576416015625
4.7894503330000004,0.569091796875,0.57037353515625,0.576416015625
4.790495987,0.5712890625,0.57037353515625,0.576416015625
4.791503197,0.569091796875,0.579345703125,0.5804443359375
4.792494296,0.57733154296875,0.579345703125,0.5804443359375
4.793643078000001,0.58355712890625,0.579345703125,0.5804443359375
4.794495864,0.57861328125,0.579345703125,0.5804443359375
4.795596925,0.58355712890625,0.58245849609375,0.5804443359375
4.796442081,0.5745849609375,0.58245849609375,0.57147216796875
4.797492698,0.58355712890625,0.58245849609375,0.57147216796875
4.79849263,0.57861328125,0.58245849609375,0.57147216796875
4.799483359,0.5870361328125,0.58245849609375,0.57147216796875
4.8004975320000005,0.5870361328125,0.58245849609375,0.57147216796875
4.801492502,0.58447265625,0.58282470703125,0.570556640625
4.802492175,0.58355712890625,0.58282470703125,0.570556640625
4.803487829,0.58355712890625,0.58282470703125,0.570556640625
4.804492373,0.58355712890625,0.58282470703125,0.570556640625
4.8054446760000005,0.58355712890625,0.58282470703125,0.570556640625
4.806438330000001,0.577880859375,0.58740234375,0.57623291015625
4.807489244,0.58447265625,0.58740234375,0.57623291015625
4.808487491,0.59033203125,0.58740234375,0.57623291015625
4.809488053,0.59033203125,0.58740234375,0.57623291015625
4.810481763,0.5870361328125,0.58740234375,0.57623291015625
4.811444955,0.5870361328125,0.5885009765625,0.5679931640625
4.812479628,0.58355712890625,0.5885009765625,0.5679931640625
4.813478764,0.5870361328125,0.5885009765625,0.5679931640625
4.8144769,0.5870361328125,0.5885009765625,0.5679931640625
4.815614034,0.5877685546875,0.59033203125,0.5679931640625
4.816482635,0.58447265625,0.59033203125,0.569091796875
4.817483437,0.59033203125,0.59033203125,0.569091796875
4.818484407000001,0.59033203125,0.59033203125,0.569091796875
4.819436228,0.592529296875,0.59033203125,0.569091796875
4.820485234,0.5877685546875,0.59033203125,0.569091796875
4.821489574,0.592529296875,0.59271240234375,0.57476806640625
4.822483154,0.59033203125,0.59271240234375,0.57476806640625
4.823631677,0.5958251953125,0.59271240234375,0.57476806640625
4.824483797,0.592529296875,0.59271240234375,0.57476806640625
4.8254848400000006,0.592529296875,0.59271240234375,0.57476806640625
4.826429255,0.59033203125,0.59088134765625,0.58319091796875
4.8274264460000005,0.59033203125,0.59088134765625,0.58319091796875
4.828476933,0.592529296875,0.59088134765625,0.58319091796875
4.829481588,0.5892333984375,0.59088134765625,0.58319091796875
4.830485594000001,0.59033203125,0.59088134765625,0.58319091796875
4.83147573,0.5870361328125,0.59124755859375,0.5753173828125
4.832424774000001,0.5892333984375,0.59124755859375,0.5753173828125
4.833472836,0.5892333984375,0.59124755859375,0.5753173828125
4.834475676,0.5892333984375,0.59124755859375,0.5753173828125
4.835425386,0.59490966796875,0.59124755859375,0.5753173828125
4.836470374,0.592529296875,0.5914306640625,0.57550048828125
4.837471417000001,0.5892333984375,0.5914306640625,0.57550048828125
4.838473497,0.59490966796875,0.5914306640625,0.57550048828125
4.839481374,0.5885009765625,0.5914306640625,0.57550048828125
4.840479955,0.592529296875,0.5914306640625,0.57550048828125
4.8414308870000005,0.5892333984375,0.591064453125,0.57989501953125
4.842470782,0.58612060546875,0.591064453125,0.57989501953125
4.843480048,0.59490966796875,0.591064453125,0.57989501953125
4.844473573,0.59490966796875,0.591064453125,0.57989501953125
4.8454762460000005,0.592529296875,0.591064453125,0.57989501953125
4.846479826,0.5885009765625,0.585205078125,0.57037353515625
4.847476407,0.583740234375,0.585205078125,0.57037353515625
4.848476783000001,0.5771484375,0.585205078125,0.57037353515625
4.849471401000001,0.58612060546875,0.585205078125,0.57037353515625
4.850473019,0.58502197265625,0.585205078125,0.57037353515625
4.851475636,0.5859375,0.58465576171875,0.579345703125
4.85246955,0.5804443359375,0.58465576171875,0.579345703125
4.853472297000001,0.58612060546875,0.58465576171875,0.579345703125
4.854469711,0.58612060546875,0.58465576171875,0.579345703125
4.8554924580000005,0.5826416015625,0.58465576171875,0.579345703125
4.856466483,0.58685302734375,0.57568359375,0.58245849609375
4.857466860000001,0.57952880859375,0.57568359375,0.58245849609375
4.858473051,0.5738525390625,0.57568359375,0.58245849609375
4.859476743,0.5738525390625,0.57568359375,0.58245849609375
4.860471082,0.5738525390625,0.57568359375,0.58245849609375
4.861469478,0.5745849609375,0.57806396484375,0.58282470703125
4.862473929,0.57623291015625,0.57806396484375,0.58282470703125
4.863658062,0.5771484375,0.57806396484375,0.58282470703125
4.864478034,0.57952880859375,0.57806396484375,0.58282470703125
4.865481188,0.5771484375,0.57806396484375,0.58282470703125
4.8664687870000005,0.5771484375,0.57733154296875,0.58740234375
4.867471609,0.57952880859375,0.57733154296875,0.58740234375
4.868472152,0.57952880859375,0.57733154296875,0.58740234375
4.869471529,0.5771484375,0.57733154296875,0.58740234375
4.870474369,0.5731201171875,0.57733154296875,0.58740234375
4.871472319,0.5771484375,0.568359375,0.5885009765625
4.872527973,0.56488037109375,0.568359375,0.5885009765625
4.873521924,0.56488037109375,0.568359375,0.5885009765625
4.8745194860000005,0.56414794921875,0.568359375,0.5885009765625
4.875586436,0.56488037109375,0.57330322265625,0.5885009765625
4.876533258,0.57073974609375,0.57330322265625,0.59033203125
4.877518931,0.56817626953125,0.57330322265625,0.59033203125
4.878518567,0.57623291015625,0.57330322265625,0.59033203125
4.879524925,0.5745849609375,0.57330322265625,0.59033203125
4.880522987,0.5738525390625,0.57330322265625,0.59033203125
4.88147092,0.5745849609375,0.57733154296875,0.59271240234375
4.882469427,0.57623291015625,0.57733154296875,0.59271240234375
4.883533562,0.5738525390625,0.57733154296875,0.59271240234375
4.884473088,0.57952880859375,0.57733154296875,0.59271240234375
4.885511334,0.5771484375,0.57733154296875,0.59271240234375
4.886511267,0.57623291015625,0.568359375,0.59088134765625
4.88751318,0.57623291015625,0.568359375,0.59088134765625
4.888526113,0.5625,0.568359375,0.59088134765625
4.889518193000001,0.56744384765625,0.568359375,0.59088134765625
4.890511385,0.57073974609375,0.568359375,0.59088134765625
4.8915121500000005,0.57073974609375,0.56927490234375,0.59124755859375
4.892511972,0.57073974609375,0.56927490234375,0.59124755859375
4.893648828,0.57073974609375,0.56927490234375,0.59124755859375
4.894513114,0.56744384765625,0.56927490234375,0.59124755859375
4.895456954,0.56488037109375,0.56927490234375,0.59124755859375
4.896512164000001,0.56817626953125,0.572021484375,0.5914306640625
4.8975163,0.56817626953125,0.572021484375,0.5914306640625
4.898508843,0.5738525390625,0.572021484375,0.5914306640625
4.899508442,0.5712890625,0.572021484375,0.5914306640625
4.900511301,0.57073974609375,0.572021484375,0.5914306640625
4.901510066,0.5738525390625,0.5628662109375,0.591064453125
4.902508869,0.56488037109375,0.5628662109375,0.591064453125
4.903645948,0.555908203125,0.5628662109375,0.591064453125
4.904511548,0.56158447265625,0.5628662109375,0.591064453125
4.905516351,0.56488037109375,0.5628662109375,0.591064453125
4.906517617,0.5592041015625,0.564697265625,0.585205078125
4.907507475,0.56744384765625,0.564697265625,0.585205078125
4.908498667,0.56488037109375,0.564697265625,0.585205078125
4.909507191,0.56744384765625,0.564697265625,0.585205078125
4.910511235,0.57073974609375,0.564697265625,0.585205078125
4.911503426,0.56158447265625,0.56597900390625,0.58465576171875
4.912501007,0.56817626953125,0.56597900390625,0.58465576171875
4.913501569,0.5731201171875,0.56597900390625,0.58465576171875
4.914501909,0.56158447265625,0.56597900390625,0.58465576171875
4.915500952,0.56488037109375,0.56597900390625,0.58465576171875
4.91651331,0.56488037109375,0.566162109375,0.57568359375
4.91749965,0.57073974609375,0.566162109375,0.57568359375
4.918453009,0.56158447265625,0.566162109375,0.57568359375
4.919498126000001,0.56817626953125,0.566162109375,0.57568359375
4.920506873,0.56817626953125,0.566162109375,0.57568359375
4.921508101000001,0.56744384765625,0.5650634765625,0.57806396484375
4.9224988860000005,0.56744384765625,0.5650634765625,0.57806396484375
4.923630557,0.56488037109375,0.5650634765625,0.57806396484375
4.92449401,0.56744384765625,0.5650634765625,0.57806396484375
4.925493405,0.56158447265625,0.5650634765625,0.57806396484375
4.926502633,0.56414794921875,0.55609130859375,0.57733154296875
4.927502381,0.56158447265625,0.55609130859375,0.57733154296875
4.928494794000001,0.55499267578125,0.55609130859375,0.57733154296875
4.929496690000001,0.56158447265625,0.55609130859375,0.57733154296875
4.930491363000001,0.5504150390625,0.55609130859375,0.57733154296875
4.931492943,0.55499267578125,0.554443359375,0.568359375
4.932499061000001,0.56085205078125,0.554443359375,0.568359375
4.933492289,0.5526123046875,0.554443359375,0.568359375
4.934452889,0.555908203125,0.554443359375,0.568359375
4.935552153000001,0.5526123046875,0.55609130859375,0.568359375
4.9364930860000005,0.5526123046875,0.55609130859375,0.57330322265625
4.937492426,0.555908203125,0.55609130859375,0.57330322265625
4.9384862290000004,0.55499267578125,0.55609130859375,0.57330322265625
4.939496624,0.5592041015625,0.55609130859375,0.57330322265625
4.940445446,0.55828857421875,0.55609130859375,0.57330322265625
4.941484452,0.5526123046875,0.56524658203125,0.57733154296875
4.94248918,0.56158447265625,0.56524658203125,0.57733154296875
4.943491261,0.57073974609375,0.56524658203125,0.57733154296875
4.944486063,0.57073974609375,0.56524658203125,0.57733154296875
4.945485885,0.56744384765625,0.56524658203125,0.57733154296875
4.946487761,0.56488037109375,0.57440185546875,0.568359375
4.94748812,0.57073974609375,0.57440185546875,0.568359375
4.948492663000001,0.5771484375,0.57440185546875,0.568359375
4.9494430220000005,0.5745849609375,0.57440185546875,0.568359375
4.950482176,0.57623291015625,0.57440185546875,0.568359375
4.951485867000001,0.5771484375,0.5833740234375,0.56927490234375
4.952436245,0.5771484375,0.5833740234375,0.56927490234375
4.953485714,0.57952880859375,0.5833740234375,0.56927490234375
4.954483016,0.58612060546875,0.5833740234375,0.56927490234375
4.955484189,0.58612060546875,0.5833740234375,0.56927490234375
4.956484177,0.58612060546875,0.59234619140625,0.572021484375
4.957477017,0.59161376953125,0.59234619140625,0.572021484375
4.958485671,0.592529296875,0.59234619140625,0.572021484375
4.95944203,0.592529296875,0.59234619140625,0.572021484375
4.960487166,0.59161376953125,0.59234619140625,0.572021484375
4.961479450000001,0.59161376953125,0.601318359375,0.5628662109375
4.962490215,0.592529296875,0.601318359375,0.5628662109375
4.963481907,0.601318359375,0.601318359375,0.5628662109375
4.964487117,0.608642578125,0.601318359375,0.5628662109375
4.9654868830000005,0.601318359375,0.601318359375,0.5628662109375
4.966491982,0.6005859375,0.61029052734375,0.564697265625
4.967422656,0.6068115234375,0.61029052734375,0.564697265625
4.9684291620000005,0.6119384765625,0.61029052734375,0.564697265625
4.969477927000001,0.615234375,0.61029052734375,0.564697265625
4.970479267,0.609375,0.61029052734375,0.564697265625
4.971475884,0.6126708984375,0.6192626953125,0.56597900390625
4.972475650000001,0.61834716796875,0.6192626953125,0.56597900390625
4.973619803,0.62164306640625,0.6192626953125,0.56597900390625
4.974475866000001,0.6185302734375,0.6192626953125,0.56597900390625
4.975476317,0.6240234375,0.6192626953125,0.56597900390625
4.976426583,0.62164306640625,0.62823486328125,0.566162109375
4.977421701,0.62713623046875,0.62823486328125,0.566162109375
4.978474318,0.63043212890625,0.62823486328125,0.566162109375
4.979491472,0.62713623046875,0.62823486328125,0.566162109375
4.980468664,0.626220703125,0.62823486328125,0.566162109375
4.9814649300000005,0.63043212890625,0.63720703125,0.5650634765625
4.982472492,0.6361083984375,0.63720703125,0.5650634765625
4.983617218,0.639404296875,0.63720703125,0.5650634765625
4.984473171,0.63885498046875,0.63720703125,0.5650634765625
4.98547777,0.639404296875,0.63720703125,0.5650634765625
4.986470147,0.6361083984375,0.64617919921875,0.55609130859375
4.987467357,0.64251708984375,0.64617919921875,0.55609130859375
4.98847266,0.64837646484375,0.64617919921875,0.55609130859375
4.989473055,0.64581298828125,0.64617919921875,0.55609130859375
4.990475487,0.64837646484375,0.64617919921875,0.55609130859375
4.991468660000001,0.64837646484375,0.6551513671875,0.554443359375
4.992471222,0.654052734375,0.6551513671875,0.554443359375
4.993477265,0.6573486328125,0.6551513671875,0.554443359375
4.994472327,0.654052734375,0.6551513671875,0.554443359375
4.995472852000001,0.6573486328125,0.6551513671875,0.554443359375
4.9964739510000005,0.6573486328125,0.66412353515625,0.55609130859375
4.997474902,0.662841796875,0.66412353515625,0.55609130859375
4.998471112,0.66851806640625,0.66412353515625,0.55609130859375
4.999464045,0.67071533203125,0.66412353515625,0.55609130859375
5.000576383,0.6661376953125,0.67254638671875,0.55609130859375
5.001473243,0.662841796875,0.67254638671875,0.56524658203125
5.0024739160000005,0.67730712890625,0.67254638671875,0.56524658203125
5.003468552,0.67071533203125,0.67254638671875,0.56524658203125
5.004468373,0.66851806640625,0.67254638671875,0.56524658203125
5.005468379,0.66851806640625,0.67254638671875,0.56524658203125
5.006467367,0.67181396484375,0.6822509765625,0.57440185546875
5.0074695590000005,0.6800537109375,0.6822509765625,0.57440185546875
5.008474861,0.68316650390625,0.6822509765625,0.57440185546875
5.009465405,0.68646240234375,0.6822509765625,0.57440185546875
5.010468504,0.68316650390625,0.6822509765625,0.57440185546875
5.0114703810000005,0.68646240234375,0.69122314453125,0.5833740234375
5.012481313,0.68646240234375,0.69122314453125,0.5833740234375
5.0135197080000005,0.692138671875,0.69122314453125,0.5833740234375
5.014465363,0.69854736328125,0.69122314453125,0.5833740234375
5.015516832,0.692138671875,0.69122314453125,0.5833740234375
5.016515986,0.69525146484375,0.70037841796875,0.59234619140625
5.017517344,0.68975830078125,0.70037841796875,0.59234619140625
5.018519832,0.700927734375,0.70037841796875,0.59234619140625
5.019519005,0.70404052734375,0.70037841796875,0.59234619140625
5.020582640000001,0.70404052734375,0.70880126953125,0.59234619140625
5.021516722,0.70166015625,0.70880126953125,0.601318359375
5.022514265,0.70733642578125,0.70880126953125,0.601318359375
5.023518846,0.70733642578125,0.70880126953125,0.601318359375
5.0245204260000005,0.7122802734375,0.70880126953125,0.601318359375
5.025519988,0.70953369140625,0.70880126953125,0.601318359375
5.026520605,0.708984375,0.69927978515625,0.61029052734375
5.027516279,0.700927734375,0.69927978515625,0.61029052734375
5.028515285,0.69781494140625,0.69927978515625,0.61029052734375
5.029458107,0.69451904296875,0.69927978515625,0.61029052734375
5.03051589,0.69781494140625,0.69927978515625,0.61029052734375
5.031510675,0.6968994140625,0.6903076171875,0.6192626953125
5.032505588,0.693603515625,0.6903076171875,0.6192626953125
5.033512595,0.6888427734375,0.6903076171875,0.6192626953125
5.034518694,0.68316650390625,0.6903076171875,0.6192626953125
5.035510293000001,0.693603515625,0.6903076171875,0.6192626953125
5.036509984,0.69122314453125,0.68133544921875,0.62823486328125
5.037468769,0.6881103515625,0.68133544921875,0.62823486328125
5.0384679420000005,0.6734619140625,0.68133544921875,0.62823486328125
5.039504689,0.67913818359375,0.68133544921875,0.62823486328125
5.040603953000001,0.67913818359375,0.67254638671875,0.62823486328125
5.041507164,0.68243408203125,0.67254638671875,0.63720703125
5.042512374,0.67913818359375,0.67254638671875,0.63720703125
5.0435089920000005,0.66705322265625,0.67254638671875,0.63720703125
5.044514369,0.6734619140625,0.67254638671875,0.63720703125
5.045512801,0.66943359375,0.67254638671875,0.63720703125
5.046457308,0.66961669921875,0.66339111328125,0.64617919921875
5.047460500000001,0.66064453125,0.66339111328125,0.64617919921875
5.048503617000001,0.66064453125,0.66339111328125,0.64617919921875
5.049504475,0.66064453125,0.66339111328125,0.64617919921875
5.050505203,0.66064453125,0.66339111328125,0.64617919921875
5.051453599,0.66302490234375,0.6544189453125,0.6551513671875
5.052503346,0.654052734375,0.6544189453125,0.6551513671875
5.053501871,0.65093994140625,0.6544189453125,0.6551513671875
5.054511766,0.654052734375,0.6544189453125,0.6551513671875
5.055508254,0.65093994140625,0.6544189453125,0.6551513671875
5.056503520000001,0.6533203125,0.64544677734375,0.66412353515625
5.057504581,0.6533203125,0.64544677734375,0.66412353515625
5.058455218000001,0.6412353515625,0.64544677734375,0.66412353515625
5.059455632000001,0.638671875,0.64544677734375,0.66412353515625
5.060497564,0.64361572265625,0.64544677734375,0.66412353515625
5.061499107,0.643798828125,0.636474609375,0.67254638671875
5.06250128,0.64288330078125,0.636474609375,0.67254638671875
5.063634674,0.63720703125,0.636474609375,0.67254638671875
5.064499015,0.63153076171875,0.636474609375,0.67254638671875
5.065500503,0.63482666015625,0.636474609375,0.67254638671875
5.066454973,0.63409423828125,0.62750244140625,0.6822509765625
5.067447553,0.63153076171875,0.62750244140625,0.6822509765625
5.068499281,0.6192626953125,0.62750244140625,0.6822509765625
5.069494121,0.6243896484375,0.62750244140625,0.6822509765625
5.07049322,0.62200927734375,0.62750244140625,0.6822509765625
5.0714943560000005,0.63336181640625,0.6185302734375,0.69122314453125
5.072493603,0.61614990234375,0.6185302734375,0.69122314453125
5.073485443,0.618896484375,0.6185302734375,0.69122314453125
5.0744878380000005,0.6156005859375,0.6185302734375,0.69122314453125
5.075493067,0.61614990234375,0.6185302734375,0.69122314453125
5.076440518,0.6156005859375,0.60955810546875,0.70037841796875
5.0774371920000005,0.60662841796875,0.60955810546875,0.70037841796875
5.078491549000001,0.609375,0.60955810546875,0.70037841796875
5.079485833000001,0.60919189453125,0.60955810546875,0.70037841796875
5.080498006,0.611572265625,0.60955810546875,0.70037841796875
5.081486068,0.60919189453125,0.6005859375,0.70880126953125
5.082435205,0.60076904296875,0.6005859375,0.70880126953125
5.083485674,0.59637451171875,0.6005859375,0.70880126953125
5.084434292,0.5936279296875,0.6005859375,0.70880126953125
5.085492261000001,0.596923828125,0.6005859375,0.70880126953125
5.086502822,0.602783203125,0.59161376953125,0.69927978515625
5.087492514,0.59307861328125,0.59161376953125,0.69927978515625
5.088481576,0.59033203125,0.59161376953125,0.69927978515625
5.089492119,0.58465576171875,0.59161376953125,0.69927978515625
5.090429719,0.5899658203125,0.59161376953125,0.69927978515625
5.091434614000001,0.58941650390625,0.5826416015625,0.6903076171875
5.092484528,0.58355712890625,0.5826416015625,0.6903076171875
5.093484812000001,0.580810546875,0.5826416015625,0.6903076171875
5.094486151,0.57769775390625,0.5826416015625,0.6903076171875
5.095484806,0.580810546875,0.5826416015625,0.6903076171875
5.096484238,0.583740234375,0.573486328125,0.68133544921875
5.0974888190000005,0.57403564453125,0.573486328125,0.68133544921875
5.0984349920000005,0.5709228515625,0.573486328125,0.68133544921875
5.099476054,0.56817626953125,0.573486328125,0.68133544921875
5.1004813570000005,0.57403564453125,0.573486328125,0.68133544921875
5.101504974,0.57330322265625,0.56451416015625,0.67254638671875
5.102432037000001,0.56707763671875,0.56451416015625,0.67254638671875
5.103480839,0.5614013671875,0.56451416015625,0.67254638671875
5.104475215,0.5614013671875,0.56451416015625,0.67254638671875
5.105472592,0.56781005859375,0.56451416015625,0.67254638671875
5.106483358,0.56707763671875,0.5555419921875,0.66339111328125
5.107474401,0.55828857421875,0.5555419921875,0.66339111328125
5.108480926,0.55517578125,0.5555419921875,0.66339111328125
5.109478636,0.5518798828125,0.5555419921875,0.66339111328125
5.110479754,0.55517578125,0.5555419921875,0.66339111328125
5.111469297,0.55426025390625,0.54656982421875,0.6544189453125
5.112474581,0.5511474609375,0.54656982421875,0.6544189453125
5.113661863,0.545654296875,0.54656982421875,0.6544189453125
5.114478409,0.54583740234375,0.54656982421875,0.6544189453125
5.115428046,0.542724609375,0.54656982421875,0.6544189453125
5.116422089,0.545654296875,0.53759765625,0.64544677734375
5.117471650000001,0.53924560546875,0.53759765625,0.64544677734375
5.118480305,0.5361328125,0.53759765625,0.64544677734375
5.119472663000001,0.5361328125,0.53759765625,0.64544677734375
5.120472503,0.53302001953125,0.53759765625,0.64544677734375
5.121427565,0.5361328125,0.5284423828125,0.636474609375
5.1224272200000005,0.53009033203125,0.5284423828125,0.636474609375
5.123470096,0.52386474609375,0.5284423828125,0.636474609375
5.124481399,0.526611328125,0.5284423828125,0.636474609375
5.125477664,0.5299072265625,0.5284423828125,0.636474609375
5.126473023,0.526611328125,0.51947021484375,0.62750244140625
5.127480566,0.52349853515625,0.51947021484375,0.62750244140625
5.1284777020000005,0.52313232421875,0.51947021484375,0.62750244140625
5.129477431000001,0.5145263671875,0.51947021484375,0.62750244140625
5.130471548,0.5174560546875,0.51947021484375,0.62750244140625
5.131483962,0.5203857421875,0.510498046875,0.6185302734375
5.132477487,0.519287109375,0.510498046875,0.6185302734375
5.133470679,0.5079345703125,0.510498046875,0.6185302734375
5.134467648,0.51397705078125,0.510498046875,0.6185302734375
5.13552645,0.5079345703125,0.50225830078125,0.6185302734375
5.136471235,0.50482177734375,0.50225830078125,0.60955810546875
5.137470278,0.50482177734375,0.50225830078125,0.60955810546875
5.138474007,0.50445556640625,0.50225830078125,0.60955810546875
5.1394803840000005,0.501708984375,0.50225830078125,0.60955810546875
5.140468686,0.49859619140625,0.50225830078125,0.60955810546875
5.141467471,0.49859619140625,0.4925537109375,0.6005859375
5.1424823470000005,0.49530029296875,0.4925537109375,0.6005859375
5.143475705,0.48980712890625,0.4925537109375,0.6005859375
5.1444758230000005,0.4925537109375,0.4925537109375,0.6005859375
5.1454757550000005,0.48944091796875,0.4925537109375,0.6005859375
5.146475891000001,0.486328125,0.48358154296875,0.59161376953125
5.147471546,0.486328125,0.48358154296875,0.59161376953125
5.148471811,0.48046875,0.48358154296875,0.59161376953125
5.149534558,0.48321533203125,0.48358154296875,0.59161376953125
5.1506295820000005,0.4830322265625,0.47515869140625,0.59161376953125
5.151526997,0.4801025390625,0.47515869140625,0.5826416015625
5.15252417,0.476806640625,0.47515869140625,0.5826416015625
5.153521898,0.473876953125,0.47515869140625,0.5826416015625
5.154470905,0.476806640625,0.47515869140625,0.5826416015625
5.155517115,0.473876953125,0.47515869140625,0.5826416015625
5.156516103,0.47369384765625,0.4654541015625,0.573486328125
5.157526183,0.47076416015625,0.4654541015625,0.573486328125
5.15852043,0.46197509765625,0.4654541015625,0.573486328125
5.159473141,0.462158203125,0.4654541015625,0.573486328125
5.160516499,0.46453857421875,0.4654541015625,0.573486328125
5.161515801,0.4676513671875,0.45648193359375,0.56451416015625
5.162519197,0.45849609375,0.45648193359375,0.56451416015625
5.16352261,0.45831298828125,0.45648193359375,0.56451416015625
5.164524913,0.45849609375,0.45648193359375,0.56451416015625
5.165470587000001,0.45263671875,0.45648193359375,0.56451416015625
5.166508982,0.45831298828125,0.447509765625,0.5555419921875
5.167512692,0.446044921875,0.447509765625,0.5555419921875
5.168520902,0.44677734375,0.447509765625,0.5555419921875
5.169510519,0.446044921875,0.447509765625,0.5555419921875
5.170510137,0.44384765625,0.447509765625,0.5555419921875
5.171527587,0.4493408203125,0.45062255859375,0.54656982421875
5.172509705,0.4522705078125,0.45062255859375,0.54656982421875
5.17370145,0.4493408203125,0.45062255859375,0.54656982421875
5.174510107000001,0.45538330078125,0.45062255859375,0.54656982421875
5.175457743,0.44915771484375,0.45062255859375,0.54656982421875
5.176465768,0.451904296875,0.45703125,0.53759765625
5.177508941,0.44915771484375,0.45703125,0.53759765625
5.178509947,0.457763671875,0.45703125,0.53759765625
5.179508435000001,0.45501708984375,0.45703125,0.53759765625
5.180507497000001,0.457763671875,0.45703125,0.53759765625
5.181505818000001,0.45465087890625,0.45904541015625,0.5284423828125
5.182514547,0.4603271484375,0.45904541015625,0.5284423828125
5.1835098120000005,0.4515380859375,0.45904541015625,0.5284423828125
5.184509485,0.45721435546875,0.45904541015625,0.5284423828125
5.185507547,0.4603271484375,0.45904541015625,0.5284423828125
5.186463388,0.4573974609375,0.451171875,0.51947021484375
5.187454765,0.4515380859375,0.451171875,0.51947021484375
5.188513085,0.44549560546875,0.451171875,0.51947021484375
5.189512851,0.45135498046875,0.451171875,0.51947021484375
5.190509857,0.45428466796875,0.451171875,0.51947021484375
5.19150966,0.44549560546875,0.44970703125,0.510498046875
5.192514351000001,0.45135498046875,0.44970703125,0.510498046875
5.193513395,0.45428466796875,0.44970703125,0.510498046875
5.194514031000001,0.45135498046875,0.44970703125,0.510498046875
5.195506,0.451171875,0.44970703125,0.510498046875
5.196513358000001,0.45428466796875,0.44696044921875,0.50225830078125
5.197459236,0.44842529296875,0.44696044921875,0.50225830078125
5.198505612,0.44549560546875,0.44696044921875,0.50225830078125
5.199504841,0.4453125,0.44696044921875,0.50225830078125
5.200507088,0.44219970703125,0.44696044921875,0.50225830078125
5.201510853,0.44805908203125,0.4434814453125,0.4925537109375
5.2025140080000005,0.4453125,0.4434814453125,0.4925537109375
5.203520866,0.43927001953125,0.4434814453125,0.4925537109375
5.2044922620000005,0.44512939453125,0.4434814453125,0.4925537109375
5.205449324,0.44219970703125,0.4434814453125,0.4925537109375
5.2064512380000005,0.44805908203125,0.4423828125,0.48358154296875
5.207492855,0.4423828125,0.4423828125,0.48358154296875
5.208496491,0.4420166015625,0.4423828125,0.48358154296875
5.209495997,0.44219970703125,0.4423828125,0.48358154296875
5.210494226000001,0.44219970703125,0.4423828125,0.48358154296875
5.211443011,0.44219970703125,0.4493408203125,0.47515869140625
5.212491905,0.44512939453125,0.4493408203125,0.47515869140625
5.213493078,0.45355224609375,0.4493408203125,0.47515869140625
5.214490122,0.4537353515625,0.4493408203125,0.47515869140625
5.215490332,0.45062255859375,0.4493408203125,0.47515869140625
5.216489912,0.4478759765625,0.4530029296875,0.4654541015625
5.217499715000001,0.45098876953125,0.4530029296875,0.4654541015625
5.218494407000001,0.4537353515625,0.4530029296875,0.4654541015625
5.219482432,0.4537353515625,0.4530029296875,0.4654541015625
5.220493901,0.45648193359375,0.4530029296875,0.4654541015625
5.221493148,0.45098876953125,0.45281982421875,0.45648193359375
5.2224906540000005,0.44805908203125,0.45281982421875,0.45648193359375
5.223506901,0.4537353515625,0.45281982421875,0.45648193359375
5.224497019,0.4508056640625,0.45281982421875,0.45648193359375
5.22560332,0.4508056640625,0.45135498046875,0.45648193359375
5.226490161,0.4508056640625,0.45135498046875,0.447509765625
5.227495242000001,0.4537353515625,0.45135498046875,0.447509765625
5.228480934,0.44805908203125,0.45135498046875,0.447509765625
5.2294419780000005,0.44805908203125,0.45135498046875,0.447509765625
5.230491983,0.4449462890625,0.45135498046875,0.447509765625
5.23148286,0.44769287109375,0.4581298828125,0.45062255859375
5.232489218,0.45355224609375,0.4581298828125,0.45062255859375
5.233489317,0.45648193359375,0.4581298828125,0.45062255859375
5.2344830270000005,0.4595947265625,0.4581298828125,0.45062255859375
5.235486219,0.4595947265625,0.4581298828125,0.45062255859375
5.236491077,0.459228515625,0.46014404296875,0.45703125
5.237489195,0.4595947265625,0.46014404296875,0.45703125
5.238432887,0.45648193359375,0.46014404296875,0.45703125
5.239451208,0.45648193359375,0.46014404296875,0.45703125
5.240487677,0.459228515625,0.46014404296875,0.45703125
5.241478035,0.4654541015625,0.4691162109375,0.45904541015625
5.242484042,0.4683837890625,0.4691162109375,0.45904541015625
5.243616139,0.47113037109375,0.4691162109375,0.45904541015625
5.244484795,0.47113037109375,0.4691162109375,0.45904541015625
5.245487505,0.473876953125,0.4691162109375,0.45904541015625
5.246478678,0.46527099609375,0.46820068359375,0.451171875
5.247469963,0.4625244140625,0.46820068359375,0.451171875
5.248488654,0.470947265625,0.46820068359375,0.451171875
5.249477179,0.47113037109375,0.46820068359375,0.451171875
5.250489389,0.46820068359375,0.46820068359375,0.451171875
5.251425803,0.47113037109375,0.4749755859375,0.44970703125
5.252442699,0.470947265625,0.4749755859375,0.44970703125
5.253479834,0.4771728515625,0.4749755859375,0.44970703125
5.254421175,0.4742431640625,0.4749755859375,0.44970703125
5.255572624,0.4742431640625,0.4735107421875,0.44970703125
5.256477483,0.473876953125,0.4735107421875,0.44696044921875
5.2574728230000005,0.473876953125,0.4735107421875,0.44696044921875
5.258474792,0.4742431640625,0.4735107421875,0.44696044921875
5.259425577,0.4683837890625,0.4735107421875,0.44696044921875
5.260470027,0.47113037109375,0.4735107421875,0.44696044921875
5.261476959,0.4742431640625,0.46783447265625,0.4434814453125
5.262471781,0.47113037109375,0.46783447265625,0.4434814453125
5.263479472,0.46527099609375,0.46783447265625,0.4434814453125
5.264468256000001,0.46527099609375,0.46783447265625,0.4434814453125
5.265477855,0.4683837890625,0.46783447265625,0.4434814453125
5.266479751,0.47113037109375,0.473876953125,0.4423828125
5.267478127,0.4713134765625,0.473876953125,0.4423828125
5.268470300000001,0.47406005859375,0.473876953125,0.4423828125
5.269482159,0.4713134765625,0.473876953125,0.4423828125
5.270469332,0.47698974609375,0.473876953125,0.4423828125
5.271479449,0.47406005859375,0.470947265625,0.4493408203125
5.272481326,0.4713134765625,0.470947265625,0.4493408203125
5.273471869000001,0.4713134765625,0.470947265625,0.4493408203125
5.274479357000001,0.47113037109375,0.470947265625,0.4493408203125
5.275470734000001,0.4683837890625,0.470947265625,0.4493408203125
5.276471648,0.4683837890625,0.4757080078125,0.4530029296875
5.277461617,0.4742431640625,0.4757080078125,0.4530029296875
5.278468698,0.47698974609375,0.4757080078125,0.4530029296875
5.279472445000001,0.47406005859375,0.4757080078125,0.4530029296875
5.280470451,0.47406005859375,0.4757080078125,0.4530029296875
5.2814685500000005,0.47991943359375,0.48468017578125,0.45281982421875
5.282470631000001,0.47698974609375,0.48468017578125,0.45281982421875
5.2834715260000005,0.4888916015625,0.48468017578125,0.45281982421875
5.284480254,0.4888916015625,0.48468017578125,0.45281982421875
5.285475761,0.482666015625,0.48468017578125,0.45281982421875
5.286472397000001,0.47991943359375,0.48486328125,0.45135498046875
5.287477681,0.4859619140625,0.48486328125,0.45135498046875
5.2884706690000005,0.4830322265625,0.48486328125,0.45135498046875
5.289470694,0.4830322265625,0.48486328125,0.45135498046875
5.290470182,0.4859619140625,0.48486328125,0.45135498046875
5.291471392,0.48614501953125,0.48797607421875,0.4581298828125
5.292468787000001,0.4859619140625,0.48797607421875,0.4581298828125
5.293517608,0.4918212890625,0.48797607421875,0.4581298828125
5.2944704300000005,0.49163818359375,0.48797607421875,0.4581298828125
5.295516639000001,0.48907470703125,0.48797607421875,0.4581298828125
5.296515553,0.4888916015625,0.49530029296875,0.46014404296875
5.29751067,0.4918212890625,0.49530029296875,0.46014404296875
5.298510955,0.50042724609375,0.49530029296875,0.46014404296875
5.299514479,0.49749755859375,0.49530029296875,0.46014404296875
5.300468449,0.4918212890625,0.49530029296875,0.46014404296875
5.3015138440000005,0.4947509765625,0.5042724609375,0.4691162109375
5.302512517,0.50079345703125,0.5042724609375,0.4691162109375
5.303518672,0.50665283203125,0.5042724609375,0.4691162109375
5.304512160000001,0.50921630859375,0.5042724609375,0.4691162109375
5.305469278,0.50372314453125,0.5042724609375,0.4691162109375
5.306462747,0.50665283203125,0.51324462890625,0.46820068359375
5.307457624,0.50921630859375,0.51324462890625,0.46820068359375
5.308464315,0.5152587890625,0.51324462890625,0.46820068359375
5.309511877,0.51507568359375,0.51324462890625,0.46820068359375
5.310509605,0.51214599609375,0.51324462890625,0.46820068359375
5.311507075000001,0.51214599609375,0.50537109375,0.4749755859375
5.312506859,0.5093994140625,0.50537109375,0.4749755859375
5.31350781,0.49749755859375,0.50537109375,0.4749755859375
5.314517075,0.50665283203125,0.50537109375,0.4749755859375
5.315509748,0.5093994140625,0.50537109375,0.4749755859375
5.316507718,0.50665283203125,0.5145263671875,0.4735107421875
5.317507354,0.50665283203125,0.5145263671875,0.4735107421875
5.318510805,0.51507568359375,0.5145263671875,0.4735107421875
5.319461756,0.5123291015625,0.5145263671875,0.4735107421875
5.3205198540000005,0.515625,0.5145263671875,0.4735107421875
5.321505972000001,0.51507568359375,0.5130615234375,0.46783447265625
5.322460146,0.51507568359375,0.5130615234375,0.46783447265625
5.323505374000001,0.5123291015625,0.5130615234375,0.46783447265625
5.32449975,0.5093994140625,0.5130615234375,0.46783447265625
5.325463776,0.5093994140625,0.5130615234375,0.46783447265625
5.326511078,0.5123291015625,0.51947021484375,0.473876953125
5.327504751,0.51507568359375,0.51947021484375,0.473876953125
5.328505295,0.52423095703125,0.51947021484375,0.473876953125
5.329511060000001,0.51837158203125,0.51947021484375,0.473876953125
5.330502344,0.51800537109375,0.51947021484375,0.473876953125
5.331504703,0.51800537109375,0.51708984375,0.470947265625
5.3325001720000005,0.52130126953125,0.51708984375,0.470947265625
5.3335054930000005,0.5123291015625,0.51708984375,0.470947265625
5.334500666,0.51507568359375,0.51708984375,0.470947265625
5.3354997840000005,0.51507568359375,0.51708984375,0.470947265625
5.336450957,0.51507568359375,0.516357421875,0.4757080078125
5.3374500010000006,0.51507568359375,0.516357421875,0.4757080078125
5.338494433,0.52130126953125,0.516357421875,0.4757080078125
5.3395056610000005,0.51507568359375,0.516357421875,0.4757080078125
5.340504482,0.51507568359375,0.516357421875,0.4757080078125
5.34144736,0.51507568359375,0.5174560546875,0.48468017578125
5.342497366,0.51837158203125,0.5174560546875,0.48468017578125
5.343499594,0.51507568359375,0.5174560546875,0.48468017578125
5.344498971,0.52423095703125,0.5174560546875,0.48468017578125
5.345498903,0.51837158203125,0.5174560546875,0.48468017578125
5.3464462070000005,0.51507568359375,0.52093505859375,0.48486328125
5.347496231,0.51837158203125,0.52093505859375,0.48486328125
5.348496571,0.52130126953125,0.52093505859375,0.48486328125
5.349451837,0.52130126953125,0.52093505859375,0.48486328125
5.3504820650000005,0.52130126953125,0.52203369140625,0.48486328125
5.351491645,0.52423095703125,0.52203369140625,0.48797607421875
5.352442338,0.52423095703125,0.52203369140625,0.48797607421875
5.353492621,0.52130126953125,0.52203369140625,0.48797607421875
5.354443128000001,0.52130126953125,0.52203369140625,0.48797607421875
5.355490726,0.52423095703125,0.52203369140625,0.48797607421875
5.356500066000001,0.52130126953125,0.52386474609375,0.49530029296875
5.357487943000001,0.52423095703125,0.52386474609375,0.49530029296875
5.358440913,0.52423095703125,0.52386474609375,0.49530029296875
5.359485308,0.5299072265625,0.52386474609375,0.49530029296875
5.360494184,0.52716064453125,0.52386474609375,0.49530029296875
5.36143534,0.52423095703125,0.52569580078125,0.5042724609375
5.362489808,0.52716064453125,0.52569580078125,0.5042724609375
5.363490185,0.52423095703125,0.52569580078125,0.5042724609375
5.3644945250000005,0.52716064453125,0.52569580078125,0.5042724609375
5.36549329,0.52423095703125,0.52569580078125,0.5042724609375
5.366436001,0.52423095703125,0.5167236328125,0.51324462890625
5.367490229,0.51507568359375,0.5167236328125,0.51324462890625
5.368486735,0.51507568359375,0.5167236328125,0.51324462890625
5.369436187000001,0.51507568359375,0.5167236328125,0.51324462890625
5.37058284,0.515625,0.50848388671875,0.51324462890625
5.37149031,0.5123291015625,0.50848388671875,0.50537109375
5.372486391000001,0.5093994140625,0.50848388671875,0.50537109375
5.373490971,0.5093994140625,0.50848388671875,0.50537109375
5.374492385,0.50390625,0.50848388671875,0.50537109375
5.375474706,0.50665283203125,0.50848388671875,0.50537109375
5.376438713000001,0.51214599609375,0.498779296875,0.5145263671875
5.377480571,0.50665283203125,0.498779296875,0.5145263671875
5.378476466,0.5009765625,0.498779296875,0.5145263671875
5.379488732,0.49163818359375,0.498779296875,0.5145263671875
5.38043022,0.49749755859375,0.498779296875,0.5145263671875
5.381431023,0.5009765625,0.4896240234375,0.5130615234375
5.382493399,0.4921875,0.4896240234375,0.5130615234375
5.3834863870000005,0.4888916015625,0.4896240234375,0.5130615234375
5.3844308750000005,0.4859619140625,0.4896240234375,0.5130615234375
5.385484955,0.4888916015625,0.4896240234375,0.5130615234375
5.38647511,0.48614501953125,0.4808349609375,0.51947021484375
5.387426858,0.47735595703125,0.4808349609375,0.51947021484375
5.3884798080000005,0.48028564453125,0.4808349609375,0.51947021484375
5.389478018,0.4775390625,0.4808349609375,0.51947021484375
5.3905370050000005,0.48321533203125,0.472412109375,0.51947021484375
5.391478679,0.48028564453125,0.472412109375,0.51708984375
5.392478019,0.47735595703125,0.472412109375,0.51708984375
5.393484155,0.4713134765625,0.472412109375,0.51708984375
5.3944782170000005,0.4683837890625,0.472412109375,0.51708984375
5.395482353,0.4683837890625,0.472412109375,0.51708984375
5.3964277670000005,0.4683837890625,0.462890625,0.516357421875
5.397476662,0.4713134765625,0.462890625,0.516357421875
5.398469983,0.4654541015625,0.462890625,0.516357421875
5.399427953,0.45391845703125,0.462890625,0.516357421875
5.400424367,0.45977783203125,0.462890625,0.516357421875
5.401468039,0.4595947265625,0.45391845703125,0.5174560546875
5.402422879,0.45391845703125,0.45391845703125,0.5174560546875
5.403471219,0.451171875,0.45391845703125,0.5174560546875
5.404467503,0.45062255859375,0.45391845703125,0.5174560546875
5.405467028,0.45391845703125,0.45391845703125,0.5174560546875
5.4064694410000005,0.4478759765625,0.44476318359375,0.52093505859375
5.407468059,0.45391845703125,0.44476318359375,0.52093505859375
5.408462195,0.4478759765625,0.44476318359375,0.52093505859375
5.409463905,0.4478759765625,0.44476318359375,0.52093505859375
5.410642576,0.44219970703125,0.4361572265625,0.52093505859375
5.411477121,0.44512939453125,0.4361572265625,0.52203369140625
5.41246935,0.44219970703125,0.4361572265625,0.52203369140625
5.413475264000001,0.43341064453125,0.4361572265625,0.52203369140625
5.414478048,0.43927001953125,0.4361572265625,0.52203369140625
5.415479536,0.43341064453125,0.4361572265625,0.52203369140625
5.416474783,0.43634033203125,0.42681884765625,0.52386474609375
5.417468919,0.43341064453125,0.42681884765625,0.52386474609375
5.4184675,0.427734375,0.42681884765625,0.52386474609375
5.419473524000001,0.427734375,0.42681884765625,0.52386474609375
5.420477549,0.4248046875,0.42681884765625,0.52386474609375
5.421470537,0.4248046875,0.41766357421875,0.52569580078125
5.422490025,0.41290283203125,0.41766357421875,0.52569580078125
5.423470161,0.41876220703125,0.41766357421875,0.52569580078125
5.4244778160000005,0.41583251953125,0.41766357421875,0.52569580078125
5.42546497,0.416015625,0.41766357421875,0.52569580078125
5.426476421,0.416015625,0.40887451171875,0.5167236328125
5.427462687,0.4130859375,0.40887451171875,0.5167236328125
5.4284751380000005,0.4130859375,0.40887451171875,0.5167236328125
5.429470311,0.404296875,0.40887451171875,0.5167236328125
5.4304706320000005,0.40997314453125,0.40887451171875,0.5167236328125
5.431464861,0.40997314453125,0.39990234375,0.50848388671875
5.432470719,0.404296875,0.39990234375,0.50848388671875
5.433515817,0.40118408203125,0.39990234375,0.50848388671875
5.434466713,0.39532470703125,0.39990234375,0.50848388671875
5.4355197,0.39532470703125,0.39990234375,0.50848388671875
5.436518188,0.39532470703125,0.3907470703125,0.498779296875
5.437516287,0.392578125,0.3907470703125,0.498779296875
5.438534219,0.3896484375,0.3907470703125,0.498779296875
5.439523189,0.3896484375,0.3907470703125,0.498779296875
5.440459751000001,0.3896484375,0.3907470703125,0.498779296875
5.441516276000001,0.3896484375,0.38177490234375,0.4896240234375
5.442515023,0.38671875,0.38177490234375,0.4896240234375
5.44352077,0.3837890625,0.38177490234375,0.4896240234375
5.444523313,0.3720703125,0.38177490234375,0.4896240234375
5.445517209,0.380859375,0.38177490234375,0.4896240234375
5.446513734000001,0.3804931640625,0.372802734375,0.4808349609375
5.44752174,0.3804931640625,0.372802734375,0.4808349609375
5.448512061000001,0.37188720703125,0.372802734375,0.4808349609375
5.449512271000001,0.3662109375,0.372802734375,0.4808349609375
5.450511685,0.3720703125,0.372802734375,0.4808349609375
5.451520784,0.3720703125,0.36383056640625,0.472412109375
5.452516642,0.37188720703125,0.36383056640625,0.472412109375
5.453508482,0.36016845703125,0.36383056640625,0.472412109375
5.45445923,0.35430908203125,0.36383056640625,0.472412109375
5.455469255000001,0.36016845703125,0.36383056640625,0.472412109375
5.456505261,0.36016845703125,0.3548583984375,0.462890625
5.457505341,0.35723876953125,0.3548583984375,0.462890625
5.458511736,0.35430908203125,0.3548583984375,0.462890625
5.4595038350000005,0.35137939453125,0.3548583984375,0.462890625
5.460513101,0.35137939453125,0.3548583984375,0.462890625
5.4614557370000005,0.35430908203125,0.345703125,0.45391845703125
5.46245367,0.345703125,0.345703125,0.45391845703125
5.463507768,0.33984375,0.345703125,0.45391845703125
5.464499386,0.34552001953125,0.345703125,0.45391845703125
5.465499207000001,0.34552001953125,0.345703125,0.45391845703125
5.466499843,0.34295654296875,0.33673095703125,0.44476318359375
5.467504757,0.34002685546875,0.33673095703125,0.44476318359375
5.46850867,0.33709716796875,0.33673095703125,0.44476318359375
5.469451641,0.333984375,0.33673095703125,0.44476318359375
5.470604423,0.33087158203125,0.32830810546875,0.44476318359375
5.471512282,0.33709716796875,0.32830810546875,0.4361572265625
5.472502011,0.328125,0.32830810546875,0.4361572265625
5.473502906,0.3251953125,0.32830810546875,0.4361572265625
5.4745008760000005,0.3251953125,0.32830810546875,0.4361572265625
5.475496049,0.33087158203125,0.32830810546875,0.4361572265625
5.476501333,0.3251953125,0.318603515625,0.42681884765625
5.47745034,0.3251953125,0.318603515625,0.42681884765625
5.478501734,0.31640625,0.318603515625,0.42681884765625
5.479490408,0.31365966796875,0.318603515625,0.42681884765625
5.48049621,0.31640625,0.318603515625,0.42681884765625
5.481446088,0.31640625,0.30926513671875,0.41766357421875
5.482505853,0.30743408203125,0.30926513671875,0.41766357421875
5.483500544,0.310546875,0.30926513671875,0.41766357421875
5.484498514,0.30450439453125,0.30926513671875,0.41766357421875
5.485497927,0.31072998046875,0.30926513671875,0.41766357421875
5.486500693,0.30743408203125,0.30047607421875,0.40887451171875
5.487497922,0.30743408203125,0.30047607421875,0.40887451171875
5.4884429290000005,0.298828125,0.30047607421875,0.40887451171875
5.48944362,0.298828125,0.30047607421875,0.40887451171875
5.490492941,0.2958984375,0.30047607421875,0.40887451171875
5.49149241,0.3017578125,0.29150390625,0.39990234375
5.492492287,0.2958984375,0.29150390625,0.39990234375
5.493629051,0.29315185546875,0.29150390625,0.39990234375
5.494487763,0.28985595703125,0.29150390625,0.39990234375
5.495491251000001,0.2841796875,0.29150390625,0.39990234375
5.496441961,0.2904052734375,0.28253173828125,0.3907470703125
5.497435449,0.28125,0.28253173828125,0.3907470703125
5.498492955000001,0.2841796875,0.28253173828125,0.3907470703125
5.4994967390000005,0.28125,0.28253173828125,0.3907470703125
5.500487394,0.287109375,0.28253173828125,0.3907470703125
5.501487956,0.28125,0.2735595703125,0.38177490234375
5.5024881290000005,0.27850341796875,0.2735595703125,0.38177490234375
5.503489876000001,0.27264404296875,0.2735595703125,0.38177490234375
5.5044895490000005,0.27264404296875,0.2735595703125,0.38177490234375
5.50548687,0.27264404296875,0.2735595703125,0.38177490234375
5.506495117,0.27557373046875,0.26458740234375,0.372802734375
5.507486605,0.26971435546875,0.26458740234375,0.372802734375
5.508482686000001,0.2607421875,0.26458740234375,0.372802734375
5.509482525,0.2640380859375,0.26458740234375,0.372802734375
5.510481476000001,0.27264404296875,0.26458740234375,0.372802734375
5.511482649,0.2607421875,0.255615234375,0.36383056640625
5.51248273,0.2607421875,0.255615234375,0.36383056640625
5.513622068,0.25506591796875,0.255615234375,0.36383056640625
5.51449102,0.251953125,0.255615234375,0.36383056640625
5.5154302490000005,0.25506591796875,0.255615234375,0.36383056640625
5.516477848,0.25506591796875,0.24664306640625,0.3548583984375
5.517484410000001,0.24920654296875,0.24664306640625,0.3548583984375
5.5184804530000005,0.24298095703125,0.24664306640625,0.3548583984375
5.519479256,0.24041748046875,0.24664306640625,0.3548583984375
5.520472096000001,0.24298095703125,0.24664306640625,0.3548583984375
5.5214732500000006,0.2490234375,0.23748779296875,0.345703125
5.522479294,0.240234375,0.23748779296875,0.345703125
5.523484522,0.23455810546875,0.23748779296875,0.345703125
5.524425529,0.23748779296875,0.23748779296875,0.345703125
5.525480202000001,0.2314453125,0.23748779296875,0.345703125
5.526477578000001,0.23748779296875,0.228515625,0.33673095703125
5.52748077,0.23455810546875,0.228515625,0.33673095703125
5.528474851,0.22576904296875,0.228515625,0.33673095703125
5.529470246000001,0.22869873046875,0.228515625,0.33673095703125
5.530428919,0.23162841796875,0.228515625,0.33673095703125
5.5314315370000005,0.22576904296875,0.21954345703125,0.32830810546875
5.532472413000001,0.2200927734375,0.21954345703125,0.32830810546875
5.533473105000001,0.2200927734375,0.21954345703125,0.32830810546875
5.534469704,0.21405029296875,0.21954345703125,0.32830810546875
5.535472284,0.21697998046875,0.21954345703125,0.32830810546875
5.536470346000001,0.2200927734375,0.21038818359375,0.318603515625
5.537469501,0.21405029296875,0.21038818359375,0.318603515625
5.538468766,0.21112060546875,0.21038818359375,0.318603515625
5.539420199,0.20526123046875,0.21038818359375,0.318603515625
5.540477464,0.20819091796875,0.21038818359375,0.318603515625
5.5414674150000005,0.21405029296875,0.20123291015625,0.30926513671875
5.5424318480000005,0.20526123046875,0.20123291015625,0.30926513671875
5.543469224,0.1995849609375,0.20123291015625,0.30926513671875
5.544467286000001,0.1962890625,0.20123291015625,0.30926513671875
5.5454669590000005,0.20526123046875,0.20123291015625,0.30926513671875
5.546465614000001,0.1995849609375,0.19244384765625,0.30047607421875
5.547467324,0.1966552734375,0.19244384765625,0.30047607421875
5.548468275,0.19061279296875,0.19244384765625,0.30047607421875
5.5494682630000005,0.1904296875,0.19244384765625,0.30047607421875
5.550525713,0.1962890625,0.1842041015625,0.30047607421875
5.551465312,0.1878662109375,0.1842041015625,0.29150390625
5.55246506,0.1878662109375,0.1842041015625,0.29150390625
5.553467196000001,0.17596435546875,0.1842041015625,0.29150390625
5.5544669980000005,0.1820068359375,0.1842041015625,0.29150390625
5.555576448,0.1820068359375,0.175048828125,0.29150390625
5.556471492,0.1820068359375,0.175048828125,0.28253173828125
5.557464425,0.1732177734375,0.175048828125,0.28253173828125
5.558462598,0.1732177734375,0.175048828125,0.28253173828125
5.559472734,0.1728515625,0.175048828125,0.28253173828125
5.560477981,0.1728515625,0.175048828125,0.28253173828125
5.561476284,0.1728515625,0.1651611328125,0.2735595703125
5.562482271,0.16717529296875,0.1651611328125,0.2735595703125
5.563657072000001,0.1614990234375,0.1651611328125,0.2735595703125
5.5644691360000005,0.1614990234375,0.1651611328125,0.2735595703125
5.565475513,0.169921875,0.1651611328125,0.2735595703125
5.566472093000001,0.1614990234375,0.1563720703125,0.26458740234375
5.567469007000001,0.16424560546875,0.1563720703125,0.26458740234375
5.568474421,0.1585693359375,0.1563720703125,0.26458740234375
5.569465113000001,0.14959716796875,0.1563720703125,0.26458740234375
5.570466175,0.15234375,0.1563720703125,0.26458740234375
5.571467051,0.1556396484375,0.14739990234375,0.255615234375
5.5724651320000005,0.15289306640625,0.14739990234375,0.255615234375
5.573514823,0.15289306640625,0.14739990234375,0.255615234375
5.574475441000001,0.14666748046875,0.14739990234375,0.255615234375
5.575576224000001,0.1409912109375,0.13897705078125,0.255615234375
5.576519009,0.1409912109375,0.13897705078125,0.24664306640625
5.577513219,0.1409912109375,0.13897705078125,0.24664306640625
5.578523318,0.1380615234375,0.13897705078125,0.24664306640625
5.579517898000001,0.1380615234375,0.13897705078125,0.24664306640625
5.580516553000001,0.13787841796875,0.13897705078125,0.24664306640625
5.581462523,0.1351318359375,0.12908935546875,0.23748779296875
5.582522806,0.13238525390625,0.12908935546875,0.23748779296875
5.583524275,0.12652587890625,0.12908935546875,0.23748779296875
5.584521763000001,0.1204833984375,0.12908935546875,0.23748779296875
5.585515974000001,0.12615966796875,0.12908935546875,0.23748779296875
5.586515332,0.12945556640625,0.12030029296875,0.228515625
5.587512023,0.12615966796875,0.12030029296875,0.228515625
5.588460401,0.1204833984375,0.12030029296875,0.228515625
5.589506314,0.1116943359375,0.12030029296875,0.228515625
5.590508654000001,0.1175537109375,0.12030029296875,0.228515625
5.591504438,0.1146240234375,0.111328125,0.21954345703125
5.592505500000001,0.1146240234375,0.111328125,0.21954345703125
5.593645338,0.10601806640625,0.111328125,0.21954345703125
5.594508476000001,0.1116943359375,0.111328125,0.21954345703125
5.595613407,0.1087646484375,0.1029052734375,0.21954345703125
5.596460674,0.10601806640625,0.1029052734375,0.21038818359375
5.5975079580000004,0.106201171875,0.1029052734375,0.21038818359375
5.598504946,0.09686279296875,0.1029052734375,0.21038818359375
5.599502452,0.0999755859375,0.1029052734375,0.21038818359375
5.600509069,0.0999755859375,0.0941162109375,0.21038818359375
5.601454225,0.0999755859375,0.0941162109375,0.20123291015625
5.602501027000001,0.09429931640625,0.0941162109375,0.20123291015625
5.60350107,0.0941162109375,0.0941162109375,0.20123291015625
5.604497817,0.08843994140625,0.0941162109375,0.20123291015625
5.605589582,0.0941162109375,0.0849609375,0.20123291015625
5.6065192,0.0941162109375,0.0849609375,0.19244384765625
5.6074956700000005,0.08551025390625,0.0849609375,0.19244384765625
5.608496806000001,0.08258056640625,0.0849609375,0.19244384765625
5.6094589610000005,0.08258056640625,0.0849609375,0.19244384765625
5.610493078,0.08551025390625,0.0849609375,0.19244384765625
5.611509880000001,0.08843994140625,0.07525634765625,0.1842041015625
5.6124991280000005,0.0765380859375,0.07525634765625,0.1842041015625
5.613493949,0.0765380859375,0.07525634765625,0.1842041015625
5.6144996780000005,0.0706787109375,0.07525634765625,0.1842041015625
5.615447833,0.0736083984375,0.07525634765625,0.1842041015625
5.616448154,0.0736083984375,0.0662841796875,0.175048828125
5.6174910670000004,0.06793212890625,0.0662841796875,0.175048828125
5.618496888,0.06793212890625,0.0662841796875,0.175048828125
5.619501321,0.06500244140625,0.0662841796875,0.175048828125
5.620499753000001,0.06207275390625,0.0662841796875,0.175048828125
5.62144589,0.06793212890625,0.05712890625,0.1651611328125
5.622493358000001,0.06207275390625,0.05712890625,0.1651611328125
5.623495791,0.05328369140625,0.05712890625,0.1651611328125
5.624492427,0.05328369140625,0.05712890625,0.1651611328125
5.625492137,0.05914306640625,0.05712890625,0.1651611328125
5.626493162,0.05328369140625,0.04815673828125,0.1563720703125
5.627449298,0.04742431640625,0.04815673828125,0.1563720703125
5.628490804,0.05035400390625,0.04815673828125,0.1563720703125
5.629493292,0.04742431640625,0.04815673828125,0.1563720703125
5.630492169,0.05035400390625,0.04815673828125,0.1563720703125
5.631441657,0.05035400390625,0.0391845703125,0.14739990234375
5.632489348,0.03863525390625,0.0391845703125,0.14739990234375
5.6334973360000005,0.03863525390625,0.0391845703125,0.14739990234375
5.634489954,0.0355224609375,0.0391845703125,0.14739990234375
5.635495941,0.03863525390625,0.0391845703125,0.14739990234375
5.636484226,0.03863525390625,0.03021240234375,0.13897705078125
5.637499732,0.02984619140625,0.03021240234375,0.13897705078125
5.638493738,0.0296630859375,0.03021240234375,0.13897705078125
5.639432708,0.02691650390625,0.03021240234375,0.13897705078125
5.640487029,0.0325927734375,0.03021240234375,0.13897705078125
5.641492258,0.02984619140625,0.021240234375,0.12908935546875
5.642489005000001,0.02398681640625,0.021240234375,0.12908935546875
5.643495548000001,0.021240234375,0.021240234375,0.12908935546875
5.644436592,0.021240234375,0.021240234375,0.12908935546875
5.6454956350000005,0.018310546875,0.021240234375,0.12908935546875
5.646484271,0.01519775390625,0.01226806640625,0.12030029296875
5.647490888,0.01519775390625,0.01226806640625,0.12030029296875
5.648493932,0.01263427734375,0.01226806640625,0.12030029296875
5.649484753,0.00970458984375,0.01226806640625,0.12030029296875
5.650481148,0.00677490234375,0.01226806640625,0.12030029296875
5.6514825250000005,0.012451171875,0.0032958984375,0.111328125
5.652485606,0.00677490234375,0.0032958984375,0.111328125
5.653615388,0.000732421875,0.0032958984375,0.111328125
5.6544817300000005,0.00347900390625,0.0032958984375,0.111328125
5.655480699,0.00347900390625,0.0032958984375,0.111328125
5.656436502,0.00677490234375,-0.00567626953125,0.1029052734375
5.657430083,-0.00531005859375,-0.00567626953125,0.1029052734375
5.658484033000001,-0.00823974609375,-0.00567626953125,0.1029052734375
5.659483150000001,-0.00823974609375,-0.00567626953125,0.1029052734375
5.660578174,-0.00531005859375,-0.01409912109375,0.1029052734375
5.661428775,-0.00823974609375,-0.01409912109375,0.0941162109375
5.66242493,-0.010986328125,-0.01409912109375,0.0941162109375
5.663489806,-0.013916015625,-0.01409912109375,0.0941162109375
5.664488942,-0.019775390625,-0.01409912109375,0.0941162109375
5.665476744,-0.010986328125,-0.01409912109375,0.0941162109375
5.6664324740000005,-0.01666259765625,-0.02362060546875,0.0849609375
5.667486146,-0.019775390625,-0.02362060546875,0.0849609375
5.668482412,-0.025634765625,-0.02362060546875,0.0849609375
5.669475974,-0.028564453125,-0.02362060546875,0.0849609375
5.670473962,-0.025634765625,-0.02362060546875,0.0849609375
5.671477172,-0.025634765625,-0.0325927734375,0.07525634765625
5.672478826,-0.028564453125,-0.0325927734375,0.07525634765625
5.673660534000001,-0.031494140625,-0.0325927734375,0.07525634765625
5.674472876,-0.034423828125,-0.0325927734375,0.07525634765625
5.675470568000001,-0.03717041015625,-0.0325927734375,0.07525634765625
5.676473389,-0.031494140625,-0.04156494140625,0.0662841796875
5.677415155,-0.03717041015625,-0.04156494140625,0.0662841796875
5.678475124,-0.04339599609375,-0.04156494140625,0.0662841796875
5.679472130000001,-0.04339599609375,-0.04156494140625,0.0662841796875
5.680470414,-0.04339599609375,-0.04156494140625,0.0662841796875
5.681469532,-0.04046630859375,-0.050537109375,0.05712890625
5.68247226,-0.046142578125,-0.050537109375,0.05712890625
5.683472545,-0.049072265625,-0.050537109375,0.05712890625
5.6844742550000005,-0.054931640625,-0.050537109375,0.05712890625
5.685470854,-0.052001953125,-0.050537109375,0.05712890625
5.686471916,-0.054931640625,-0.05950927734375,0.04815673828125
5.687466237000001,-0.054931640625,-0.05950927734375,0.04815673828125
5.688467114000001,-0.06390380859375,-0.05950927734375,0.04815673828125
5.689463916,-0.06353759765625,-0.05950927734375,0.04815673828125
5.690469015000001,-0.05767822265625,-0.05950927734375,0.04815673828125
5.691471596,-0.06390380859375,-0.0684814453125,0.0391845703125
5.69246675,-0.06353759765625,-0.0684814453125,0.0391845703125
5.693469960000001,-0.069580078125,-0.0684814453125,0.0391845703125
5.694469133,-0.069580078125,-0.0684814453125,0.0391845703125
5.69547251,-0.072509765625,-0.0684814453125,0.0391845703125
5.696473035,-0.069580078125,-0.07745361328125,0.03021240234375
5.697470393000001,-0.072509765625,-0.07745361328125,0.03021240234375
5.6984629920000005,-0.07818603515625,-0.07745361328125,0.03021240234375
5.699467777000001,-0.08404541015625,-0.07745361328125,0.03021240234375
5.700476190000001,-0.07818603515625,-0.07745361328125,0.03021240234375
5.701464104,-0.08111572265625,-0.0867919921875,0.021240234375
5.702479684,-0.090087890625,-0.0867919921875,0.021240234375
5.703472635000001,-0.090087890625,-0.0867919921875,0.021240234375
5.704474253,-0.090087890625,-0.0867919921875,0.021240234375
5.7054748150000005,-0.090087890625,-0.0867919921875,0.021240234375
5.706479654000001,-0.087158203125,-0.0955810546875,0.01226806640625
5.707468772,-0.095947265625,-0.0955810546875,0.01226806640625
5.708470741,-0.09576416015625,-0.0955810546875,0.01226806640625
5.709467785,-0.09869384765625,-0.0955810546875,0.01226806640625
5.7104688470000005,-0.09576416015625,-0.0955810546875,0.01226806640625
5.711470390000001,-0.09869384765625,-0.10455322265625,0.0032958984375
5.712470119000001,-0.1014404296875,-0.10455322265625,0.0032958984375
5.713517625000001,-0.10748291015625,-0.10455322265625,0.0032958984375
5.714470502,-0.10748291015625,-0.10455322265625,0.0032958984375
5.715514026,-0.1014404296875,-0.10455322265625,0.0032958984375
5.716457533000001,-0.1043701171875,-0.11370849609375,-0.00567626953125
5.717521965,-0.1102294921875,-0.11370849609375,-0.00567626953125
5.718481953,-0.1131591796875,-0.11370849609375,-0.00567626953125
5.719525441,-0.1160888671875,-0.11370849609375,-0.00567626953125
5.7205710210000005,-0.11627197265625,-0.12176513671875,-0.00567626953125
5.721512935000001,-0.1219482421875,-0.12176513671875,-0.01409912109375
5.722523145,-0.1219482421875,-0.12176513671875,-0.01409912109375
5.723516485,-0.1219482421875,-0.12176513671875,-0.01409912109375
5.724515547,-0.1219482421875,-0.12176513671875,-0.01409912109375
5.725512572,-0.1219482421875,-0.12176513671875,-0.01409912109375
5.726511782,-0.1219482421875,-0.13165283203125,-0.02362060546875
5.727502381,-0.1307373046875,-0.13165283203125,-0.02362060546875
5.72850498,-0.1307373046875,-0.13165283203125,-0.02362060546875
5.729510468,-0.1336669921875,-0.13165283203125,-0.02362060546875
5.730508604000001,-0.1336669921875,-0.13165283203125,-0.02362060546875
5.731512221,-0.1336669921875,-0.140625,-0.0325927734375
5.7325123940000005,-0.1336669921875,-0.140625,-0.0325927734375
5.733515512,-0.14556884765625,-0.140625,-0.0325927734375
5.7345120000000005,-0.1483154296875,-0.140625,-0.0325927734375
5.735506562,-0.1365966796875,-0.140625,-0.0325927734375
5.736461976,-0.14556884765625,-0.14959716796875,-0.04156494140625
5.737504963,-0.14556884765625,-0.14959716796875,-0.04156494140625
5.738501692000001,-0.1541748046875,-0.14959716796875,-0.04156494140625
5.739502643000001,-0.1541748046875,-0.14959716796875,-0.04156494140625
5.740583611,-0.1483154296875,-0.1578369140625,-0.04156494140625
5.741505378,-0.15142822265625,-0.1578369140625,-0.050537109375
5.742503292,-0.1541748046875,-0.1578369140625,-0.050537109375
5.743495317000001,-0.15985107421875,-0.1578369140625,-0.050537109375
5.74450299,-0.1629638671875,-0.1578369140625,-0.050537109375
5.74550157,-0.1600341796875,-0.1578369140625,-0.050537109375
5.746503743,-0.1600341796875,-0.16754150390625,-0.05950927734375
5.747505768,-0.16864013671875,-0.16754150390625,-0.05950927734375
5.748505274,-0.16864013671875,-0.16754150390625,-0.05950927734375
5.74950941,-0.16864013671875,-0.16754150390625,-0.05950927734375
5.750501435,-0.1629638671875,-0.16754150390625,-0.05950927734375
5.751511719000001,-0.17486572265625,-0.176513671875,-0.0684814453125
5.752503152,-0.17486572265625,-0.176513671875,-0.0684814453125
5.753509510000001,-0.1805419921875,-0.176513671875,-0.0684814453125
5.754505535000001,-0.17779541015625,-0.176513671875,-0.0684814453125
5.7555077080000006,-0.18072509765625,-0.176513671875,-0.0684814453125
5.7565030660000005,-0.1746826171875,-0.18548583984375,-0.07745361328125
5.757515369,-0.1834716796875,-0.18548583984375,-0.07745361328125
5.758506449,-0.1864013671875,-0.18548583984375,-0.07745361328125
5.759505030000001,-0.18621826171875,-0.18548583984375,-0.07745361328125
5.760513166,-0.1834716796875,-0.18548583984375,-0.07745361328125
5.761498876,-0.19244384765625,-0.1944580078125,-0.0867919921875
5.762508364,-0.19244384765625,-0.1944580078125,-0.0867919921875
5.763511055,-0.19244384765625,-0.1944580078125,-0.0867919921875
5.764509395,-0.1951904296875,-0.1944580078125,-0.0867919921875
5.765506439,-0.1951904296875,-0.1944580078125,-0.0867919921875
5.766509630000001,-0.1951904296875,-0.20343017578125,-0.0955810546875
5.767495118,-0.19793701171875,-0.20343017578125,-0.0955810546875
5.768497384000001,-0.20416259765625,-0.20343017578125,-0.0955810546875
5.769492501,-0.20709228515625,-0.20343017578125,-0.0955810546875
5.770501619,-0.2039794921875,-0.20343017578125,-0.0955810546875
5.771499236,-0.20709228515625,-0.21240234375,-0.10455322265625
5.772497113,-0.2098388671875,-0.21240234375,-0.10455322265625
5.773501434,-0.213134765625,-0.21240234375,-0.10455322265625
5.774506626,-0.2215576171875,-0.21240234375,-0.10455322265625
5.775500762,-0.213134765625,-0.21240234375,-0.10455322265625
5.776495065000001,-0.210205078125,-0.22137451171875,-0.11370849609375
5.777489201000001,-0.21881103515625,-0.22137451171875,-0.11370849609375
5.778502003000001,-0.22174072265625,-0.22137451171875,-0.11370849609375
5.779496676,-0.227783203125,-0.22137451171875,-0.11370849609375
5.780494664,-0.2215576171875,-0.22137451171875,-0.11370849609375
5.781496319,-0.221923828125,-0.2303466796875,-0.12176513671875
5.78249701,-0.22760009765625,-0.2303466796875,-0.12176513671875
5.783499054,-0.23345947265625,-0.2303466796875,-0.12176513671875
5.78450243,-0.230712890625,-0.2303466796875,-0.12176513671875
5.785492733,-0.230712890625,-0.2303466796875,-0.12176513671875
5.786491740000001,-0.22796630859375,-0.23931884765625,-0.13165283203125
5.787497672000001,-0.23638916015625,-0.23931884765625,-0.13165283203125
5.788494104000001,-0.242431640625,-0.23931884765625,-0.13165283203125
5.789487574000001,-0.2486572265625,-0.23931884765625,-0.13165283203125
5.790486284,-0.24261474609375,-0.23931884765625,-0.13165283203125
5.791485938,-0.2457275390625,-0.24847412109375,-0.140625
5.792491537,-0.2457275390625,-0.24847412109375,-0.140625
5.793485803,-0.2457275390625,-0.24847412109375,-0.140625
5.794483087000001,-0.2515869140625,-0.24847412109375,-0.140625
5.795482982,-0.2486572265625,-0.24847412109375,-0.140625
5.796486544,-0.2486572265625,-0.2574462890625,-0.14959716796875
5.797488736,-0.25469970703125,-0.2574462890625,-0.14959716796875
5.798480076000001,-0.2603759765625,-0.2574462890625,-0.14959716796875
5.799483897,-0.25726318359375,-0.2574462890625,-0.14959716796875
5.800583291000001,-0.262939453125,-0.26275634765625,-0.14959716796875
5.801489409,-0.25469970703125,-0.26275634765625,-0.1578369140625
5.802483342,-0.263671875,-0.26275634765625,-0.1578369140625
5.803480885,-0.26092529296875,-0.26275634765625,-0.1578369140625
5.804490188,-0.25799560546875,-0.26275634765625,-0.1578369140625
5.8054868420000005,-0.26641845703125,-0.26275634765625,-0.1578369140625
5.806486553,-0.26092529296875,-0.2530517578125,-0.16754150390625
5.807487948,-0.2552490234375,-0.2530517578125,-0.16754150390625
5.808485769000001,-0.2490234375,-0.2530517578125,-0.16754150390625
5.809478479,-0.251953125,-0.2530517578125,-0.16754150390625
5.810481597,-0.25213623046875,-0.2530517578125,-0.16754150390625
5.811477659,-0.25213623046875,-0.24444580078125,-0.176513671875
5.812476461,-0.24957275390625,-0.24444580078125,-0.176513671875
5.813480097,-0.2406005859375,-0.24444580078125,-0.176513671875
5.81447827,-0.24078369140625,-0.24444580078125,-0.176513671875
5.815475832000001,-0.2376708984375,-0.24444580078125,-0.176513671875
5.816467913,-0.24371337890625,-0.24005126953125,-0.18548583984375
5.81748316,-0.24078369140625,-0.24005126953125,-0.18548583984375
5.818481370000001,-0.24078369140625,-0.24005126953125,-0.18548583984375
5.819480747,-0.24371337890625,-0.24005126953125,-0.18548583984375
5.82050192,-0.24078369140625,-0.24005126953125,-0.18548583984375
5.8214704820000005,-0.24078369140625,-0.2310791015625,-0.1944580078125
5.822474266,-0.2325439453125,-0.2310791015625,-0.1944580078125
5.823476291,-0.23199462890625,-0.2310791015625,-0.1944580078125
5.824474353,-0.22943115234375,-0.2310791015625,-0.1944580078125
5.825477952,-0.22998046875,-0.2310791015625,-0.1944580078125
5.82647868,-0.22686767578125,-0.22210693359375,-0.20343017578125
5.827470928,-0.22686767578125,-0.22210693359375,-0.20343017578125
5.828471175000001,-0.22100830078125,-0.22210693359375,-0.20343017578125
5.829464941,-0.22100830078125,-0.22210693359375,-0.20343017578125
5.830471317000001,-0.22137451171875,-0.22210693359375,-0.20343017578125
5.831469398,-0.21826171875,-0.213134765625,-0.21240234375
5.832471571,-0.21826171875,-0.213134765625,-0.21240234375
5.8334740400000005,-0.20928955078125,-0.213134765625,-0.21240234375
5.834477361,-0.20928955078125,-0.213134765625,-0.21240234375
5.835474608,-0.20928955078125,-0.213134765625,-0.21240234375
5.836466041,-0.2149658203125,-0.20526123046875,-0.22137451171875
5.837476436,-0.21002197265625,-0.20526123046875,-0.22137451171875
5.838477813,-0.2010498046875,-0.20526123046875,-0.22137451171875
5.839477375,-0.2010498046875,-0.20526123046875,-0.22137451171875
5.840493881,-0.2039794921875,-0.20526123046875,-0.22137451171875
5.84147348,-0.2039794921875,-0.2069091796875,-0.2303466796875
5.842473412,-0.21002197265625,-0.2069091796875,-0.2303466796875
5.84351714,-0.21002197265625,-0.2069091796875,-0.2303466796875
5.844516425,-0.2047119140625,-0.2069091796875,-0.2303466796875
5.845516320000001,-0.21002197265625,-0.2069091796875,-0.2303466796875
5.846521363,-0.2098388671875,-0.2113037109375,-0.23931884765625
5.847519925,-0.2105712890625,-0.2113037109375,-0.23931884765625
5.848519024000001,-0.21331787109375,-0.2113037109375,-0.23931884765625
5.8495163450000005,-0.22210693359375,-0.2113037109375,-0.23931884765625
5.850515315,-0.2164306640625,-0.2113037109375,-0.23931884765625
5.851514932000001,-0.2080078125,-0.21990966796875,-0.24847412109375
5.8525213460000005,-0.216796875,-0.21990966796875,-0.24847412109375
5.853517667,-0.216796875,-0.21990966796875,-0.24847412109375
5.854519785,-0.22576904296875,-0.21990966796875,-0.24847412109375
5.855519050000001,-0.2200927734375,-0.21990966796875,-0.24847412109375
5.8565220380000005,-0.21954345703125,-0.2288818359375,-0.2574462890625
5.8575202850000005,-0.2259521484375,-0.2288818359375,-0.2574462890625
5.858513273000001,-0.22833251953125,-0.2288818359375,-0.2574462890625
5.859514076,-0.2296142578125,-0.2288818359375,-0.2574462890625
5.860657192000001,-0.23236083984375,-0.23455810546875,-0.2574462890625
5.8615246260000005,-0.229248046875,-0.23455810546875,-0.26275634765625
5.862520799,-0.23236083984375,-0.23455810546875,-0.26275634765625
5.863526009,-0.2347412109375,-0.23455810546875,-0.26275634765625
5.864512182,-0.23876953125,-0.23455810546875,-0.26275634765625
5.865587651,-0.2347412109375,-0.24334716796875,-0.26275634765625
5.866532028,-0.24041748046875,-0.24334716796875,-0.2530517578125
5.867511683,-0.2420654296875,-0.24334716796875,-0.2530517578125
5.868510134,-0.2420654296875,-0.24334716796875,-0.2530517578125
5.869518825,-0.2420654296875,-0.24334716796875,-0.2530517578125
5.870507776,-0.2420654296875,-0.24334716796875,-0.2530517578125
5.871519912,-0.24462890625,-0.2530517578125,-0.24444580078125
5.872510807,-0.25653076171875,-0.2530517578125,-0.24444580078125
5.873512832,-0.2508544921875,-0.2530517578125,-0.24444580078125
5.874512931,-0.25726318359375,-0.2530517578125,-0.24444580078125
5.875516826,-0.2548828125,-0.2530517578125,-0.24444580078125
5.8765109440000005,-0.25396728515625,-0.26202392578125,-0.24005126953125
5.877523265000001,-0.25726318359375,-0.26202392578125,-0.24005126953125
5.87851779,-0.262939453125,-0.26202392578125,-0.24005126953125
5.879509371,-0.262939453125,-0.26202392578125,-0.24005126953125
5.880515821,-0.26312255859375,-0.26202392578125,-0.24005126953125
5.881509976,-0.26934814453125,-0.27099609375,-0.2310791015625
5.882517667,-0.26934814453125,-0.27099609375,-0.2310791015625
5.883520803000001,-0.27264404296875,-0.27099609375,-0.2310791015625
5.884509865,-0.2750244140625,-0.27099609375,-0.2310791015625
5.88544828,-0.2750244140625,-0.27099609375,-0.2310791015625
5.886501341000001,-0.26934814453125,-0.27978515625,-0.22210693359375
5.887492052000001,-0.27813720703125,-0.27978515625,-0.22210693359375
5.888496817,-0.28143310546875,-0.27978515625,-0.22210693359375
5.889501916,-0.28143310546875,-0.27978515625,-0.22210693359375
5.890497626,-0.28143310546875,-0.27978515625,-0.22210693359375
5.891495429,-0.27813720703125,-0.2889404296875,-0.213134765625
5.892496676,-0.28729248046875,-0.2889404296875,-0.213134765625
5.893508923000001,-0.29058837890625,-0.2889404296875,-0.213134765625
5.894504874,-0.29296875,-0.2889404296875,-0.213134765625
5.895509195000001,-0.2911376953125,-0.2889404296875,-0.213134765625
5.896503183,-0.28729248046875,-0.29791259765625,-0.20526123046875
5.897504263,-0.2969970703125,-0.29791259765625,-0.20526123046875
5.898500955,-0.30267333984375,-0.29791259765625,-0.20526123046875
5.899496369,-0.30029296875,-0.29791259765625,-0.20526123046875
5.9004916530000004,-0.2969970703125,-0.29791259765625,-0.20526123046875
5.901491030000001,-0.2969970703125,-0.306884765625,-0.2069091796875
5.9024437590000005,-0.30267333984375,-0.306884765625,-0.2069091796875
5.9034973200000005,-0.31146240234375,-0.306884765625,-0.2069091796875
5.904498512,-0.3057861328125,-0.306884765625,-0.2069091796875
5.905590388,-0.30908203125,-0.31549072265625,-0.2069091796875
5.9064878400000005,-0.30908203125,-0.31549072265625,-0.2113037109375
5.907490865000001,-0.3123779296875,-0.31549072265625,-0.2113037109375
5.908490186,-0.31549072265625,-0.31549072265625,-0.2113037109375
5.909490396000001,-0.31787109375,-0.31549072265625,-0.2113037109375
5.910489236,-0.31878662109375,-0.31549072265625,-0.2113037109375
5.911442557,-0.31475830078125,-0.32501220703125,-0.21990966796875
5.912448619,-0.324462890625,-0.32501220703125,-0.21990966796875
5.913488255000001,-0.32354736328125,-0.32501220703125,-0.21990966796875
5.914497594,-0.32940673828125,-0.32501220703125,-0.21990966796875
5.9154895640000005,-0.32684326171875,-0.32501220703125,-0.21990966796875
5.916485274,-0.32354736328125,-0.333984375,-0.2288818359375
5.917490854,-0.33270263671875,-0.333984375,-0.2288818359375
5.918491027,-0.3416748046875,-0.333984375,-0.2288818359375
5.919487978,-0.3358154296875,-0.333984375,-0.2288818359375
5.920436541,-0.3358154296875,-0.333984375,-0.2288818359375
5.921443992,-0.3299560546875,-0.32501220703125,-0.23455810546875
5.922432387000001,-0.32684326171875,-0.32501220703125,-0.23455810546875
5.9236149650000005,-0.32354736328125,-0.32501220703125,-0.23455810546875
5.924485307,-0.32354736328125,-0.32501220703125,-0.23455810546875
5.92551872,-0.32354736328125,-0.3167724609375,-0.23455810546875
5.926494745,-0.32354736328125,-0.3167724609375,-0.24334716796875
5.927487715000001,-0.31475830078125,-0.3167724609375,-0.24334716796875
5.9284811280000005,-0.31475830078125,-0.3167724609375,-0.24334716796875
5.929489672,-0.31787109375,-0.3167724609375,-0.24334716796875
5.9304812710000006,-0.31787109375,-0.3167724609375,-0.24334716796875
5.931441389000001,-0.31787109375,-0.30706787109375,-0.2530517578125
5.9324310250000005,-0.30908203125,-0.30706787109375,-0.2530517578125
5.933471086,-0.31146240234375,-0.30706787109375,-0.2530517578125
5.934479278,-0.30340576171875,-0.30706787109375,-0.2530517578125
5.935484525000001,-0.30267333984375,-0.30706787109375,-0.2530517578125
5.936475309,-0.30670166015625,-0.298095703125,-0.26202392578125
5.937482464,-0.30029296875,-0.298095703125,-0.26202392578125
5.938434823000001,-0.29388427734375,-0.298095703125,-0.26202392578125
5.9394281620000005,-0.29443359375,-0.298095703125,-0.26202392578125
5.940424669,-0.2969970703125,-0.298095703125,-0.26202392578125
5.941476008,-0.29937744140625,-0.28912353515625,-0.27099609375
5.942478996,-0.2911376953125,-0.28912353515625,-0.27099609375
5.9434805950000005,-0.28472900390625,-0.28912353515625,-0.27099609375
5.944434824,-0.28729248046875,-0.28912353515625,-0.27099609375
5.945435552,-0.2911376953125,-0.28912353515625,-0.27099609375
5.946425707,-0.29058837890625,-0.2801513671875,-0.27978515625
5.9474219360000005,-0.28472900390625,-0.2801513671875,-0.27978515625
5.948472479,-0.28472900390625,-0.2801513671875,-0.27978515625
5.949476318,-0.279052734375,-0.2801513671875,-0.27978515625
5.950474214000001,-0.27593994140625,-0.2801513671875,-0.27978515625
5.951476479,-0.279052734375,-0.27117919921875,-0.2889404296875
5.952470486,-0.27593994140625,-0.27117919921875,-0.2889404296875
5.953471288,-0.26934814453125,-0.27117919921875,-0.2889404296875
5.954473461,-0.26385498046875,-0.27117919921875,-0.2889404296875
5.955477486,-0.26788330078125,-0.27117919921875,-0.2889404296875
5.956474159,-0.2735595703125,-0.26220703125,-0.29791259765625
5.957470055,-0.26385498046875,-0.26220703125,-0.29791259765625
5.958469598000001,-0.261474609375,-0.26220703125,-0.29791259765625
5.959467012,-0.26055908203125,-0.26220703125,-0.29791259765625
5.960473963,-0.26385498046875,-0.25360107421875,-0.29791259765625
5.96141671,-0.26055908203125,-0.25360107421875,-0.306884765625
5.962418217000001,-0.2574462890625,-0.25360107421875,-0.306884765625
5.963621832,-0.2515869140625,-0.25360107421875,-0.306884765625
5.964469859,-0.25506591796875,-0.25360107421875,-0.306884765625
5.965468772,-0.2574462890625,-0.25360107421875,-0.306884765625
5.966462946,-0.25396728515625,-0.2442626953125,-0.31549072265625
5.967461415000001,-0.24261474609375,-0.2442626953125,-0.31549072265625
5.968464884,-0.24261474609375,-0.2442626953125,-0.31549072265625
5.969462243000001,-0.24261474609375,-0.2442626953125,-0.31549072265625
5.970464064000001,-0.24261474609375,-0.2442626953125,-0.31549072265625
5.971466996,-0.2420654296875,-0.23529052734375,-0.32501220703125
5.972462225,-0.239501953125,-0.23529052734375,-0.32501220703125
5.973469120000001,-0.233642578125,-0.23529052734375,-0.32501220703125
5.9744648300000005,-0.233642578125,-0.23529052734375,-0.32501220703125
5.975466799,-0.23602294921875,-0.23529052734375,-0.32501220703125
5.976468102,-0.233642578125,-0.226318359375,-0.333984375
5.977459331,-0.23052978515625,-0.226318359375,-0.333984375
5.978464078,-0.224853515625,-0.226318359375,-0.333984375
5.9794640470000004,-0.22723388671875,-0.226318359375,-0.333984375
5.980461702,-0.2274169921875,-0.226318359375,-0.333984375
5.98146119,-0.22174072265625,-0.21734619140625,-0.32501220703125
5.982466881000001,-0.2193603515625,-0.21734619140625,-0.32501220703125
5.983470387000001,-0.2208251953125,-0.21734619140625,-0.32501220703125
5.9844708010000005,-0.21514892578125,-0.21734619140625,-0.32501220703125
5.985565732,-0.2193603515625,-0.20892333984375,-0.32501220703125
5.986461425,-0.2127685546875,-0.20892333984375,-0.3167724609375
5.987464932,-0.20965576171875,-0.20892333984375,-0.3167724609375
5.9884636790000005,-0.20947265625,-0.20892333984375,-0.3167724609375
5.989464704,-0.20361328125,-0.20892333984375,-0.3167724609375
5.990475691,-0.20965576171875,-0.20892333984375,-0.3167724609375
5.991464365000001,-0.208740234375,-0.19921875,-0.30706787109375
5.992458630000001,-0.20050048828125,-0.19921875,-0.30706787109375
5.993466062,-0.197021484375,-0.19921875,-0.30706787109375
5.994510920000001,-0.19390869140625,-0.19921875,-0.30706787109375
5.995463316,-0.19720458984375,-0.19921875,-0.30706787109375
5.996463434000001,-0.20050048828125,-0.19024658203125,-0.298095703125
5.997461199,-0.1915283203125,-0.19024658203125,-0.298095703125
5.99847015,-0.18841552734375,-0.19024658203125,-0.298095703125
5.999474138,-0.18841552734375,-0.19024658203125,-0.298095703125
6.000513588,-0.18841552734375,-0.19024658203125,-0.298095703125
6.0015291500000005,-0.19390869140625,-0.18109130859375,-0.28912353515625
6.002512953000001,-0.18182373046875,-0.18109130859375,-0.28912353515625
6.0035107000000005,-0.179443359375,-0.18109130859375,-0.28912353515625
6.004465522000001,-0.1761474609375,-0.18109130859375,-0.28912353515625
6.0054639540000005,-0.1761474609375,-0.18109130859375,-0.28912353515625
6.006459775000001,-0.18182373046875,-0.172119140625,-0.2801513671875
6.007515429000001,-0.17706298828125,-0.172119140625,-0.2801513671875
6.008506602,-0.17303466796875,-0.172119140625,-0.2801513671875
6.0095055529999994,-0.17303466796875,-0.172119140625,-0.2801513671875
6.010508004000001,-0.1673583984375,-0.172119140625,-0.2801513671875
6.0115046770000005,-0.17376708984375,-0.1629638671875,-0.27117919921875
6.01250472,-0.1673583984375,-0.1629638671875,-0.27117919921875
6.013506764,-0.1673583984375,-0.1629638671875,-0.27117919921875
6.014503696000001,-0.16168212890625,-0.1629638671875,-0.27117919921875
6.015503684,-0.16168212890625,-0.1629638671875,-0.27117919921875
6.016456228,-0.1578369140625,-0.15399169921875,-0.26220703125
6.017460364000001,-0.15911865234375,-0.15399169921875,-0.26220703125
6.018459389000001,-0.14959716796875,-0.15399169921875,-0.26220703125
6.019503821,-0.14959716796875,-0.15399169921875,-0.26220703125
6.020502457,-0.14630126953125,-0.15399169921875,-0.26220703125
6.021501852000001,-0.14886474609375,-0.14501953125,-0.25360107421875
6.0225136180000005,-0.1439208984375,-0.14501953125,-0.25360107421875
6.023513568000001,-0.1439208984375,-0.14501953125,-0.25360107421875
6.024445076,-0.14300537109375,-0.14501953125,-0.25360107421875
6.025510563,-0.14630126953125,-0.14501953125,-0.25360107421875
6.0265031989999995,-0.140625,-0.13604736328125,-0.2442626953125
6.027497002,-0.139892578125,-0.13604736328125,-0.2442626953125
6.028497730000001,-0.13421630859375,-0.13604736328125,-0.2442626953125
6.029494663,-0.13751220703125,-0.13604736328125,-0.2442626953125
6.03050115,-0.1318359375,-0.13604736328125,-0.2442626953125
6.0314508049999995,-0.13421630859375,-0.1270751953125,-0.23529052734375
6.032446756,-0.1351318359375,-0.1270751953125,-0.23529052734375
6.033494818,-0.131103515625,-0.1270751953125,-0.23529052734375
6.034497620000001,-0.12213134765625,-0.1270751953125,-0.23529052734375
6.035491775,-0.11700439453125,-0.1270751953125,-0.23529052734375
6.036493355,-0.12872314453125,-0.11810302734375,-0.226318359375
6.037506232000001,-0.12286376953125,-0.11810302734375,-0.226318359375
6.038451258000001,-0.1197509765625,-0.11810302734375,-0.226318359375
6.0394394490000005,-0.12213134765625,-0.11810302734375,-0.226318359375
6.040447993,-0.1197509765625,-0.11810302734375,-0.226318359375
6.041493721000001,-0.116455078125,-0.109130859375,-0.21734619140625
6.0424996339999995,-0.1072998046875,-0.109130859375,-0.21734619140625
6.043497548,-0.1072998046875,-0.109130859375,-0.21734619140625
6.0444402219999995,-0.1072998046875,-0.109130859375,-0.21734619140625
6.045436432,-0.10675048828125,-0.109130859375,-0.21734619140625
6.046465494,-0.11572265625,-0.0999755859375,-0.20892333984375
6.04744076,-0.10162353515625,-0.0999755859375,-0.20892333984375
6.048487580000001,-0.10089111328125,-0.0999755859375,-0.20892333984375
6.049491494000001,-0.10089111328125,-0.0999755859375,-0.20892333984375
6.050496019,-0.09613037109375,-0.0999755859375,-0.20892333984375
6.051488155,-0.10089111328125,-0.09100341796875,-0.19921875
6.052487532,-0.0919189453125,-0.09100341796875,-0.19921875
6.053487946,-0.0919189453125,-0.09100341796875,-0.19921875
6.054449527,-0.09210205078125,-0.09100341796875,-0.19921875
6.055486255000001,-0.0919189453125,-0.09100341796875,-0.19921875
6.056485298000001,-0.08642578125,-0.08203125,-0.19024658203125
6.057487027,-0.08642578125,-0.08203125,-0.19024658203125
6.058485200000001,-0.08404541015625,-0.08203125,-0.19024658203125
6.059442281,-0.08001708984375,-0.08203125,-0.19024658203125
6.060483527,-0.0831298828125,-0.08203125,-0.19024658203125
6.061477886,-0.0831298828125,-0.07305908203125,-0.18109130859375
6.062485244,-0.07672119140625,-0.07305908203125,-0.18109130859375
6.063480880000001,-0.07159423828125,-0.07305908203125,-0.18109130859375
6.064482442,-0.0677490234375,-0.07305908203125,-0.18109130859375
6.065437671000001,-0.07672119140625,-0.07305908203125,-0.18109130859375
6.066505362,-0.06829833984375,-0.0640869140625,-0.172119140625
6.0674824240000005,-0.06829833984375,-0.0640869140625,-0.172119140625
6.068479782,-0.065185546875,-0.0640869140625,-0.172119140625
6.0694799,-0.065185546875,-0.0640869140625,-0.172119140625
6.0704825730000005,-0.065185546875,-0.0640869140625,-0.172119140625
6.0714798199999995,-0.065185546875,-0.054931640625,-0.1629638671875
6.072428753,-0.0618896484375,-0.054931640625,-0.1629638671875
6.073480555000001,-0.04998779296875,-0.054931640625,-0.1629638671875
6.0744788210000005,-0.05072021484375,-0.054931640625,-0.1629638671875
6.075475160000001,-0.0538330078125,-0.054931640625,-0.1629638671875
6.076429427,-0.0531005859375,-0.04595947265625,-0.15399169921875
6.077479803,-0.04522705078125,-0.04595947265625,-0.15399169921875
6.07847268,-0.047607421875,-0.04595947265625,-0.15399169921875
6.079482538,-0.04193115234375,-0.04595947265625,-0.15399169921875
6.08047297,-0.0443115234375,-0.04595947265625,-0.15399169921875
6.081502106000001,-0.04669189453125,-0.0369873046875,-0.14501953125
6.082476983,-0.03863525390625,-0.0369873046875,-0.14501953125
6.083469989,-0.03533935546875,-0.0369873046875,-0.14501953125
6.084468181000001,-0.0322265625,-0.0369873046875,-0.14501953125
6.085474521000001,-0.04119873046875,-0.0369873046875,-0.14501953125
6.086473249,-0.03863525390625,-0.02801513671875,-0.13604736328125
6.0874991629999995,-0.0289306640625,-0.02801513671875,-0.13604736328125
6.088477521000001,-0.0289306640625,-0.02801513671875,-0.13604736328125
6.089420695,-0.0289306640625,-0.02801513671875,-0.13604736328125
6.090479793000001,-0.0263671875,-0.02801513671875,-0.13604736328125
6.091470855,-0.02947998046875,-0.01904296875,-0.1270751953125
6.092417122,-0.02069091796875,-0.01904296875,-0.1270751953125
6.093475924000001,-0.01666259765625,-0.01904296875,-0.1270751953125
6.094426597000001,-0.019775390625,-0.01904296875,-0.1270751953125
6.0955959900000005,-0.018310546875,-0.01043701171875,-0.1270751953125
6.096470128000001,-0.0142822265625,-0.01043701171875,-0.11810302734375
6.09746832,-0.01409912109375,-0.01043701171875,-0.11810302734375
6.098420697000001,-0.00787353515625,-0.01043701171875,-0.11810302734375
6.099414537,-0.00860595703125,-0.01043701171875,-0.11810302734375
6.100479839000001,-0.01116943359375,-0.01043701171875,-0.11810302734375
6.101466790000001,-0.0054931640625,-0.0010986328125,-0.109130859375
6.102469407,-0.0054931640625,-0.0010986328125,-0.109130859375
6.103608671000001,0.0003662109375,-0.0010986328125,-0.109130859375
6.104469549,0.0003662109375,-0.0010986328125,-0.109130859375
6.1054704079999995,-0.002197265625,-0.0010986328125,-0.109130859375
6.106414748,-0.002197265625,0.00787353515625,-0.0999755859375
6.107492587,0.00677490234375,0.00787353515625,-0.0999755859375
6.1084627419999995,0.00677490234375,0.00787353515625,-0.0999755859375
6.109470452000001,0.0098876953125,0.00787353515625,-0.0999755859375
6.110465495000001,0.0098876953125,0.00787353515625,-0.0999755859375
6.111470187000001,0.0098876953125,0.016845703125,-0.09100341796875
6.112469638000001,0.0150146484375,0.016845703125,-0.09100341796875
6.113465237000001,0.01904296875,0.016845703125,-0.09100341796875
6.114465373000001,0.01904296875,0.016845703125,-0.09100341796875
6.115465046,0.01318359375,0.016845703125,-0.09100341796875
6.116463404,0.01904296875,0.02581787109375,-0.08203125
6.117472207,0.02142333984375,0.02581787109375,-0.08203125
6.118469306000001,0.02783203125,0.02581787109375,-0.08203125
6.119471460000001,0.02545166015625,0.02581787109375,-0.08203125
6.120463948,0.027099609375,0.02581787109375,-0.08203125
6.121457917,0.0325927734375,0.0347900390625,-0.07305908203125
6.122468035,0.0311279296875,0.0347900390625,-0.07305908203125
6.1234669120000005,0.04010009765625,0.0347900390625,-0.07305908203125
6.124468029,0.03680419921875,0.0347900390625,-0.07305908203125
6.12546035,0.0311279296875,0.0347900390625,-0.07305908203125
6.126468672000001,0.03350830078125,0.04376220703125,-0.0640869140625
6.127466271,0.03680419921875,0.04376220703125,-0.0640869140625
6.128462981000001,0.0479736328125,0.04376220703125,-0.0640869140625
6.129462506,0.0479736328125,0.04376220703125,-0.0640869140625
6.130463493,0.04559326171875,0.04376220703125,-0.0640869140625
6.131464185,0.04559326171875,0.052734375,-0.054931640625
6.132463858,0.0479736328125,0.052734375,-0.054931640625
6.133652325000001,0.05767822265625,0.052734375,-0.054931640625
6.134463686000001,0.05767822265625,0.052734375,-0.054931640625
6.135464303,0.0538330078125,0.052734375,-0.054931640625
6.136506828000001,0.0487060546875,0.06170654296875,-0.04595947265625
6.137514908000001,0.0604248046875,0.06170654296875,-0.04595947265625
6.138518692000001,0.0604248046875,0.06170654296875,-0.04595947265625
6.139510643,0.06353759765625,0.06170654296875,-0.04595947265625
6.14047252,0.06353759765625,0.06170654296875,-0.04595947265625
6.1414606560000005,0.0604248046875,0.0706787109375,-0.0369873046875
6.142516773,0.06683349609375,0.0706787109375,-0.0369873046875
6.143516835000001,0.072509765625,0.0706787109375,-0.0369873046875
6.1445150449999995,0.0750732421875,0.0706787109375,-0.0369873046875
6.145513033000001,0.0692138671875,0.0706787109375,-0.0369873046875
6.146517854,0.0692138671875,0.079833984375,-0.02801513671875
6.147509139000001,0.0780029296875,0.079833984375,-0.02801513671875
6.148510441,0.081298828125,0.079833984375,-0.02801513671875
6.1494590780000005,0.07562255859375,0.079833984375,-0.02801513671875
6.150507398000001,0.081298828125,0.079833984375,-0.02801513671875
6.1515071269999995,0.081298828125,0.08880615234375,-0.01904296875
6.152507226,0.08770751953125,0.08880615234375,-0.01904296875
6.153508788000001,0.090087890625,0.08880615234375,-0.01904296875
6.154516072000001,0.090087890625,0.08880615234375,-0.01904296875
6.155514041000001,0.09613037109375,0.08880615234375,-0.01904296875
6.156505881,0.08697509765625,0.0977783203125,-0.01043701171875
6.157448574000001,0.0966796875,0.0977783203125,-0.01043701171875
6.158451135000001,0.09942626953125,0.0977783203125,-0.01043701171875
6.159501141000001,0.0966796875,0.0977783203125,-0.01043701171875
6.160501092,0.10821533203125,0.0977783203125,-0.01043701171875
6.161502228000001,0.0992431640625,0.10675048828125,-0.0010986328125
6.162509308,0.10491943359375,0.10675048828125,-0.0010986328125
6.16363598,0.10821533203125,0.10675048828125,-0.0010986328125
6.1645039509999995,0.10821533203125,0.10675048828125,-0.0010986328125
6.165554734,0.10565185546875,0.1153564453125,-0.0010986328125
6.166457483000001,0.110595703125,0.1153564453125,0.00787353515625
6.167450711,0.11151123046875,0.1153564453125,0.00787353515625
6.168495995,0.1138916015625,0.1153564453125,0.00787353515625
6.169491687,0.11700439453125,0.1153564453125,0.00787353515625
6.170492619,0.11700439453125,0.1153564453125,0.00787353515625
6.171496107,0.119384765625,0.12469482421875,0.016845703125
6.172500817,0.12579345703125,0.12469482421875,0.016845703125
6.173633322,0.12579345703125,0.12469482421875,0.016845703125
6.174492108,0.12579345703125,0.12469482421875,0.016845703125
6.175458114,0.1226806640625,0.12469482421875,0.016845703125
6.176494139,0.12579345703125,0.1336669921875,0.02581787109375
6.177513015,0.1318359375,0.1336669921875,0.02581787109375
6.178490855000001,0.1373291015625,0.1336669921875,0.02581787109375
6.179491936000001,0.13824462890625,0.1336669921875,0.02581787109375
6.180443109,0.13751220703125,0.1336669921875,0.02581787109375
6.181459375,0.1343994140625,0.14263916015625,0.0347900390625
6.182487622000001,0.13751220703125,0.14263916015625,0.0347900390625
6.183500239,0.13824462890625,0.14263916015625,0.0347900390625
6.1844889489999995,0.140625,0.14263916015625,0.0347900390625
6.185596028,0.14630126953125,0.1512451171875,0.0347900390625
6.186491443,0.14373779296875,0.1512451171875,0.04376220703125
6.187492672,0.14959716796875,0.1512451171875,0.04376220703125
6.188491567000001,0.1552734375,0.1512451171875,0.04376220703125
6.189438297,0.14959716796875,0.1512451171875,0.04376220703125
6.190587153,0.15216064453125,0.160400390625,0.04376220703125
6.1914899199999995,0.1519775390625,0.160400390625,0.052734375
6.1924870929999996,0.15509033203125,0.160400390625,0.052734375
6.193488285,0.1614990234375,0.160400390625,0.052734375
6.194486643,0.16680908203125,0.160400390625,0.052734375
6.1954949269999995,0.1611328125,0.160400390625,0.052734375
6.196436601000001,0.15838623046875,0.169921875,0.06170654296875
6.197490662000001,0.16424560546875,0.169921875,0.06170654296875
6.198489409,0.1732177734375,0.169921875,0.06170654296875
6.199487064,0.17559814453125,0.169921875,0.06170654296875
6.200487737,0.16424560546875,0.169921875,0.06170654296875
6.201435022000001,0.16754150390625,0.17889404296875,0.0706787109375
6.202487972000001,0.17559814453125,0.17889404296875,0.0706787109375
6.203488404000001,0.1787109375,0.17889404296875,0.0706787109375
6.20448791,0.1845703125,0.17889404296875,0.0706787109375
6.205487306000001,0.18072509765625,0.17889404296875,0.0706787109375
6.206432905000001,0.17816162109375,0.1878662109375,0.079833984375
6.207488059,0.1845703125,0.1878662109375,0.079833984375
6.208481769,0.19024658203125,0.1878662109375,0.079833984375
6.209485757,0.19024658203125,0.1878662109375,0.079833984375
6.210547244,0.1845703125,0.1962890625,0.079833984375
6.211477418,0.18695068359375,0.1962890625,0.08880615234375
6.21247811,0.1904296875,0.1962890625,0.08880615234375
6.213483431000001,0.1988525390625,0.1962890625,0.08880615234375
6.214474512,0.19940185546875,0.1962890625,0.08880615234375
6.215487721,0.1962890625,0.1962890625,0.08880615234375
6.216436673,0.1962890625,0.20599365234375,0.0977783203125
6.2174279199999996,0.19940185546875,0.20599365234375,0.0977783203125
6.218484537000001,0.2109375,0.20599365234375,0.0977783203125
6.219480988,0.2109375,0.20599365234375,0.0977783203125
6.22052016,0.20452880859375,0.2142333984375,0.0977783203125
6.221475723,0.21075439453125,0.2142333984375,0.10675048828125
6.222427711000001,0.21075439453125,0.2142333984375,0.10675048828125
6.223480124000001,0.21624755859375,0.2142333984375,0.10675048828125
6.224475668000001,0.2164306640625,0.2142333984375,0.10675048828125
6.225483359000001,0.21331787109375,0.2142333984375,0.10675048828125
6.22647807,0.21661376953125,0.22393798828125,0.1153564453125
6.227477761,0.2193603515625,0.22393798828125,0.1153564453125
6.228478471,0.221923828125,0.22393798828125,0.1153564453125
6.229483978,0.22796630859375,0.22393798828125,0.1153564453125
6.230478595,0.22760009765625,0.22393798828125,0.1153564453125
6.231472861000001,0.221923828125,0.23291015625,0.12469482421875
6.232469386000001,0.22760009765625,0.23291015625,0.12469482421875
6.233471929000001,0.23382568359375,0.23291015625,0.12469482421875
6.234469250000001,0.23931884765625,0.23291015625,0.12469482421875
6.235468942,0.2362060546875,0.23291015625,0.12469482421875
6.23647243,0.23638916015625,0.24188232421875,0.1336669921875
6.237467473,0.2362060546875,0.24188232421875,0.1336669921875
6.238462202,0.23968505859375,0.24188232421875,0.1336669921875
6.239466116,0.24517822265625,0.24188232421875,0.1336669921875
6.240415438,0.24188232421875,0.24188232421875,0.1336669921875
6.241463110000001,0.24188232421875,0.2508544921875,0.14263916015625
6.242459154,0.2508544921875,0.2508544921875,0.14263916015625
6.243462345,0.2508544921875,0.2508544921875,0.14263916015625
6.2444605,0.25653076171875,0.2508544921875,0.14263916015625
6.245560431,0.25653076171875,0.25946044921875,0.14263916015625
6.246475216000001,0.25048828125,0.25946044921875,0.1512451171875
6.247474315000001,0.25927734375,0.25946044921875,0.1512451171875
6.248474599000001,0.26513671875,0.25946044921875,0.1512451171875
6.249468587,0.25634765625,0.25946044921875,0.1512451171875
6.250478834,0.2625732421875,0.25946044921875,0.1512451171875
6.251468192,0.2625732421875,0.26898193359375,0.160400390625
6.2524732730000006,0.2677001953125,0.26898193359375,0.160400390625
6.2534745759999995,0.2677001953125,0.26898193359375,0.160400390625
6.254467749000001,0.27374267578125,0.26898193359375,0.160400390625
6.255477903,0.27044677734375,0.26898193359375,0.160400390625
6.256468224,0.27044677734375,0.2779541015625,0.169921875
6.25746712,0.2735595703125,0.2779541015625,0.169921875
6.258467608000001,0.276123046875,0.2779541015625,0.169921875
6.259520113,0.276123046875,0.2779541015625,0.169921875
6.260470546,0.276123046875,0.2779541015625,0.169921875
6.2614698859999995,0.281982421875,0.28692626953125,0.17889404296875
6.262463522,0.28509521484375,0.28692626953125,0.17889404296875
6.263661063,0.28472900390625,0.28692626953125,0.17889404296875
6.264522034,0.28765869140625,0.28692626953125,0.17889404296875
6.265470467000001,0.29351806640625,0.28692626953125,0.17889404296875
6.2665184730000005,0.2874755859375,0.2958984375,0.1878662109375
6.267525924,0.2933349609375,0.2958984375,0.1878662109375
6.2684676900000005,0.29644775390625,0.2958984375,0.1878662109375
6.269518511,0.2962646484375,0.2958984375,0.1878662109375
6.270520369000001,0.29608154296875,0.2958984375,0.1878662109375
6.271512153000001,0.2933349609375,0.3050537109375,0.1962890625
6.272516863000001,0.2991943359375,0.3050537109375,0.1962890625
6.273516147,0.30780029296875,0.3050537109375,0.1962890625
6.274526005000001,0.30487060546875,0.3050537109375,0.1962890625
6.275518586,0.310546875,0.3050537109375,0.1962890625
6.276527481,0.30487060546875,0.31402587890625,0.20599365234375
6.277523191000001,0.310546875,0.31402587890625,0.20599365234375
6.278516457000001,0.31658935546875,0.31402587890625,0.20599365234375
6.279528778,0.3160400390625,0.31402587890625,0.20599365234375
6.280514822,0.31329345703125,0.31402587890625,0.20599365234375
6.2815182720000005,0.31329345703125,0.322998046875,0.2142333984375
6.282525297,0.3193359375,0.322998046875,0.2142333984375
6.283521007,0.32501220703125,0.322998046875,0.2142333984375
6.28451794,0.32501220703125,0.322998046875,0.2142333984375
6.285512983000001,0.31640625,0.322998046875,0.2142333984375
6.286521378000001,0.32208251953125,0.3321533203125,0.22393798828125
6.287512922,0.33380126953125,0.3321533203125,0.22393798828125
6.288516576,0.33087158203125,0.3321533203125,0.22393798828125
6.2895110270000005,0.33380126953125,0.3321533203125,0.22393798828125
6.2905179040000005,0.3310546875,0.3321533203125,0.22393798828125
6.291511207,0.3310546875,0.33526611328125,0.23291015625
6.292518232,0.33673095703125,0.33526611328125,0.23291015625
6.293507849,0.33966064453125,0.33526611328125,0.23291015625
6.29451717,0.33380126953125,0.33526611328125,0.23291015625
6.295513121,0.3365478515625,0.33526611328125,0.23291015625
6.296517387000001,0.333984375,0.328125,0.24188232421875
6.297510041,0.328125,0.328125,0.24188232421875
6.298510011,0.3251953125,0.328125,0.24188232421875
6.299513406,0.3251953125,0.328125,0.24188232421875
6.300511857000001,0.32501220703125,0.328125,0.24188232421875
6.301510641000001,0.3251953125,0.31915283203125,0.2508544921875
6.302512129000001,0.32244873046875,0.31915283203125,0.2508544921875
6.303509783,0.31640625,0.31915283203125,0.2508544921875
6.304509734000001,0.31658935546875,0.31915283203125,0.2508544921875
6.30551087,0.3167724609375,0.31915283203125,0.2508544921875
6.3065022100000006,0.31658935546875,0.315673828125,0.25946044921875
6.307513976,0.317138671875,0.315673828125,0.25946044921875
6.3085041120000005,0.31439208984375,0.315673828125,0.25946044921875
6.309498766,0.31109619140625,0.315673828125,0.25946044921875
6.310508439,0.3138427734375,0.315673828125,0.25946044921875
6.311500668,0.31732177734375,0.30670166015625,0.26898193359375
6.312503545000001,0.305419921875,0.30670166015625,0.26898193359375
6.313504588,0.30267333984375,0.30670166015625,0.26898193359375
6.314503243,0.302490234375,0.30670166015625,0.26898193359375
6.315498768,0.30615234375,0.30670166015625,0.26898193359375
6.316499496,0.30615234375,0.2977294921875,0.2779541015625
6.317501336,0.30010986328125,0.2977294921875,0.2779541015625
6.318508157000001,0.29443359375,0.2977294921875,0.2779541015625
6.319500756000001,0.29736328125,0.2977294921875,0.2779541015625
6.3204983740000005,0.29443359375,0.2977294921875,0.2779541015625
6.321494862000001,0.29461669921875,0.2896728515625,0.28692626953125
6.322501738000001,0.29461669921875,0.2896728515625,0.28692626953125
6.323506411000001,0.28912353515625,0.2896728515625,0.28692626953125
6.324501918,0.289306640625,0.2896728515625,0.28692626953125
6.325596367,0.28363037109375,0.28582763671875,0.28692626953125
6.326504208,0.2926025390625,0.28582763671875,0.2958984375
6.3275029,0.2838134765625,0.28582763671875,0.2958984375
6.328500388000001,0.2838134765625,0.28582763671875,0.2958984375
6.3294926160000005,0.28656005859375,0.28582763671875,0.2958984375
6.330497252,0.28472900390625,0.28582763671875,0.2958984375
6.3314995739999995,0.2845458984375,0.27886962890625,0.3050537109375
6.332503098000001,0.27850341796875,0.27886962890625,0.3050537109375
6.3334963459999996,0.275390625,0.27886962890625,0.3050537109375
6.33449063,0.27593994140625,0.27886962890625,0.3050537109375
6.335598931000001,0.27593994140625,0.2830810546875,0.3050537109375
6.336494217000001,0.27850341796875,0.2830810546875,0.31402587890625
6.337487057,0.28509521484375,0.2830810546875,0.31402587890625
6.338497211000001,0.27978515625,0.2830810546875,0.31402587890625
6.339491143000001,0.28564453125,0.2830810546875,0.31402587890625
6.340488983000001,0.27978515625,0.2830810546875,0.31402587890625
6.341489675000001,0.28802490234375,0.29205322265625,0.322998046875
6.3424942369999995,0.29168701171875,0.29205322265625,0.322998046875
6.343487539000001,0.2926025390625,0.29205322265625,0.322998046875
6.344482046,0.2918701171875,0.29205322265625,0.322998046875
6.345484330000001,0.29534912109375,0.29205322265625,0.322998046875
6.346488299,0.2926025390625,0.287841796875,0.3321533203125
6.347495880000001,0.28656005859375,0.287841796875,0.3321533203125
6.348485664000001,0.29058837890625,0.287841796875,0.3321533203125
6.349480337,0.2900390625,0.287841796875,0.3321533203125
6.350484991000001,0.28912353515625,0.287841796875,0.3321533203125
6.351484924,0.2867431640625,0.29644775390625,0.33526611328125
6.352484078000001,0.29388427734375,0.29644775390625,0.33526611328125
6.3534911030000005,0.2969970703125,0.29644775390625,0.33526611328125
6.354490054,0.30047607421875,0.29644775390625,0.33526611328125
6.355570708000001,0.2969970703125,0.2977294921875,0.33526611328125
6.356493826,0.29461669921875,0.2977294921875,0.328125
6.357489703,0.29461669921875,0.2977294921875,0.328125
6.358475561,0.30047607421875,0.2977294921875,0.328125
6.359483845000001,0.2955322265625,0.2977294921875,0.328125
6.360480889000001,0.29864501953125,0.2977294921875,0.328125
6.361484414,0.29864501953125,0.2977294921875,0.31915283203125
6.362487031,0.29864501953125,0.2977294921875,0.31915283203125
6.363484667000001,0.29864501953125,0.2977294921875,0.31915283203125
6.364472118000001,0.2962646484375,0.2977294921875,0.31915283203125
6.365482754000001,0.3050537109375,0.2977294921875,0.31915283203125
6.3664760750000005,0.2962646484375,0.30157470703125,0.315673828125
6.367485878000001,0.2969970703125,0.30157470703125,0.315673828125
6.368476495,0.30377197265625,0.30157470703125,0.315673828125
6.369477539000001,0.29937744140625,0.30157470703125,0.315673828125
6.370478749000001,0.30029296875,0.30157470703125,0.315673828125
6.37147907,0.30377197265625,0.303955078125,0.30670166015625
6.372472410000001,0.30377197265625,0.303955078125,0.30670166015625
6.37348099,0.30377197265625,0.303955078125,0.30670166015625
6.374475423000001,0.306884765625,0.303955078125,0.30670166015625
6.375468114000001,0.30157470703125,0.303955078125,0.30670166015625
6.376481602000001,0.29901123046875,0.31292724609375,0.2977294921875
6.377475349,0.31329345703125,0.31292724609375,0.2977294921875
6.378480744,0.31695556640625,0.31292724609375,0.2977294921875
6.379473047,0.31787109375,0.31292724609375,0.2977294921875
6.380476961,0.3123779296875,0.31292724609375,0.2977294921875
6.381474412,0.3123779296875,0.32025146484375,0.2896728515625
6.382474178,0.3123779296875,0.32025146484375,0.2896728515625
6.383478536000001,0.3233642578125,0.32025146484375,0.2896728515625
6.38447082,0.3251953125,0.32025146484375,0.2896728515625
6.3854781229999995,0.3218994140625,0.32025146484375,0.2896728515625
6.386473648,0.318603515625,0.31842041015625,0.28582763671875
6.387472969,0.31549072265625,0.31842041015625,0.28582763671875
6.388470253,0.31640625,0.31842041015625,0.28582763671875
6.389460556,0.3204345703125,0.31842041015625,0.28582763671875
6.390469136000001,0.32208251953125,0.31842041015625,0.28582763671875
6.391475531,0.31732177734375,0.32427978515625,0.27886962890625
6.392465149,0.32281494140625,0.32427978515625,0.27886962890625
6.393480155,0.32958984375,0.32427978515625,0.27886962890625
6.394467643,0.32427978515625,0.32427978515625,0.27886962890625
6.395467076,0.32427978515625,0.32427978515625,0.27886962890625
6.396471211000001,0.32427978515625,0.333251953125,0.2830810546875
6.397464033000001,0.3306884765625,0.333251953125,0.2830810546875
6.39847528,0.33380126953125,0.333251953125,0.2830810546875
6.399469823,0.33746337890625,0.333251953125,0.2830810546875
6.400529347,0.33380126953125,0.333251953125,0.2830810546875
6.401471984,0.33526611328125,0.33984375,0.29205322265625
6.402472361,0.33837890625,0.33984375,0.29205322265625
6.403513071,0.340576171875,0.33984375,0.29205322265625
6.404509855,0.3438720703125,0.33984375,0.29205322265625
6.405513713,0.33856201171875,0.33984375,0.29205322265625
6.4064714050000005,0.3394775390625,0.34039306640625,0.287841796875
6.407514096000001,0.33966064453125,0.34039306640625,0.287841796875
6.408513677000001,0.33966064453125,0.34039306640625,0.287841796875
6.409514979,0.34039306640625,0.34039306640625,0.287841796875
6.410516615,0.3427734375,0.34039306640625,0.287841796875
6.411512159,0.34039306640625,0.3380126953125,0.29644775390625
6.412514091000001,0.3372802734375,0.3380126953125,0.29644775390625
6.413525764,0.3427734375,0.3380126953125,0.29644775390625
6.414522918,0.3372802734375,0.3380126953125,0.29644775390625
6.415515703,0.33856201171875,0.3380126953125,0.29644775390625
6.416454802,0.33856201171875,0.34698486328125,0.2977294921875
6.417464049,0.3497314453125,0.34698486328125,0.2977294921875
6.418509833000001,0.3486328125,0.34698486328125,0.2977294921875
6.419506728000001,0.3475341796875,0.34698486328125,0.2977294921875
6.420506457000001,0.346435546875,0.34698486328125,0.2977294921875
6.421503889000001,0.3486328125,0.35595703125,0.2977294921875
6.422513803,0.35174560546875,0.35595703125,0.2977294921875
6.423511346000001,0.35870361328125,0.35595703125,0.2977294921875
6.424514408000001,0.36090087890625,0.35595703125,0.2977294921875
6.425517137000001,0.356689453125,0.35595703125,0.2977294921875
6.4265155510000005,0.3599853515625,0.362548828125,0.30157470703125
6.4275171680000005,0.36181640625,0.362548828125,0.30157470703125
6.428521341000001,0.36529541015625,0.362548828125,0.30157470703125
6.429511607000001,0.36676025390625,0.362548828125,0.30157470703125
6.430522502,0.36895751953125,0.362548828125,0.30157470703125
6.431519731000001,0.361083984375,0.362548828125,0.303955078125
6.432509571,0.35980224609375,0.362548828125,0.303955078125
6.433514429,0.36309814453125,0.362548828125,0.303955078125
6.434503454000001,0.362548828125,0.362548828125,0.303955078125
6.435452405,0.35888671875,0.362548828125,0.303955078125
6.4365073,0.366943359375,0.3643798828125,0.31292724609375
6.437496232,0.366943359375,0.3643798828125,0.31292724609375
6.43845648,0.36474609375,0.3643798828125,0.31292724609375
6.439503004,0.36474609375,0.3643798828125,0.31292724609375
6.4405039,0.36273193359375,0.3643798828125,0.31292724609375
6.441452055,0.3680419921875,0.37353515625,0.32025146484375
6.442505801,0.369140625,0.37353515625,0.32025146484375
6.443509474,0.3746337890625,0.37353515625,0.32025146484375
6.44450624,0.375732421875,0.37353515625,0.32025146484375
6.445610653,0.3724365234375,0.3819580078125,0.32025146484375
6.446509179,0.375732421875,0.3819580078125,0.31842041015625
6.447504074,0.3848876953125,0.3819580078125,0.31842041015625
6.448502914,0.385986328125,0.3819580078125,0.31842041015625
6.4495007719999995,0.38397216796875,0.3819580078125,0.31842041015625
6.450499149,0.3848876953125,0.3819580078125,0.31842041015625
6.451496951,0.3848876953125,0.38873291015625,0.32427978515625
6.452495384,0.385986328125,0.38873291015625,0.32427978515625
6.453496835,0.3870849609375,0.38873291015625,0.32427978515625
6.454492656,0.3907470703125,0.38873291015625,0.32427978515625
6.455490588000001,0.3907470703125,0.38873291015625,0.32427978515625
6.456447003,0.388916015625,0.390380859375,0.333251953125
6.457497749000001,0.3870849609375,0.390380859375,0.333251953125
6.458494348000001,0.39276123046875,0.390380859375,0.333251953125
6.459493929,0.39404296875,0.390380859375,0.333251953125
6.460452880000001,0.39404296875,0.390380859375,0.333251953125
6.461493015000001,0.388916015625,0.39935302734375,0.33984375
6.462492837,0.3973388671875,0.39935302734375,0.33984375
6.4634928799999996,0.39532470703125,0.39935302734375,0.33984375
6.46449746,0.40631103515625,0.39935302734375,0.33984375
6.465493300000001,0.39532470703125,0.39935302734375,0.33984375
6.466542213000001,0.3973388671875,0.40960693359375,0.34039306640625
6.467488498000001,0.404296875,0.40960693359375,0.34039306640625
6.468485505000001,0.4075927734375,0.40960693359375,0.34039306640625
6.469435734,0.40887451171875,0.40960693359375,0.34039306640625
6.4704852950000005,0.41290283203125,0.40960693359375,0.34039306640625
6.471484005,0.410888671875,0.41729736328125,0.3380126953125
6.472443549,0.41583251953125,0.41729736328125,0.3380126953125
6.473487185000001,0.41912841796875,0.41729736328125,0.3380126953125
6.474437303000001,0.4171142578125,0.41729736328125,0.3380126953125
6.475492568000001,0.413818359375,0.41729736328125,0.3380126953125
6.476485297000001,0.416015625,0.41619873046875,0.34698486328125
6.477492729000001,0.41583251953125,0.41619873046875,0.34698486328125
6.478479291,0.41400146484375,0.41619873046875,0.34698486328125
6.479439668,0.4119873046875,0.41619873046875,0.34698486328125
6.480477878000001,0.41400146484375,0.41619873046875,0.34698486328125
6.481475106,0.41912841796875,0.42352294921875,0.35595703125
6.482445521,0.42425537109375,0.42352294921875,0.35595703125
6.483485545,0.42041015625,0.42352294921875,0.35595703125
6.484478181000001,0.4237060546875,0.42352294921875,0.35595703125
6.4854261509999995,0.42242431640625,0.42352294921875,0.35595703125
6.486482138,0.42938232421875,0.4310302734375,0.362548828125
6.487472423000001,0.42938232421875,0.4310302734375,0.362548828125
6.488433874000001,0.43267822265625,0.4310302734375,0.362548828125
6.489475528000001,0.435791015625,0.4310302734375,0.362548828125
6.490472164000001,0.43194580078125,0.4310302734375,0.362548828125
6.491434967000001,0.425537109375,0.43011474609375,0.362548828125
6.492478491000001,0.4339599609375,0.43011474609375,0.362548828125
6.493482627,0.425537109375,0.43011474609375,0.362548828125
6.494428597,0.42388916015625,0.43011474609375,0.362548828125
6.495476529,0.4339599609375,0.43011474609375,0.362548828125
6.496469332000001,0.4339599609375,0.43505859375,0.3643798828125
6.497434542,0.4339599609375,0.43505859375,0.3643798828125
6.4984848820000005,0.435791015625,0.43505859375,0.3643798828125
6.499475388,0.435791015625,0.43505859375,0.3643798828125
6.500426228000001,0.43414306640625,0.43505859375,0.3643798828125
6.501475716000001,0.437255859375,0.4368896484375,0.37353515625
6.502475981000001,0.4339599609375,0.4368896484375,0.37353515625
6.503482543,0.435791015625,0.4368896484375,0.37353515625
6.504474587,0.43743896484375,0.4368896484375,0.37353515625
6.5055767399999995,0.437255859375,0.4365234375,0.37353515625
6.506416248,0.43853759765625,0.4365234375,0.3819580078125
6.507474273000001,0.43743896484375,0.4365234375,0.3819580078125
6.508466964000001,0.43743896484375,0.4365234375,0.3819580078125
6.5094699149999995,0.43743896484375,0.4365234375,0.3819580078125
6.510466958000001,0.44073486328125,0.4365234375,0.3819580078125
6.511465946,0.43524169921875,0.44110107421875,0.38873291015625
6.5124159530000005,0.44073486328125,0.44110107421875,0.38873291015625
6.513476292000001,0.4442138671875,0.44110107421875,0.38873291015625
6.514419244,0.44219970703125,0.44110107421875,0.38873291015625
6.515466435,0.4442138671875,0.44110107421875,0.38873291015625
6.5164692,0.44219970703125,0.448974609375,0.390380859375
6.517411485000001,0.44219970703125,0.448974609375,0.390380859375
6.518476176000001,0.4486083984375,0.448974609375,0.390380859375
6.5195082189999995,0.4508056640625,0.448974609375,0.390380859375
6.520420727,0.4486083984375,0.448974609375,0.390380859375
6.521414696,0.4508056640625,0.45758056640625,0.39935302734375
6.522468054,0.457763671875,0.45758056640625,0.39935302734375
6.523465486,0.4610595703125,0.45758056640625,0.39935302734375
6.524469159,0.4610595703125,0.45758056640625,0.39935302734375
6.5254683689999995,0.45556640625,0.45758056640625,0.39935302734375
6.526413987000001,0.45703125,0.46087646484375,0.39935302734375
6.5274596780000005,0.4610595703125,0.46087646484375,0.40960693359375
6.528458796,0.4610595703125,0.46087646484375,0.40960693359375
6.5294588760000005,0.46435546875,0.46087646484375,0.40960693359375
6.5304627900000005,0.462890625,0.46087646484375,0.40960693359375
6.53146013,0.46435546875,0.46636962890625,0.41729736328125
6.532458766,0.463623046875,0.46636962890625,0.41729736328125
6.533462328,0.4676513671875,0.46636962890625,0.41729736328125
6.534469019,0.469482421875,0.46636962890625,0.41729736328125
6.535460415,0.4691162109375,0.46636962890625,0.41729736328125
6.536465421,0.4676513671875,0.4716796875,0.41619873046875
6.537464816000001,0.47314453125,0.4716796875,0.41619873046875
6.538460952,0.472412109375,0.4716796875,0.41619873046875
6.539457959000001,0.47314453125,0.4716796875,0.41619873046875
6.540565575,0.4654541015625,0.4632568359375,0.41619873046875
6.541457638,0.4713134765625,0.4632568359375,0.42352294921875
6.542458107000001,0.46435546875,0.4632568359375,0.42352294921875
6.5434669659999996,0.4588623046875,0.4632568359375,0.42352294921875
6.544469916,0.4588623046875,0.4632568359375,0.42352294921875
6.545470108000001,0.46435546875,0.4544677734375,0.42352294921875
6.546469985000001,0.457763671875,0.4544677734375,0.4310302734375
6.547467473,0.45208740234375,0.4544677734375,0.4310302734375
6.548466794,0.451904296875,0.4544677734375,0.4310302734375
6.5494677260000005,0.4486083984375,0.4544677734375,0.4310302734375
6.550471492000001,0.4541015625,0.4544677734375,0.4310302734375
6.551464961,0.4541015625,0.444580078125,0.43011474609375
6.552474856000001,0.4486083984375,0.444580078125,0.43011474609375
6.553460567000001,0.43853759765625,0.444580078125,0.43011474609375
6.554466462,0.4442138671875,0.444580078125,0.43011474609375
6.555459524000001,0.4442138671875,0.444580078125,0.43011474609375
6.556468586,0.44036865234375,0.43560791015625,0.43505859375
6.557465037000001,0.44073486328125,0.43560791015625,0.43505859375
6.558462265,0.43011474609375,0.43560791015625,0.43505859375
6.559457864,0.43524169921875,0.43560791015625,0.43505859375
6.560607424,0.43194580078125,0.427001953125,0.43505859375
6.561504617,0.43524169921875,0.427001953125,0.4368896484375
6.562503772,0.42535400390625,0.427001953125,0.4368896484375
6.563648850000001,0.42169189453125,0.427001953125,0.4368896484375
6.564505285,0.42169189453125,0.427001953125,0.4368896484375
6.565465902000001,0.42535400390625,0.427001953125,0.4368896484375
6.566508186000001,0.42535400390625,0.41766357421875,0.4365234375
6.567504915,0.42169189453125,0.41766357421875,0.4365234375
6.568503773000001,0.41326904296875,0.41766357421875,0.4365234375
6.569455799000001,0.41180419921875,0.41766357421875,0.4365234375
6.570510452,0.41656494140625,0.41766357421875,0.4365234375
6.571509959000001,0.41839599609375,0.40850830078125,0.44110107421875
6.572454503,0.40997314453125,0.40850830078125,0.44110107421875
6.573516509,0.40484619140625,0.40850830078125,0.44110107421875
6.574455645,0.40301513671875,0.40850830078125,0.44110107421875
6.5755028179999995,0.41180419921875,0.40850830078125,0.44110107421875
6.576496435,0.40631103515625,0.3995361328125,0.448974609375
6.577448739,0.40484619140625,0.3995361328125,0.448974609375
6.578508429,0.39788818359375,0.3995361328125,0.448974609375
6.579497973,0.39971923828125,0.3995361328125,0.448974609375
6.5804983130000005,0.39642333984375,0.39093017578125,0.448974609375
6.581503764,0.40155029296875,0.39093017578125,0.45758056640625
6.5825017699999995,0.39459228515625,0.39093017578125,0.45758056640625
6.583503036000001,0.3896484375,0.39093017578125,0.45758056640625
6.584497801,0.3896484375,0.39093017578125,0.45758056640625
6.58545379,0.3878173828125,0.39093017578125,0.45758056640625
6.5864463330000005,0.3914794921875,0.381591796875,0.46087646484375
6.587501376,0.3812255859375,0.381591796875,0.46087646484375
6.588495271,0.383056640625,0.381591796875,0.46087646484375
6.5894515,0.383056640625,0.381591796875,0.46087646484375
6.590498006,0.374267578125,0.381591796875,0.46087646484375
6.591504327,0.3863525390625,0.3724365234375,0.46636962890625
6.592495112000001,0.37939453125,0.3724365234375,0.46636962890625
6.5935034880000005,0.3709716796875,0.3724365234375,0.46636962890625
6.5944477180000005,0.36767578125,0.3724365234375,0.46636962890625
6.595495723,0.372802734375,0.3724365234375,0.46636962890625
6.596488674000001,0.372802734375,0.36346435546875,0.4716796875
6.597440681000001,0.36767578125,0.36346435546875,0.4716796875
6.598496687,0.3607177734375,0.36346435546875,0.4716796875
6.599491471000001,0.362548828125,0.36346435546875,0.4716796875
6.600501478000001,0.3607177734375,0.36346435546875,0.4716796875
6.601486632000001,0.362548828125,0.3544921875,0.4632568359375
6.602447232,0.357421875,0.3544921875,0.4632568359375
6.603633106000001,0.3541259765625,0.3544921875,0.4632568359375
6.60448254,0.350830078125,0.3544921875,0.4632568359375
6.605442251,0.3541259765625,0.3544921875,0.4632568359375
6.606496923000001,0.35595703125,0.3453369140625,0.4544677734375
6.607487263,0.350830078125,0.3453369140625,0.4544677734375
6.608436826000001,0.34222412109375,0.3453369140625,0.4544677734375
6.609486424000001,0.34222412109375,0.3453369140625,0.4544677734375
6.610500560000001,0.34405517578125,0.3453369140625,0.4544677734375
6.611482455,0.34222412109375,0.3365478515625,0.444580078125
6.612440259,0.33563232421875,0.3365478515625,0.444580078125
6.613491820000001,0.33746337890625,0.3365478515625,0.444580078125
6.614443253,0.33197021484375,0.3365478515625,0.444580078125
6.615485925000001,0.34259033203125,0.3365478515625,0.444580078125
6.616479932,0.33746337890625,0.32757568359375,0.43560791015625
6.617479383,0.32867431640625,0.32757568359375,0.43560791015625
6.618482759,0.32720947265625,0.32757568359375,0.43560791015625
6.619432711000001,0.31805419921875,0.32757568359375,0.43560791015625
6.620480235,0.33050537109375,0.32757568359375,0.43560791015625
6.621484445000001,0.32867431640625,0.318603515625,0.427001953125
6.622431619000001,0.31805419921875,0.318603515625,0.427001953125
6.623486662,0.32025146484375,0.318603515625,0.427001953125
6.6244313539999995,0.31842041015625,0.318603515625,0.427001953125
6.625474601,0.3131103515625,0.318603515625,0.427001953125
6.626487107,0.3218994140625,0.30963134765625,0.41766357421875
6.627477836,0.31182861328125,0.30963134765625,0.41766357421875
6.628426435000001,0.30853271484375,0.30963134765625,0.41766357421875
6.629475515,0.30853271484375,0.30963134765625,0.41766357421875
6.630473355,0.30487060546875,0.30963134765625,0.41766357421875
6.631435954,0.30853271484375,0.3006591796875,0.40850830078125
6.632475682,0.30487060546875,0.3006591796875,0.40850830078125
6.633469689000001,0.299560546875,0.3006591796875,0.40850830078125
6.634486010000001,0.299560546875,0.3006591796875,0.40850830078125
6.6354730900000005,0.30010986328125,0.3006591796875,0.40850830078125
6.636483597000001,0.29443359375,0.29168701171875,0.3995361328125
6.637484640000001,0.295166015625,0.29168701171875,0.3995361328125
6.638468128,0.28619384765625,0.29168701171875,0.3995361328125
6.639477820000001,0.29132080078125,0.29168701171875,0.3995361328125
6.640466271,0.29150390625,0.29168701171875,0.3995361328125
6.641431166000001,0.29150390625,0.28271484375,0.39093017578125
6.642469598000001,0.284912109375,0.28271484375,0.39093017578125
6.643476382,0.28143310546875,0.28271484375,0.39093017578125
6.644422908,0.28143310546875,0.28271484375,0.39093017578125
6.645476765000001,0.2816162109375,0.28271484375,0.39093017578125
6.646465716000001,0.28289794921875,0.27374267578125,0.381591796875
6.647467538,0.27264404296875,0.27374267578125,0.381591796875
6.64841997,0.267333984375,0.27374267578125,0.381591796875
6.649470180000001,0.26934814453125,0.27374267578125,0.381591796875
6.650469334000001,0.26934814453125,0.27374267578125,0.381591796875
6.6514656190000006,0.27117919921875,0.2647705078125,0.3724365234375
6.652418477,0.267333984375,0.2647705078125,0.3724365234375
6.653469780000001,0.26605224609375,0.2647705078125,0.3724365234375
6.654476119000001,0.25909423828125,0.2647705078125,0.3724365234375
6.655416811000001,0.26275634765625,0.2647705078125,0.3724365234375
6.656472132,0.26605224609375,0.25579833984375,0.36346435546875
6.6574688239999995,0.2607421875,0.25579833984375,0.36346435546875
6.658416479,0.2559814453125,0.25579833984375,0.36346435546875
6.659464466,0.2559814453125,0.25579833984375,0.36346435546875
6.6604622870000005,0.2559814453125,0.25579833984375,0.36346435546875
6.661412017000001,0.25396728515625,0.24664306640625,0.3544921875
6.662468393,0.2493896484375,0.24664306640625,0.3544921875
6.663466936,0.24041748046875,0.24664306640625,0.3544921875
6.664466146,0.24737548828125,0.24664306640625,0.3544921875
6.66547256,0.24737548828125,0.2384033203125,0.3544921875
6.666414382,0.24041748046875,0.2384033203125,0.3453369140625
6.667460499,0.2391357421875,0.2384033203125,0.3453369140625
6.668468264,0.2391357421875,0.2384033203125,0.3453369140625
6.669413086,0.23712158203125,0.2384033203125,0.3453369140625
6.670455074,0.2391357421875,0.2384033203125,0.3453369140625
6.671463598,0.23583984375,0.228515625,0.3365478515625
6.672462049000001,0.2281494140625,0.228515625,0.3365478515625
6.673481648,0.22686767578125,0.228515625,0.3365478515625
6.674455895,0.22357177734375,0.228515625,0.3365478515625
6.6754576420000005,0.224853515625,0.228515625,0.3365478515625
6.676463278000001,0.2318115234375,0.2193603515625,0.32757568359375
6.677454229000001,0.2215576171875,0.2193603515625,0.32757568359375
6.678455421,0.218994140625,0.2193603515625,0.32757568359375
6.679460724000001,0.21697998046875,0.2193603515625,0.32757568359375
6.680463785,0.22027587890625,0.2193603515625,0.32757568359375
6.681459847,0.21826171875,0.2105712890625,0.318603515625
6.6824556500000005,0.2135009765625,0.2105712890625,0.318603515625
6.683458027000001,0.210205078125,0.2105712890625,0.318603515625
6.684455404,0.20819091796875,0.2105712890625,0.318603515625
6.6854680029999995,0.210205078125,0.20233154296875,0.318603515625
6.686466194,0.20489501953125,0.20233154296875,0.30963134765625
6.687466738,0.20159912109375,0.20233154296875,0.30963134765625
6.688465188000001,0.20159912109375,0.20233154296875,0.30963134765625
6.689465269,0.199951171875,0.20233154296875,0.30963134765625
6.690464238,0.20159912109375,0.20233154296875,0.30963134765625
6.691459430000001,0.20361328125,0.19244384765625,0.3006591796875
6.692460918000001,0.193359375,0.19244384765625,0.3006591796875
6.693461998000001,0.19134521484375,0.19244384765625,0.3006591796875
6.694469467,0.18951416015625,0.19244384765625,0.3006591796875
6.695459715000001,0.19134521484375,0.19244384765625,0.3006591796875
6.696455666000001,0.193359375,0.1834716796875,0.29168701171875
6.697467042,0.18438720703125,0.1834716796875,0.29168701171875
6.698460975000001,0.18109130859375,0.1834716796875,0.29168701171875
6.69950874,0.18109130859375,0.1834716796875,0.29168701171875
6.700507653,0.18438720703125,0.1834716796875,0.29168701171875
6.701511345000001,0.17926025390625,0.17431640625,0.28271484375
6.702511592,0.17779541015625,0.17431640625,0.28271484375
6.703512784,0.17449951171875,0.17431640625,0.28271484375
6.704506161,0.169189453125,0.17431640625,0.28271484375
6.705626073,0.169189453125,0.1658935546875,0.28271484375
6.706452155,0.169189453125,0.1658935546875,0.27374267578125
6.7075132349999995,0.167724609375,0.1658935546875,0.27374267578125
6.708513371,0.16259765625,0.1658935546875,0.27374267578125
6.709450749000001,0.1658935546875,0.1658935546875,0.27374267578125
6.710513236,0.1658935546875,0.1658935546875,0.27374267578125
6.711501798,0.167724609375,0.15618896484375,0.2647705078125
6.712453675,0.1593017578125,0.15618896484375,0.2647705078125
6.713506237,0.1505126953125,0.15618896484375,0.2647705078125
6.714457077,0.1490478515625,0.15618896484375,0.2647705078125
6.715502564,0.157470703125,0.15618896484375,0.2647705078125
6.716500441,0.1611328125,0.147216796875,0.25579833984375
6.717456096,0.147216796875,0.147216796875,0.25579833984375
6.718501917,0.1490478515625,0.147216796875,0.25579833984375
6.719505553,0.145751953125,0.147216796875,0.25579833984375
6.720450097,0.1439208984375,0.147216796875,0.25579833984375
6.7214527330000005,0.145751953125,0.13824462890625,0.24664306640625
6.72249909,0.1424560546875,0.13824462890625,0.24664306640625
6.7234980779999995,0.136962890625,0.13824462890625,0.24664306640625
6.724494437,0.1336669921875,0.13824462890625,0.24664306640625
6.725692718,0.1387939453125,0.12945556640625,0.2384033203125
6.726456154,0.136962890625,0.12945556640625,0.2384033203125
6.727497771,0.135498046875,0.12945556640625,0.2384033203125
6.728493592,0.12506103515625,0.12945556640625,0.2384033203125
6.7294479879999995,0.12908935546875,0.12945556640625,0.2384033203125
6.730502771,0.13037109375,0.12945556640625,0.2384033203125
6.73149487,0.13037109375,0.1201171875,0.228515625
6.732491803000001,0.12542724609375,0.1201171875,0.228515625
6.73349392,0.11883544921875,0.1201171875,0.228515625
6.734500519,0.11700439453125,0.1201171875,0.228515625
6.735496674000001,0.11810302734375,0.1201171875,0.228515625
6.736491347,0.117919921875,0.11114501953125,0.2193603515625
6.737489372,0.11151123046875,0.11114501953125,0.2193603515625
6.738486471000001,0.10784912109375,0.11114501953125,0.2193603515625
6.73944544,0.10455322265625,0.11114501953125,0.2193603515625
6.740485743,0.11004638671875,0.11114501953125,0.2193603515625
6.741487119000001,0.11700439453125,0.1021728515625,0.2105712890625
6.742441126,0.10455322265625,0.1021728515625,0.2105712890625
6.74349141,0.10125732421875,0.1021728515625,0.2105712890625
6.744486750000001,0.10015869140625,0.1021728515625,0.2105712890625
6.7454883489999995,0.10015869140625,0.1021728515625,0.2105712890625
6.746494355,0.10125732421875,0.09320068359375,0.20233154296875
6.7474895649999995,0.09429931640625,0.09320068359375,0.20233154296875
6.748486905000001,0.09100341796875,0.09320068359375,0.20233154296875
6.749487819,0.08770751953125,0.09320068359375,0.20233154296875
6.750489695,0.09429931640625,0.09320068359375,0.20233154296875
6.751436388000001,0.09429931640625,0.084228515625,0.19244384765625
6.752486264000001,0.08770751953125,0.084228515625,0.19244384765625
6.753485048000001,0.0845947265625,0.084228515625,0.19244384765625
6.754487591000001,0.07891845703125,0.084228515625,0.19244384765625
6.755482487000001,0.08441162109375,0.084228515625,0.19244384765625
6.756477197,0.0845947265625,0.07525634765625,0.1834716796875
6.757475370000001,0.07763671875,0.07525634765625,0.1834716796875
6.758484747,0.0743408203125,0.07525634765625,0.1834716796875
6.759480957,0.0743408203125,0.07525634765625,0.1834716796875
6.760480833,0.0743408203125,0.07525634765625,0.1834716796875
6.761436377,0.0692138671875,0.0662841796875,0.17431640625
6.762477920000001,0.0640869140625,0.0662841796875,0.17431640625
6.763475834,0.0692138671875,0.0662841796875,0.17431640625
6.7644313039999995,0.06024169921875,0.0662841796875,0.17431640625
6.765480791000001,0.071044921875,0.0662841796875,0.17431640625
6.766478168,0.062255859375,0.05731201171875,0.1658935546875
6.767429934,0.060791015625,0.05731201171875,0.1658935546875
6.768478311,0.0556640625,0.05731201171875,0.1658935546875
6.769482354,0.0523681640625,0.05731201171875,0.1658935546875
6.770475027000001,0.0523681640625,0.05731201171875,0.1658935546875
6.771434386,0.0574951171875,0.04833984375,0.15618896484375
6.772477021000001,0.050537109375,0.04833984375,0.15618896484375
6.773478991,0.04541015625,0.04833984375,0.15618896484375
6.774478756,0.04541015625,0.04833984375,0.15618896484375
6.775475281000001,0.0487060546875,0.04833984375,0.15618896484375
6.776480954000001,0.04541015625,0.03936767578125,0.147216796875
6.777472776000001,0.0435791015625,0.03936767578125,0.147216796875
6.778478671000001,0.038818359375,0.03936767578125,0.147216796875
6.77947401,0.0406494140625,0.03936767578125,0.147216796875
6.780474184,0.03350830078125,0.03936767578125,0.147216796875
6.781472505000001,0.040283203125,0.0303955078125,0.13824462890625
6.782432512000001,0.03350830078125,0.0303955078125,0.13824462890625
6.783468295,0.02691650390625,0.0303955078125,0.13824462890625
6.784430617000001,0.02874755859375,0.0303955078125,0.13824462890625
6.785603640000001,0.03204345703125,0.02178955078125,0.13824462890625
6.786473537,0.02691650390625,0.02178955078125,0.12945556640625
6.787469562000001,0.02691650390625,0.02178955078125,0.12945556640625
6.788480364000001,0.02178955078125,0.02178955078125,0.12945556640625
6.789420834,0.01995849609375,0.02178955078125,0.12945556640625
6.790471136,0.0179443359375,0.02178955078125,0.12945556640625
6.791466735000001,0.0216064453125,0.012451171875,0.1201171875
6.792465205,0.01849365234375,0.012451171875,0.1201171875
6.793611487000001,0.0113525390625,0.012451171875,0.1201171875
6.794468162,0.00677490234375,0.012451171875,0.1201171875
6.795470057,0.01519775390625,0.012451171875,0.1201171875
6.7964741559999995,0.0113525390625,0.00347900390625,0.11114501953125
6.797473848,0.01007080078125,0.00347900390625,0.11114501953125
6.798465799,-0.00201416015625,0.00347900390625,0.11114501953125
6.799488638000001,0.0,0.00347900390625,0.11114501953125
6.8004739590000005,0.00494384765625,0.00347900390625,0.11114501953125
6.801471688,0.00494384765625,-0.0054931640625,0.1021728515625
6.802418695000001,-0.00201416015625,-0.0054931640625,0.1021728515625
6.803467997000001,-0.00860595703125,-0.0054931640625,0.1021728515625
6.8044252080000005,-0.00860595703125,-0.0054931640625,0.1021728515625
6.805570083,-0.00860595703125,-0.01373291015625,0.1021728515625
6.806462498000001,-0.00146484375,-0.01373291015625,0.09320068359375
6.807461245,-0.00860595703125,-0.01373291015625,0.09320068359375
6.808411122,-0.017578125,-0.01373291015625,0.09320068359375
6.809458480000001,-0.01556396484375,-0.01373291015625,0.09320068359375
6.810459838000001,-0.01556396484375,-0.01373291015625,0.09320068359375
6.811464271000001,-0.01556396484375,-0.0234375,0.084228515625
6.812466925,-0.01885986328125,-0.0234375,0.084228515625
6.813462746,-0.02435302734375,-0.0234375,0.084228515625
6.814462123000001,-0.02215576171875,-0.0234375,0.084228515625
6.815460907000001,-0.02215576171875,-0.0234375,0.084228515625
6.816462562000001,-0.02435302734375,-0.03240966796875,0.07525634765625
6.817467624,-0.03240966796875,-0.03240966796875,0.07525634765625
6.8184601670000005,-0.034423828125,-0.03240966796875,0.07525634765625
6.819465377000001,-0.0377197265625,-0.03240966796875,0.07525634765625
6.820454439,-0.034423828125,-0.03240966796875,0.07525634765625
6.821455649,-0.034423828125,-0.0413818359375,0.0662841796875
6.822452860000001,-0.0413818359375,-0.0413818359375,0.0662841796875
6.823461495000001,-0.043212890625,-0.0413818359375,0.0662841796875
6.824517983000001,-0.0413818359375,-0.0413818359375,0.0662841796875
6.8254606010000005,-0.0377197265625,-0.0413818359375,0.0662841796875
6.826464385,-0.03955078125,-0.05035400390625,0.05731201171875
6.827462077000001,-0.0479736328125,-0.05035400390625,0.05731201171875
6.8284635830000004,-0.0531005859375,-0.05035400390625,0.05731201171875
6.829460478000001,-0.05511474609375,-0.05035400390625,0.05731201171875
6.830455763000001,-0.0498046875,-0.05035400390625,0.05731201171875
6.831460824,-0.0457763671875,-0.059326171875,0.04833984375
6.8324560530000005,-0.0567626953125,-0.059326171875,0.04833984375
6.833462226000001,-0.06005859375,-0.059326171875,0.04833984375
6.834457418,-0.06646728515625,-0.059326171875,0.04833984375
6.835460387,-0.06005859375,-0.059326171875,0.04833984375
6.836464764,-0.0618896484375,-0.06829833984375,0.03936767578125
6.837467307,-0.06317138671875,-0.06829833984375,0.03936767578125
6.838516424000001,-0.06463623046875,-0.06829833984375,0.03936767578125
6.8395185970000005,-0.075439453125,-0.06829833984375,0.03936767578125
6.840513659,-0.06646728515625,-0.06829833984375,0.03936767578125
6.841511536,-0.06976318359375,-0.07745361328125,0.0303955078125
6.8425117460000004,-0.07177734375,-0.07745361328125,0.0303955078125
6.843512252000001,-0.08203125,-0.07745361328125,0.0303955078125
6.844464556000001,-0.08001708984375,-0.07745361328125,0.0303955078125
6.845509302000001,-0.07672119140625,-0.07745361328125,0.0303955078125
6.846503309,-0.07342529296875,-0.08642578125,0.02178955078125
6.8475048339999995,-0.08203125,-0.08642578125,0.02178955078125
6.848503581,-0.09210205078125,-0.08642578125,0.02178955078125
6.849506272,-0.0908203125,-0.08642578125,0.02178955078125
6.850502908,-0.08001708984375,-0.08642578125,0.02178955078125
6.851452804,-0.08697509765625,-0.09539794921875,0.012451171875
6.8525026989999995,-0.09210205078125,-0.09539794921875,0.012451171875
6.853514798,-0.097412109375,-0.09539794921875,0.012451171875
6.854502175000001,-0.097412109375,-0.09539794921875,0.012451171875
6.8554992740000005,-0.09869384765625,-0.09539794921875,0.012451171875
6.856498224,-0.09539794921875,-0.1043701171875,0.00347900390625
6.857511379000001,-0.09869384765625,-0.1043701171875,0.00347900390625
6.8585108109999995,-0.10235595703125,-0.1043701171875,0.00347900390625
6.859507688,-0.107666015625,-0.1043701171875,0.00347900390625
6.86051012,-0.1043701171875,-0.1043701171875,0.00347900390625
6.8614957930000005,-0.1043701171875,-0.11334228515625,-0.0054931640625
6.862506559000001,-0.112060546875,-0.11334228515625,-0.0054931640625
6.863505584000001,-0.11407470703125,-0.11334228515625,-0.0054931640625
6.864503553,-0.11627197265625,-0.11334228515625,-0.0054931640625
6.8655024120000006,-0.11297607421875,-0.11334228515625,-0.0054931640625
6.8665024919999995,-0.1109619140625,-0.122314453125,-0.01373291015625
6.867509924000001,-0.123046875,-0.122314453125,-0.01373291015625
6.868500746,-0.11920166015625,-0.122314453125,-0.01373291015625
6.869497159000001,-0.1212158203125,-0.122314453125,-0.01373291015625
6.8706053680000005,-0.1212158203125,-0.1307373046875,-0.01373291015625
6.871504154000001,-0.12432861328125,-0.1307373046875,-0.0234375
6.87250153,-0.129638671875,-0.1307373046875,-0.0234375
6.873508537,-0.1292724609375,-0.1307373046875,-0.0234375
6.874497617,-0.13330078125,-0.1307373046875,-0.0234375
6.87551192,-0.129638671875,-0.1307373046875,-0.0234375
6.876493945000001,-0.13330078125,-0.14044189453125,-0.03240966796875
6.877496192,-0.13330078125,-0.14044189453125,-0.03240966796875
6.878500698000001,-0.14190673828125,-0.14044189453125,-0.03240966796875
6.879513445,-0.147216796875,-0.14044189453125,-0.03240966796875
6.880500878,-0.1365966796875,-0.14044189453125,-0.03240966796875
6.881491532000001,-0.13861083984375,-0.1494140625,-0.0413818359375
6.882495279,-0.14630126953125,-0.1494140625,-0.0413818359375
6.883488304000001,-0.1541748046875,-0.1494140625,-0.0413818359375
6.884497163,-0.1519775390625,-0.1494140625,-0.0413818359375
6.88549241,-0.1505126953125,-0.1494140625,-0.0413818359375
6.886502786,-0.147216796875,-0.15838623046875,-0.05035400390625
6.88749446,-0.1519775390625,-0.15838623046875,-0.05035400390625
6.888486651,-0.16259765625,-0.15838623046875,-0.05035400390625
6.889491806,-0.15728759765625,-0.15838623046875,-0.05035400390625
6.890493719000001,-0.16058349609375,-0.15838623046875,-0.05035400390625
6.891491337000001,-0.15728759765625,-0.1673583984375,-0.059326171875
6.892490899000001,-0.1673583984375,-0.1673583984375,-0.059326171875
6.893489146000001,-0.16937255859375,-0.1673583984375,-0.059326171875
6.894498004,-0.1673583984375,-0.1673583984375,-0.059326171875
6.895488252000001,-0.16937255859375,-0.1673583984375,-0.059326171875
6.896491813,-0.1673583984375,-0.17633056640625,-0.06829833984375
6.897500505000001,-0.17266845703125,-0.17633056640625,-0.06829833984375
6.898488567,-0.1739501953125,-0.17633056640625,-0.06829833984375
6.899489592000001,-0.17596435546875,-0.17633056640625,-0.06829833984375
6.900484672,-0.17816162109375,-0.17633056640625,-0.06829833984375
6.901481679000001,-0.17596435546875,-0.185302734375,-0.07745361328125
6.902483074,-0.17926025390625,-0.185302734375,-0.07745361328125
6.90348821,-0.18511962890625,-0.185302734375,-0.07745361328125
6.904488587,-0.1904296875,-0.185302734375,-0.07745361328125
6.905478704000001,-0.18292236328125,-0.185302734375,-0.07745361328125
6.906482785000001,-0.18511962890625,-0.19427490234375,-0.08642578125
6.907487439,-0.188232421875,-0.19427490234375,-0.08642578125
6.908488149000001,-0.1937255859375,-0.19427490234375,-0.08642578125
6.909481489,-0.1937255859375,-0.19427490234375,-0.08642578125
6.910478588000001,-0.19482421875,-0.19427490234375,-0.08642578125
6.911482465,-0.19482421875,-0.2032470703125,-0.09539794921875
6.912485527,-0.19903564453125,-0.2032470703125,-0.09539794921875
6.913481570000001,-0.205810546875,-0.2032470703125,-0.09539794921875
6.9144840400000005,-0.205810546875,-0.2032470703125,-0.09539794921875
6.915488416,-0.205810546875,-0.2032470703125,-0.09539794921875
6.916483756000001,-0.2047119140625,-0.21221923828125,-0.1043701171875
6.9174802810000005,-0.205810546875,-0.21221923828125,-0.1043701171875
6.918481399,-0.21551513671875,-0.21221923828125,-0.1043701171875
6.919476238000001,-0.21441650390625,-0.21221923828125,-0.1043701171875
6.920478985,-0.21441650390625,-0.21221923828125,-0.1043701171875
6.921482066,-0.21441650390625,-0.22119140625,-0.11334228515625
6.922480757,-0.21441650390625,-0.22119140625,-0.11334228515625
6.9236634839999995,-0.223388671875,-0.22119140625,-0.11334228515625
6.924475881,-0.21917724609375,-0.22119140625,-0.11334228515625
6.925479091000001,-0.22576904296875,-0.22119140625,-0.11334228515625
6.926478746,-0.218994140625,-0.23016357421875,-0.122314453125
6.927475826000001,-0.2310791015625,-0.23016357421875,-0.122314453125
6.928475351,-0.232177734375,-0.23016357421875,-0.122314453125
6.9294742650000005,-0.234375,-0.23016357421875,-0.122314453125
6.93047379,-0.232177734375,-0.23016357421875,-0.122314453125
6.931473093,-0.22906494140625,-0.2391357421875,-0.1307373046875
6.932476062,-0.234375,-0.2391357421875,-0.1307373046875
6.933481402000001,-0.2376708984375,-0.2391357421875,-0.1307373046875
6.934478223,-0.2413330078125,-0.2391357421875,-0.1307373046875
6.935470859,-0.23748779296875,-0.2391357421875,-0.1307373046875
6.936470884000001,-0.23748779296875,-0.24810791015625,-0.14044189453125
6.937474279000001,-0.24334716796875,-0.24810791015625,-0.14044189453125
6.938468878000001,-0.24664306640625,-0.24810791015625,-0.14044189453125
6.939470051,-0.25762939453125,-0.24810791015625,-0.14044189453125
6.940467762,-0.24884033203125,-0.24810791015625,-0.14044189453125
6.941472397000001,-0.24664306640625,-0.25396728515625,-0.1494140625
6.942471719000001,-0.251220703125,-0.25396728515625,-0.1494140625
6.943477855,-0.25433349609375,-0.25396728515625,-0.1494140625
6.944466306,-0.25433349609375,-0.25396728515625,-0.1494140625
6.945471293,-0.24884033203125,-0.25396728515625,-0.1494140625
6.946468467,-0.25341796875,-0.2449951171875,-0.15838623046875
6.947462325000001,-0.2457275390625,-0.2449951171875,-0.15838623046875
6.9484606090000005,-0.24884033203125,-0.2449951171875,-0.15838623046875
6.94945956,-0.24554443359375,-0.2449951171875,-0.15838623046875
6.950465659,-0.24334716796875,-0.2449951171875,-0.15838623046875
6.951466110000001,-0.24334716796875,-0.23602294921875,-0.1673583984375
6.952465986000001,-0.24114990234375,-0.23602294921875,-0.1673583984375
6.953459178,-0.23785400390625,-0.23602294921875,-0.1673583984375
6.9544717579999995,-0.23236083984375,-0.23602294921875,-0.1673583984375
6.955462635000001,-0.2310791015625,-0.23602294921875,-0.1673583984375
6.956478623,-0.23712158203125,-0.22723388671875,-0.17633056640625
6.957473833000001,-0.23126220703125,-0.22723388671875,-0.17633056640625
6.958462728,-0.224853515625,-0.22723388671875,-0.17633056640625
6.959462716,-0.2215576171875,-0.22723388671875,-0.17633056640625
6.960457167,-0.22723388671875,-0.22723388671875,-0.17633056640625
6.961460618000001,-0.2215576171875,-0.21826171875,-0.185302734375
6.962468032000001,-0.21917724609375,-0.21826171875,-0.185302734375
6.963521260000001,-0.21826171875,-0.21826171875,-0.185302734375
6.964464637,-0.21588134765625,-0.21826171875,-0.185302734375
6.965464181000001,-0.2138671875,-0.21826171875,-0.185302734375
6.966505761,-0.21405029296875,-0.20928955078125,-0.19427490234375
6.967507378,-0.20855712890625,-0.20928955078125,-0.19427490234375
6.96851231,-0.20855712890625,-0.20928955078125,-0.19427490234375
6.969514428000001,-0.20855712890625,-0.20928955078125,-0.19427490234375
6.970513897000001,-0.20526123046875,-0.20928955078125,-0.19427490234375
6.971511755000001,-0.213134765625,-0.20013427734375,-0.2032470703125
6.972512132000001,-0.20526123046875,-0.20013427734375,-0.2032470703125
6.973507231,-0.19537353515625,-0.20013427734375,-0.2032470703125
6.9745196080000005,-0.19537353515625,-0.20013427734375,-0.2032470703125
6.975510262000001,-0.198486328125,-0.20013427734375,-0.2032470703125
6.976525361000001,-0.2010498046875,-0.19482421875,-0.21221923828125
6.977509146,-0.2010498046875,-0.19482421875,-0.21221923828125
6.978509245000001,-0.19775390625,-0.19482421875,-0.21221923828125
6.979519862000001,-0.19775390625,-0.19482421875,-0.21221923828125
6.980502943,-0.19097900390625,-0.19482421875,-0.21221923828125
6.981511486,-0.1922607421875,-0.1951904296875,-0.22119140625
6.982505863000001,-0.191162109375,-0.1951904296875,-0.22119140625
6.983511073,-0.19775390625,-0.1951904296875,-0.22119140625
6.984507227000001,-0.2003173828125,-0.1951904296875,-0.22119140625
6.985509326,-0.197021484375,-0.1951904296875,-0.22119140625
6.986506073,-0.2003173828125,-0.1864013671875,-0.23016357421875
6.987512024,-0.191162109375,-0.1864013671875,-0.23016357421875
6.988511901,-0.182373046875,-0.1864013671875,-0.23016357421875
6.989509037,-0.1849365234375,-0.1864013671875,-0.23016357421875
6.990510210000001,-0.18804931640625,-0.1864013671875,-0.23016357421875
6.991509291000001,-0.18804931640625,-0.19207763671875,-0.2391357421875
6.992509334,-0.18548583984375,-0.19207763671875,-0.2391357421875
6.993517507000001,-0.1959228515625,-0.19207763671875,-0.2391357421875
6.994513828,-0.19281005859375,-0.19207763671875,-0.2391357421875
6.995541038,-0.19354248046875,-0.1959228515625,-0.2391357421875
6.996513693,-0.1959228515625,-0.1959228515625,-0.24810791015625
6.997511570000001,-0.1904296875,-0.1959228515625,-0.24810791015625
6.998507595,-0.1959228515625,-0.1959228515625,-0.24810791015625
6.99951299,-0.19281005859375,-0.1959228515625,-0.24810791015625
7.0005026070000005,-0.1988525390625,-0.1959228515625,-0.24810791015625
7.001510854,-0.1959228515625,-0.20562744140625,-0.25396728515625
7.002508305,-0.20233154296875,-0.20562744140625,-0.25396728515625
7.003505997,-0.2021484375,-0.20562744140625,-0.25396728515625
7.004504207000001,-0.20526123046875,-0.20562744140625,-0.25396728515625
7.005510324,-0.20782470703125,-0.20562744140625,-0.25396728515625
7.006502312000001,-0.2047119140625,-0.21441650390625,-0.2449951171875
7.007501356,-0.210205078125,-0.21441650390625,-0.2449951171875
7.008504084000001,-0.21405029296875,-0.21441650390625,-0.2449951171875
7.009511794000001,-0.21331787109375,-0.21441650390625,-0.2449951171875
7.010497134,-0.21405029296875,-0.21441650390625,-0.2449951171875
7.011494400000001,-0.20782470703125,-0.221923828125,-0.23602294921875
7.012501388,-0.22247314453125,-0.221923828125,-0.23602294921875
7.013506876,-0.2230224609375,-0.221923828125,-0.23602294921875
7.014497975,-0.22503662109375,-0.221923828125,-0.23602294921875
7.015653053,-0.22174072265625,-0.23052978515625,-0.23602294921875
7.016503117,-0.22247314453125,-0.23052978515625,-0.22723388671875
7.017500235000001,-0.23089599609375,-0.23052978515625,-0.22723388671875
7.018499130000001,-0.23126220703125,-0.23052978515625,-0.22723388671875
7.019495229000001,-0.2281494140625,-0.23052978515625,-0.22723388671875
7.020490421000001,-0.22833251953125,-0.23052978515625,-0.22723388671875
7.021492094,-0.236572265625,-0.2398681640625,-0.21826171875
7.022504785,-0.236572265625,-0.2398681640625,-0.21826171875
7.023497273000001,-0.239501953125,-0.2398681640625,-0.21826171875
7.024497261,-0.24298095703125,-0.2398681640625,-0.21826171875
7.025501119,-0.23895263671875,-0.2398681640625,-0.21826171875
7.026501996000001,-0.24041748046875,-0.24884033203125,-0.20928955078125
7.027489965,-0.2486572265625,-0.24884033203125,-0.20928955078125
7.028492379,-0.24554443359375,-0.24884033203125,-0.20928955078125
7.029490163000001,-0.25177001953125,-0.24884033203125,-0.20928955078125
7.0304999100000005,-0.2486572265625,-0.24884033203125,-0.20928955078125
7.031484991,-0.2486572265625,-0.2578125,-0.20013427734375
7.0324837570000005,-0.251220703125,-0.2578125,-0.20013427734375
7.033485689,-0.260009765625,-0.2578125,-0.20013427734375
7.034483769,-0.26312255859375,-0.2578125,-0.20013427734375
7.0354865349999995,-0.260009765625,-0.2578125,-0.20013427734375
7.036494152,-0.260009765625,-0.26678466796875,-0.19482421875
7.037486492,-0.26568603515625,-0.26678466796875,-0.19482421875
7.038485591,-0.2666015625,-0.26678466796875,-0.19482421875
7.039506838,-0.2691650390625,-0.26678466796875,-0.19482421875
7.040493789,-0.2691650390625,-0.26678466796875,-0.19482421875
7.041474203000001,-0.2691650390625,-0.2757568359375,-0.1951904296875
7.042478783000001,-0.27227783203125,-0.2757568359375,-0.1951904296875
7.043488697,-0.274658203125,-0.2757568359375,-0.1951904296875
7.044481296,-0.275390625,-0.2757568359375,-0.1951904296875
7.045484377,-0.274658203125,-0.2757568359375,-0.1951904296875
7.046435680000001,-0.274658203125,-0.28472900390625,-0.1864013671875
7.047477149,-0.2808837890625,-0.28472900390625,-0.1864013671875
7.0484750069999995,-0.28692626953125,-0.28472900390625,-0.1864013671875
7.049477217000001,-0.2896728515625,-0.28472900390625,-0.1864013671875
7.0504828900000005,-0.28692626953125,-0.28472900390625,-0.1864013671875
7.051477748000001,-0.286376953125,-0.293701171875,-0.19207763671875
7.052478736,-0.2896728515625,-0.293701171875,-0.19207763671875
7.053475613000001,-0.29278564453125,-0.293701171875,-0.19207763671875
7.054474397000001,-0.29827880859375,-0.293701171875,-0.19207763671875
7.055424664000001,-0.29827880859375,-0.293701171875,-0.19207763671875
7.056470132,-0.295166015625,-0.30267333984375,-0.1959228515625
7.057468028,-0.29827880859375,-0.30267333984375,-0.1959228515625
7.058475701,-0.3013916015625,-0.30267333984375,-0.1959228515625
7.059480151,-0.30487060546875,-0.30267333984375,-0.1959228515625
7.060422251000001,-0.30743408203125,-0.30267333984375,-0.1959228515625
7.061479072,-0.3013916015625,-0.3116455078125,-0.20562744140625
7.062482985,-0.30780029296875,-0.3116455078125,-0.20562744140625
7.063479695000001,-0.3193359375,-0.3116455078125,-0.20562744140625
7.064480480000001,-0.31585693359375,-0.3116455078125,-0.20562744140625
7.0655753,-0.30743408203125,-0.32025146484375,-0.20562744140625
7.066470492,-0.31365966796875,-0.32025146484375,-0.21441650390625
7.067417833000001,-0.3218994140625,-0.32025146484375,-0.21441650390625
7.068469061000001,-0.3193359375,-0.32025146484375,-0.21441650390625
7.069464678,-0.32464599609375,-0.32025146484375,-0.21441650390625
7.070469,-0.31878662109375,-0.32025146484375,-0.21441650390625
7.071471302,-0.31878662109375,-0.32977294921875,-0.221923828125
7.072473549000001,-0.32794189453125,-0.32977294921875,-0.221923828125
7.0734667589999995,-0.3310546875,-0.32977294921875,-0.221923828125
7.074466599,-0.33416748046875,-0.32977294921875,-0.221923828125
7.075465661,-0.3310546875,-0.32977294921875,-0.221923828125
7.076464482,-0.32537841796875,-0.3387451171875,-0.23052978515625
7.077463618,-0.3372802734375,-0.3387451171875,-0.23052978515625
7.0784649029999995,-0.34222412109375,-0.3387451171875,-0.23052978515625
7.079469427,-0.34332275390625,-0.3387451171875,-0.23052978515625
7.080465286,-0.345703125,-0.3387451171875,-0.23052978515625
7.081460792000001,-0.3336181640625,-0.32977294921875,-0.2398681640625
7.082415595,-0.33416748046875,-0.32977294921875,-0.2398681640625
7.083457046,-0.3218994140625,-0.32977294921875,-0.2398681640625
7.084463793,-0.3284912109375,-0.32977294921875,-0.2398681640625
7.0854594660000005,-0.32794189453125,-0.32977294921875,-0.2398681640625
7.086406325,-0.3310546875,-0.32080078125,-0.24884033203125
7.087457794,-0.3218994140625,-0.32080078125,-0.24884033203125
7.088451615000001,-0.31402587890625,-0.32080078125,-0.24884033203125
7.089454917,-0.31622314453125,-0.32080078125,-0.24884033203125
7.0904625900000005,-0.3218994140625,-0.32080078125,-0.24884033203125
7.091452412,-0.3218994140625,-0.31182861328125,-0.2578125
7.092460585,-0.310546875,-0.31182861328125,-0.2578125
7.0934617950000005,-0.310546875,-0.31182861328125,-0.2578125
7.094470523000001,-0.3131103515625,-0.31182861328125,-0.2578125
7.095456345,-0.3131103515625,-0.31182861328125,-0.2578125
7.096464073000001,-0.30780029296875,-0.3028564453125,-0.26678466796875
7.097462191000001,-0.310546875,-0.3028564453125,-0.26678466796875
7.098486715000001,-0.29791259765625,-0.3028564453125,-0.26678466796875
7.099473222000001,-0.2958984375,-0.3028564453125,-0.26678466796875
7.100458914,-0.3013916015625,-0.3028564453125,-0.26678466796875
7.101451253,-0.30670166015625,-0.29388427734375,-0.2757568359375
7.102454575,-0.301025390625,-0.29388427734375,-0.2757568359375
7.103453062000001,-0.29278564453125,-0.29388427734375,-0.2757568359375
7.104458365,-0.29278564453125,-0.29388427734375,-0.2757568359375
7.105464112000001,-0.29278564453125,-0.29388427734375,-0.2757568359375
7.106462341000001,-0.29827880859375,-0.284912109375,-0.28472900390625
7.107454995,-0.28692626953125,-0.284912109375,-0.28472900390625
7.10845702,-0.2808837890625,-0.284912109375,-0.28472900390625
7.109455971,-0.28326416015625,-0.284912109375,-0.28472900390625
7.110458311000001,-0.2896728515625,-0.284912109375,-0.28472900390625
7.111455502000001,-0.2896728515625,-0.27593994140625,-0.293701171875
7.112467527000001,-0.27777099609375,-0.27593994140625,-0.293701171875
7.113456386,-0.27154541015625,-0.27593994140625,-0.293701171875
7.114456651,-0.275390625,-0.27593994140625,-0.293701171875
7.115465565,-0.27777099609375,-0.27593994140625,-0.293701171875
7.116461497,-0.274658203125,-0.2669677734375,-0.30267333984375
7.1174626519999995,-0.2691650390625,-0.2669677734375,-0.30267333984375
7.118455177,-0.26312255859375,-0.2669677734375,-0.30267333984375
7.1194706640000005,-0.26055908203125,-0.2669677734375,-0.30267333984375
7.120460245000001,-0.26568603515625,-0.2669677734375,-0.30267333984375
7.1215128430000005,-0.26568603515625,-0.25799560546875,-0.3116455078125
7.122452258,-0.260009765625,-0.25799560546875,-0.3116455078125
7.123518264,-0.260009765625,-0.25799560546875,-0.3116455078125
7.1245084180000005,-0.25433349609375,-0.25799560546875,-0.3116455078125
7.125611368,-0.25689697265625,-0.24957275390625,-0.3116455078125
7.126506079000001,-0.25433349609375,-0.24957275390625,-0.32025146484375
7.127502104,-0.25433349609375,-0.24957275390625,-0.32025146484375
7.128505296000001,-0.25396728515625,-0.24957275390625,-0.32025146484375
7.129507413,-0.251220703125,-0.24957275390625,-0.32025146484375
7.130455457000001,-0.251220703125,-0.24957275390625,-0.32025146484375
7.131510759,-0.251220703125,-0.25909423828125,-0.32977294921875
7.132506321,-0.251220703125,-0.25909423828125,-0.32977294921875
7.133503994000001,-0.260009765625,-0.25909423828125,-0.32977294921875
7.134502630000001,-0.26385498046875,-0.25909423828125,-0.32977294921875
7.135448489000001,-0.25689697265625,-0.25909423828125,-0.32977294921875
7.136512013,-0.260009765625,-0.26806640625,-0.3387451171875
7.137500464000001,-0.26568603515625,-0.26806640625,-0.3387451171875
7.138504508,-0.27154541015625,-0.26806640625,-0.3387451171875
7.139493366000001,-0.2666015625,-0.26806640625,-0.3387451171875
7.140448762000001,-0.2691650390625,-0.26806640625,-0.3387451171875
7.141505749000001,-0.26312255859375,-0.25909423828125,-0.32977294921875
7.142504496,-0.2574462890625,-0.25909423828125,-0.32977294921875
7.143499317000001,-0.25433349609375,-0.25909423828125,-0.32977294921875
7.144450936000001,-0.2596435546875,-0.25909423828125,-0.32977294921875
7.145494923,-0.260009765625,-0.25909423828125,-0.32977294921875
7.146447485,-0.260009765625,-0.24993896484375,-0.32080078125
7.147494936,-0.251220703125,-0.24993896484375,-0.32080078125
7.148492035000001,-0.2486572265625,-0.24993896484375,-0.32080078125
7.1494889299999995,-0.24554443359375,-0.24993896484375,-0.32080078125
7.150489288,-0.25396728515625,-0.24993896484375,-0.32080078125
7.151443499,-0.24554443359375,-0.2589111328125,-0.31182861328125
7.152500634,-0.25433349609375,-0.2589111328125,-0.31182861328125
7.153491326,-0.26513671875,-0.2589111328125,-0.31182861328125
7.154493832000001,-0.2574462890625,-0.2589111328125,-0.31182861328125
7.155493098,-0.260009765625,-0.2589111328125,-0.31182861328125
7.156488808,-0.25689697265625,-0.26788330078125,-0.3028564453125
7.157499888000001,-0.26312255859375,-0.26788330078125,-0.3028564453125
7.158489376000001,-0.27154541015625,-0.26788330078125,-0.3028564453125
7.159504494000001,-0.2691650390625,-0.26788330078125,-0.3028564453125
7.160594962,-0.2691650390625,-0.25946044921875,-0.3028564453125
7.161438804,-0.26568603515625,-0.25946044921875,-0.29388427734375
7.162495161,-0.2574462890625,-0.25946044921875,-0.29388427734375
7.163486964,-0.25433349609375,-0.25946044921875,-0.29388427734375
7.164481304,-0.2596435546875,-0.25946044921875,-0.29388427734375
7.165444292000001,-0.26568603515625,-0.25946044921875,-0.29388427734375
7.166488502000001,-0.2574462890625,-0.24993896484375,-0.284912109375
7.16748586,-0.251220703125,-0.24993896484375,-0.284912109375
7.1684359970000004,-0.24810791015625,-0.24993896484375,-0.284912109375
7.169483002000001,-0.24810791015625,-0.24993896484375,-0.284912109375
7.170484175000001,-0.251220703125,-0.24993896484375,-0.284912109375
7.171483515000001,-0.2486572265625,-0.24078369140625,-0.27593994140625
7.172481447,-0.24554443359375,-0.24078369140625,-0.27593994140625
7.173625285000001,-0.23638916015625,-0.24078369140625,-0.27593994140625
7.174435127,-0.23895263671875,-0.24078369140625,-0.27593994140625
7.175485559000001,-0.2391357421875,-0.24078369140625,-0.27593994140625
7.176480843000001,-0.2420654296875,-0.2318115234375,-0.2669677734375
7.177483313000001,-0.23089599609375,-0.2318115234375,-0.2669677734375
7.178480912,-0.230712890625,-0.2318115234375,-0.2669677734375
7.179481029000001,-0.23016357421875,-0.2318115234375,-0.2669677734375
7.1804730910000005,-0.2255859375,-0.2318115234375,-0.2669677734375
7.181436746,-0.23638916015625,-0.24078369140625,-0.25799560546875
7.182479326,-0.239501953125,-0.24078369140625,-0.25799560546875
7.183477666000001,-0.24481201171875,-0.24078369140625,-0.25799560546875
7.184477432,-0.24810791015625,-0.24078369140625,-0.25799560546875
7.185424679,-0.23895263671875,-0.24078369140625,-0.25799560546875
7.186478481000001,-0.24591064453125,-0.249755859375,-0.24957275390625
7.187474932,-0.24554443359375,-0.249755859375,-0.24957275390625
7.188478309,-0.251220703125,-0.249755859375,-0.24957275390625
7.189487982,-0.251220703125,-0.249755859375,-0.24957275390625
7.190475359,-0.251220703125,-0.249755859375,-0.24957275390625
7.191427421000001,-0.251220703125,-0.2406005859375,-0.25909423828125
7.192470668000001,-0.2420654296875,-0.2406005859375,-0.25909423828125
7.193481767000001,-0.239501953125,-0.2406005859375,-0.25909423828125
7.194484199000001,-0.23382568359375,-0.2406005859375,-0.25909423828125
7.195471428,-0.23638916015625,-0.2406005859375,-0.25909423828125
7.196416731,-0.2486572265625,-0.24957275390625,-0.26806640625
7.197476459,-0.24554443359375,-0.24957275390625,-0.26806640625
7.19846941,-0.25689697265625,-0.24957275390625,-0.26806640625
7.199473194,-0.25396728515625,-0.24957275390625,-0.26806640625
7.200471089,-0.251220703125,-0.24957275390625,-0.26806640625
7.201474318,-0.24810791015625,-0.2406005859375,-0.25909423828125
7.202477324000001,-0.2420654296875,-0.2406005859375,-0.25909423828125
7.203477072000001,-0.23638916015625,-0.2406005859375,-0.25909423828125
7.204469541000001,-0.239501953125,-0.2406005859375,-0.25909423828125
7.205423955,-0.239501953125,-0.2406005859375,-0.25909423828125
7.206469276000001,-0.24298095703125,-0.24957275390625,-0.24993896484375
7.2074831900000005,-0.251220703125,-0.24957275390625,-0.24993896484375
7.208422234000001,-0.251220703125,-0.24957275390625,-0.24993896484375
7.209475017,-0.251220703125,-0.24957275390625,-0.24993896484375
7.210566023000001,-0.2486572265625,-0.2581787109375,-0.24993896484375
7.211468345000001,-0.251220703125,-0.2581787109375,-0.2589111328125
7.212462944000001,-0.25689697265625,-0.2581787109375,-0.2589111328125
7.213657355,-0.260009765625,-0.2581787109375,-0.2589111328125
7.214464475000001,-0.25689697265625,-0.2581787109375,-0.2589111328125
7.215466389,-0.25689697265625,-0.2581787109375,-0.2589111328125
7.216468044,-0.25689697265625,-0.2677001953125,-0.26788330078125
7.21741281,-0.260009765625,-0.2677001953125,-0.26788330078125
7.218462593000001,-0.26568603515625,-0.2677001953125,-0.26788330078125
7.219466952,-0.26824951171875,-0.2677001953125,-0.26788330078125
7.220460106,-0.2691650390625,-0.2677001953125,-0.26788330078125
7.221461594,-0.26275634765625,-0.27667236328125,-0.25946044921875
7.222460378,-0.27154541015625,-0.27667236328125,-0.25946044921875
7.22346144,-0.27740478515625,-0.27667236328125,-0.25946044921875
7.224464521000001,-0.27777099609375,-0.27667236328125,-0.25946044921875
7.225453935,-0.27777099609375,-0.27667236328125,-0.25946044921875
7.226461867,-0.274658203125,-0.28564453125,-0.24993896484375
7.227458984000001,-0.2841796875,-0.28564453125,-0.24993896484375
7.228458917,-0.286376953125,-0.28564453125,-0.24993896484375
7.229456053000001,-0.2896728515625,-0.28564453125,-0.24993896484375
7.230465633000001,-0.28692626953125,-0.28564453125,-0.24993896484375
7.231463343000001,-0.286376953125,-0.29461669921875,-0.24078369140625
7.232403369000001,-0.2926025390625,-0.29461669921875,-0.24078369140625
7.233462634000001,-0.29827880859375,-0.29461669921875,-0.24078369140625
7.234459751,-0.29901123046875,-0.29461669921875,-0.24078369140625
7.235460202,-0.29278564453125,-0.29461669921875,-0.24078369140625
7.2364625049999995,-0.2896728515625,-0.28564453125,-0.2318115234375
7.237457474,-0.28692626953125,-0.28564453125,-0.2318115234375
7.238467647000001,-0.283447265625,-0.28564453125,-0.2318115234375
7.2394573939999995,-0.283447265625,-0.28564453125,-0.2318115234375
7.240458641000001,-0.2896728515625,-0.28564453125,-0.2318115234375
7.2414730920000006,-0.28875732421875,-0.29461669921875,-0.24078369140625
7.242461080000001,-0.29278564453125,-0.29461669921875,-0.24078369140625
7.243466586000001,-0.2958984375,-0.29461669921875,-0.24078369140625
7.244457649,-0.29791259765625,-0.29461669921875,-0.24078369140625
7.245449637000001,-0.29827880859375,-0.29461669921875,-0.24078369140625
7.246459365000001,-0.27777099609375,0.0,-0.249755859375
7.2474610010000005,-0.0948486328125,0.0,-0.249755859375
7.248457137,0.04486083984375,0.0,-0.249755859375
7.249457755000001,0.07891845703125,0.0,-0.249755859375
7.250459557,0.03076171875,0.0,-0.249755859375
7.251463138000001,-0.0084228515625,0.0,-0.2406005859375
7.252457477000001,-0.0201416015625,0.0,-0.2406005859375
7.253458854000001,-0.0146484375,0.0,-0.2406005859375
7.254452861,0.0032958984375,0.0,-0.2406005859375
7.255465126,0.00347900390625,0.0,-0.2406005859375
7.2564630580000005,0.00347900390625,0.0,-0.24957275390625
7.257460750000001,0.0003662109375,0.0,-0.24957275390625
7.258451275,-0.00494384765625,0.0,-0.24957275390625
7.259456096,0.0003662109375,0.0,-0.24957275390625
7.26046151,0.0003662109375,0.0,-0.24957275390625
7.2614622760000005,0.0003662109375,0.0,-0.2406005859375
7.262467356000001,0.00091552734375,0.0,-0.2406005859375
7.263500899000001,-0.00274658203125,0.0,-0.2406005859375
7.26445735,0.00091552734375,0.0,-0.2406005859375
7.265502986,-0.0018310546875,0.0,-0.2406005859375
7.266505066,0.0003662109375,0.0,-0.24957275390625
7.267504184000001,0.0003662109375,0.0,-0.24957275390625
7.268502746,0.00347900390625,0.0,-0.24957275390625
7.269503604,0.00347900390625,0.0,-0.24957275390625
7.270509333000001,0.0003662109375,0.0,-0.24957275390625
7.271449654,0.0029296875,0.0,-0.2581787109375
7.2724542350000005,0.0003662109375,0.0,-0.2581787109375
7.2735007959999995,0.00347900390625,0.0,-0.2581787109375
7.274458618,0.0003662109375,0.0,-0.2581787109375
7.275508309,0.00091552734375,0.0,-0.2581787109375
7.276507464000001,-0.002197265625,0.0,-0.2677001953125
7.277500951000001,0.00091552734375,0.0,-0.2677001953125
7.278508476,0.00677490234375,0.0,-0.2677001953125
7.279496279000001,0.0003662109375,0.0,-0.2677001953125
7.280495693,0.00091552734375,0.0,-0.2677001953125
7.281451237,0.00347900390625,0.0,-0.27667236328125
7.282455669,-0.0047607421875,0.0,-0.27667236328125
7.28353123,-0.002197265625,0.0,-0.27667236328125
7.284450201000001,-0.002197265625,0.0,-0.27667236328125
7.285491299000001,-0.002197265625,0.0,-0.27667236328125
7.286494935000001,0.005859375,0.0,-0.28564453125
7.287494312000001,0.005859375,0.0,-0.28564453125
7.288496355,0.0003662109375,0.0,-0.28564453125
7.289444251,-0.0047607421875,0.0,-0.28564453125
7.290445239000001,-0.002197265625,0.0,-0.28564453125
7.291493467,-0.00787353515625,0.0,-0.29461669921875
7.292491881000001,0.00347900390625,0.0,-0.29461669921875
7.293488795000001,0.00091552734375,0.0,-0.29461669921875
7.294496079000001,0.0003662109375,0.0,-0.29461669921875
7.295493289,0.00347900390625,0.0,-0.29461669921875
7.296496258,-0.002197265625,0.0,-0.28564453125
7.297492005,0.0003662109375,0.0,-0.28564453125
7.298493252000001,0.00347900390625,0.0,-0.28564453125
7.299440759,-0.002197265625,0.0,-0.28564453125
7.3004924319999995,-0.002197265625,0.0,-0.28564453125
7.301493420000001,0.0003662109375,0.0,-0.29461669921875
7.302493871,0.00347900390625,0.0,-0.29461669921875
7.3035135989999995,-0.00164794921875,0.0,-0.29461669921875
7.304488124,0.00091552734375,0.0,-0.29461669921875
7.305491705000001,-0.00164794921875,0.0,-0.29461669921875
7.306439341,0.0003662109375,0.0,0.0
7.307484292000001,-0.002197265625,0.0,0.0
7.308485539,0.0003662109375,0.0,0.0
7.309484675000001,0.005859375,0.0,0.0
7.3104870140000004,0.00091552734375,0.0,0.0
7.311484928,-0.002197265625,0.0,0.0
7.312432676000001,-0.00274658203125,0.0,0.0
7.313487663000001,0.0018310546875,0.0,0.0
7.314483262,0.00439453125,0.0,0.0
7.315482176000001,-0.0047607421875,0.0,0.0
7.3164781450000005,0.00091552734375,0.0,0.0
7.317486133,0.0003662109375,0.0,0.0
7.318433881,0.0003662109375,0.0,0.0
7.319480924,0.00091552734375,0.0,0.0
7.320478356,0.00091552734375,0.0,0.0
7.321478196,-0.002197265625,0.0,0.0
7.322488239000001,0.00091552734375,0.0,0.0
7.323485264000001,0.00347900390625,0.0,0.0
7.324480585000001,0.00091552734375,0.0,0.0
7.32543174,-0.002197265625,0.0,0.0
7.326429377000001,-0.00274658203125,0.0,0.0
7.3274849380000004,0.0003662109375,0.0,0.0
7.328475667,-0.002197265625,0.0,0.0
7.329474117000001,0.00091552734375,0.0,0.0
7.330481476,0.0003662109375,0.0,0.0
7.331477056,-0.0047607421875,0.0,0.0
7.332475859,0.0003662109375,0.0,0.0
7.33348205,0.00347900390625,0.0,0.0
7.33447652,0.0003662109375,0.0,0.0
7.335472008000001,-0.002197265625,0.0,0.0
7.3364675329999995,-0.0047607421875,0.0,0.0
7.337474298000001,0.00091552734375,0.0,0.0
7.338423879,-0.002197265625,0.0,0.0
7.339469515,-0.002197265625,0.0,0.0
7.340470465,0.00091552734375,0.0,0.0
7.341470157000001,-0.002197265625,0.0,0.0
7.342469552,0.00091552734375,0.0,0.0
7.343611372000001,0.0003662109375,0.0,0.0
7.344480972,0.00091552734375,0.0,0.0
7.345418368,-0.00274658203125,0.0,0.0
7.346467708,-0.002197265625,0.0,0.0
7.347467418,0.00439453125,0.0,0.0
7.3484685910000005,0.00091552734375,0.0,0.0
7.3494715600000005,0.00091552734375,0.0,0.0
7.3504134,0.0003662109375,0.0,0.0
7.351417110000001,-0.002197265625,0.0,0.0
7.352459783,0.00347900390625,0.0,0.0
7.353468215,0.00347900390625,0.0,0.0
7.354465685,0.00091552734375,0.0,0.0
7.3554713210000005,-0.00531005859375,0.0,0.0
7.356462253000001,0.00091552734375,0.0,0.0
7.357465111000001,0.00347900390625,0.0,0.0
7.358414692000001,-0.002197265625,0.0,0.0
7.359414995000001,0.0003662109375,0.0,0.0
7.360455834000001,0.00439453125,0.0,0.0
7.361456081000001,0.00347900390625,0.0,0.0
7.362457310000001,0.005859375,0.0,0.0
7.363462798,-0.002197265625,0.0,0.0
7.364465471,0.00347900390625,0.0,0.0
7.365455755,-0.002197265625,0.0,0.0
7.366460058,0.005859375,0.0,0.0
7.3674087130000006,-0.002197265625,0.0,0.0
7.368458219,-0.002197265625,0.0,0.0
7.369462632,-0.00531005859375,0.0,0.0
7.370460417000001,-0.002197265625,0.0,0.0
7.37146309,-0.002197265625,0.0,0.0
7.372457522,0.00091552734375,0.0,0.0
7.373465343,-0.002197265625,0.0,0.0
7.374457905000001,0.00091552734375,0.0,0.0
7.3754613,-0.0047607421875,0.0,0.0
7.376461196,0.0003662109375,0.0,0.0
7.377458239,-0.002197265625,0.0,0.0
7.3784586899999995,0.00091552734375,0.0,0.0
7.379457733,0.00091552734375,0.0,0.0
7.380453795,0.0003662109375,0.0,0.0
7.3814530419999995,-0.002197265625,0.0,0.0
7.382452882,0.00091552734375,0.0,0.0
7.383458537,0.00091552734375,0.0,0.0
7.384458932,-0.002197265625,0.0,0.0
7.385454420000001,0.00347900390625,0.0,0.0
7.38645426,0.00091552734375,0.0,0.0
7.38745721,-0.002197265625,0.0,0.0
7.3884654020000005,0.00274658203125,0.0,0.0
7.389459705000001,0.00347900390625,0.0,0.0
7.390454415,-0.002197265625,0.0,0.0
7.391464051000001,0.00091552734375,0.0,0.0
7.392466983000001,-0.002197265625,0.0,0.0
7.393457193000001,0.0003662109375,0.0,0.0
7.394471699000001,-0.002197265625,0.0,0.0
7.395458391000001,0.0003662109375,0.0,0.0
7.3964566750000005,-0.00274658203125,0.0,0.0
7.3974497,0.00091552734375,0.0,0.0
7.3984522440000005,0.0003662109375,0.0,0.0
7.3994555459999996,-0.002197265625,0.0,0.0
7.400460849000001,-0.002197265625,0.0,0.0
7.401455948,-0.00531005859375,0.0,0.0
7.402454103000001,-0.0047607421875,0.0,0.0
7.403509886000001,-0.0047607421875,0.0,0.0
7.4044512639999995,0.0003662109375,0.0,0.0
7.4055031950000005,-0.002197265625,0.0,0.0
7.40649985,0.00091552734375,0.0,0.0
7.407504245000001,0.0003662109375,0.0,0.0
7.408504585,0.00677490234375,0.0,0.0
7.409498665,0.00091552734375,0.0,0.0
7.410497820000001,-0.00274658203125,0.0,0.0
7.411508437000001,0.0003662109375,0.0,0.0
7.412500907000001,0.00091552734375,0.0,0.0
7.413505709,-0.002197265625,0.0,0.0
7.414500549,-0.002197265625,0.0,0.0
7.415506555000001,0.00347900390625,0.0,0.0
7.41650421,0.00677490234375,0.0,0.0
7.417500642000001,0.0003662109375,0.0,0.0
7.418502038000001,0.00347900390625,0.0,0.0
7.419444582,0.00091552734375,0.0,0.0
7.420443736,-0.00531005859375,0.0,0.0
7.421501779000001,0.0003662109375,0.0,0.0
7.4225019340000005,0.00347900390625,0.0,0.0
7.423498329,0.0003662109375,0.0,0.0
7.424499169,-0.002197265625,0.0,0.0
7.425498823000001,-0.002197265625,0.0,0.0
7.426506903000001,0.00347900390625,0.0,0.0
7.427495132,0.00274658203125,0.0,0.0
7.428443528,-0.002197265625,0.0,0.0
7.429492349000001,-0.0047607421875,0.0,0.0
7.430494225000001,0.0003662109375,0.0,0.0
7.431493639,0.00091552734375,0.0,0.0
7.432494646000001,0.0003662109375,0.0,0.0
7.43350093,-0.0047607421875,0.0,0.0
7.4344435110000004,0.0003662109375,0.0,0.0
7.435485795000001,0.00091552734375,0.0,0.0
7.436485782000001,0.0003662109375,0.0,0.0
7.437491548,0.0003662109375,0.0,0.0
7.438493425,0.0003662109375,0.0,0.0
7.43944058,-0.0047607421875,0.0,0.0
7.440483271000001,0.0003662109375,0.0,0.0
7.441487666,-0.002197265625,0.0,0.0
7.442490617,0.0003662109375,0.0,0.0
7.443487123,-0.00164794921875,0.0,0.0
7.444486185,0.00347900390625,0.0,0.0
7.445495544000001,0.0003662109375,0.0,0.0
7.44648942,0.00439453125,0.0,0.0
7.447481297,-0.002197265625,0.0,0.0
7.448443823000001,-0.002197265625,0.0,0.0
7.449431977000001,0.00091552734375,0.0,0.0
7.450489113000001,0.0003662109375,0.0,0.0
7.451485008,0.0003662109375,0.0,0.0
7.452491385000001,0.00347900390625,0.0,0.0
7.453497002,0.00347900390625,0.0,0.0
7.454493731,0.00347900390625,0.0,0.0
7.4554847,0.00347900390625,0.0,0.0
7.456477447,-0.002197265625,0.0,0.0
7.457485324000001,0.00347900390625,0.0,0.0
7.458487849,0.00091552734375,0.0,0.0
7.459428467000001,-0.002197265625,0.0,0.0
7.460482547000001,-0.002197265625,0.0,0.0
7.461479442000001,0.00347900390625,0.0,0.0
7.462474634,0.00347900390625,0.0,0.0
7.463491436000001,0.00347900390625,0.0,0.0
7.464478776000001,0.0003662109375,0.0,0.0
7.465488005,0.0003662109375,0.0,0.0
7.466479845000001,0.00091552734375,0.0,0.0
7.467431833,0.0003662109375,0.0,0.0
7.468423636,0.00347900390625,0.0,0.0
7.469477456000001,-0.002197265625,0.0,0.0
7.470475426000001,0.00439453125,0.0,0.0
7.471475265,0.00091552734375,0.0,0.0
7.472474179,-0.002197265625,0.0,0.0
7.473466482,-0.002197265625,0.0,0.0
7.474474951,0.00347900390625,0.0,0.0
7.475430921,0.00091552734375,0.0,0.0
7.476480871000001,0.00091552734375,0.0,0.0
7.477472878000001,0.00091552734375,0.0,0.0
7.478473088,0.0003662109375,0.0,0.0
7.479471261,-0.002197265625,0.0,0.0
7.4804184529999995,-0.002197265625,0.0,0.0
7.481417682000001,0.0003662109375,0.0,0.0
7.482473225000001,-0.002197265625,0.0,0.0
7.4835711,-0.002197265625,0.0,0.0
7.484462941000001,0.0003662109375,0.0,0.0
7.485472225,0.0003662109375,0.0,0.0
7.486471417,-0.002197265625,0.0,0.0
7.487468053,0.00091552734375,0.0,0.0
7.488592706000001,0.00091552734375,0.0,0.0
7.489419548,0.0003662109375,0.0,0.0
7.490460128,0.00439453125,0.0,0.0
7.4914697640000005,0.00091552734375,0.0,0.0
7.492465492,0.0003662109375,0.0,0.0
7.493473925000001,0.00091552734375,0.0,0.0
7.494465246,0.00347900390625,0.0,0.0
7.495464697,0.00347900390625,0.0,0.0
7.4964612960000006,0.0003662109375,0.0,0.0
7.497414266000001,-0.002197265625,0.0,0.0
7.498462086000001,-0.00531005859375,0.0,0.0
7.499461926000001,0.00091552734375,0.0,0.0
7.500463747,0.00091552734375,0.0,0.0
7.501420439000001,0.0003662109375,0.0,0.0
7.502464001000001,-0.0047607421875,0.0,0.0
7.503460618000001,0.00347900390625,0.0,0.0
7.5044601250000005,-0.002197265625,0.0,0.0
7.505465094000001,0.0003662109375,0.0,0.0
7.5064701000000005,-0.002197265625,0.0,0.0
7.507416774,0.00347900390625,0.0,0.0
7.508411854000001,0.00091552734375,0.0,0.0
7.50945099,-0.002197265625,0.0,0.0
7.510460644000001,0.00091552734375,0.0,0.0
7.511452373,0.005859375,0.0,0.0
7.5124606940000005,0.0003662109375,0.0,0.0
7.513643217000001,-0.00164794921875,0.0,0.0
7.514451078,-0.002197265625,0.0,0.0
7.51545888,0.00347900390625,0.0,0.0
7.516466164,0.00091552734375,0.0,0.0
7.517465134000001,-0.002197265625,0.0,0.0
7.518463381000001,0.00091552734375,0.0,0.0
7.519461109000001,0.005859375,0.0,0.0
7.520460542000001,0.00091552734375,0.0,0.0
7.521457807,-0.0047607421875,0.0,0.0
7.522467647,-0.002197265625,0.0,0.0
7.523460153000001,0.0003662109375,0.0,0.0
7.5244609559999995,0.0003662109375,0.0,0.0
7.525456129000001,-0.002197265625,0.0,0.0
7.526459673000001,-0.00531005859375,0.0,0.0
7.527457198,0.0003662109375,0.0,0.0
7.528464148,0.00091552734375,0.0,0.0
7.529452025,-0.00531005859375,0.0,0.0
7.530455161,0.0003662109375,0.0,0.0
7.531454131000001,-0.002197265625,0.0,0.0
7.532449804,-0.00164794921875,0.0,0.0
7.533456088,-0.00274658203125,0.0,0.0
7.5344656500000005,0.005859375,0.0,0.0
7.5354595820000005,0.0003662109375,0.0,0.0
7.536454774,-0.002197265625,0.0,0.0
7.537462984,0.0003662109375,0.0,0.0
7.538456694,0.00347900390625,0.0,0.0
7.539506459000001,-0.002197265625,0.0,0.0
7.540463373000001,0.00347900390625,0.0,0.0
7.541503861,0.00347900390625,0.0,0.0
7.542506867000001,0.00091552734375,0.0,0.0
7.543467781000001,0.0003662109375,0.0,0.0
7.544503935000001,-0.002197265625,0.0,0.0
7.545510127000001,-0.002197265625,0.0,0.0
7.546514115,0.0003662109375,0.0,0.0
7.5474591030000004,-0.002197265625,0.0,0.0
7.548462535,0.00091552734375,0.0,0.0
7.549498171000001,-0.00531005859375,0.0,0.0
7.550503437000001,-0.002197265625,0.0,0.0
7.551504517000001,0.00091552734375,0.0,0.0
7.552500857000001,0.00091552734375,0.0,0.0
7.553498752,0.00677490234375,0.0,0.0
7.554506888,-0.002197265625,0.0,0.0
7.555497117000001,0.00677490234375,0.0,0.0
7.556457161,0.00347900390625,0.0,0.0
7.557446945,0.00347900390625,0.0,0.0
7.5585018580000005,-0.002197265625,0.0,0.0
7.559496661,0.00439453125,0.0,0.0
7.56050476,0.0003662109375,0.0,0.0
7.561501988000001,0.00091552734375,0.0,0.0
7.56250555,0.00347900390625,0.0,0.0
7.563495427,0.0003662109375,0.0,0.0
7.564509748,0.00091552734375,0.0,0.0
7.5654485330000005,-0.00531005859375,0.0,0.0
7.566493669000001,0.00347900390625,0.0,0.0
7.56749386,0.00347900390625,0.0,0.0
7.568493255000001,-0.002197265625,0.0,0.0
7.5694882990000005,0.00347900390625,0.0,0.0
7.570445232,0.0003662109375,0.0,0.0
7.571438312000001,-0.002197265625,0.0,0.0
7.572491429,0.00091552734375,0.0,0.0
7.573485936,0.00347900390625,0.0,0.0
7.574502275000001,0.00091552734375,0.0,0.0
7.575495911,0.00091552734375,0.0,0.0
7.576494177,-0.00164794921875,0.0,0.0
7.577490146,0.00347900390625,0.0,0.0
7.578496393000001,-0.002197265625,0.0,0.0
7.57943866,-0.002197265625,0.0,0.0
7.580489943000001,-0.002197265625,0.0,0.0
7.581490635000001,0.00347900390625,0.0,0.0
7.582494567,0.0003662109375,0.0,0.0
7.583493796,0.00091552734375,0.0,0.0
7.584494395000001,0.00091552734375,0.0,0.0
7.585487586,0.0003662109375,0.0,0.0
7.586435279000001,0.00347900390625,0.0,0.0
7.587483340000001,-0.0047607421875,0.0,0.0
7.588485624,0.00091552734375,0.0,0.0
7.589484093,-0.002197265625,0.0,0.0
7.590430841000001,0.00347900390625,0.0,0.0
7.591486495000001,0.00439453125,0.0,0.0
7.592477946,0.00347900390625,0.0,0.0
7.5934803969999995,-0.002197265625,0.0,0.0
7.594433848,0.00347900390625,0.0,0.0
7.5954858540000005,0.00347900390625,0.0,0.0
7.596484657,-0.002197265625,0.0,0.0
7.597481848,0.00347900390625,0.0,0.0
7.598480577000001,-0.002197265625,0.0,0.0
7.599479657000001,-0.002197265625,0.0,0.0
7.600424498,0.0003662109375,0.0,0.0
7.601424337,-0.00164794921875,0.0,0.0
7.602485769,-0.002197265625,0.0,0.0
7.603477757000001,-0.0047607421875,0.0,0.0
7.604478874000001,-0.00531005859375,0.0,0.0
7.605475918000001,-0.002197265625,0.0,0.0
7.606476591000001,0.00091552734375,0.0,0.0
7.607480042,-0.002197265625,0.0,0.0
7.608479863,-0.002197265625,0.0,0.0
7.609429185000001,0.0003662109375,0.0,0.0
7.610433432,0.00091552734375,0.0,0.0
7.61147279,0.0003662109375,0.0,0.0
7.612471796,-0.0047607421875,0.0,0.0
7.613479136,0.0003662109375,0.0,0.0
7.614476975,-0.00531005859375,0.0,0.0
7.615472167000001,0.00274658203125,0.0,0.0
7.616468655000001,0.00439453125,0.0,0.0
7.617471198,-0.00531005859375,0.0,0.0
7.618475223,0.00347900390625,0.0,0.0
7.619427804,-0.00531005859375,0.0,0.0
7.620464162,-0.002197265625,0.0,0.0
7.6214663719999995,0.00091552734375,0.0,0.0
7.622469582,-0.002197265625,0.0,0.0
7.623467255,0.00347900390625,0.0,0.0
7.624474299,0.00091552734375,0.0,0.0
7.6254707680000005,0.005859375,0.0,0.0
7.62641909,-0.00531005859375,0.0,0.0
7.627472651000001,-0.002197265625,0.0,0.0
7.628471732,0.0003662109375,0.0,0.0
7.629468053000001,0.00347900390625,0.0,0.0
7.630471504,0.00347900390625,0.0,0.0
7.631468325000001,0.00274658203125,0.0,0.0
7.632416239,-0.002197265625,0.0,0.0
7.6334639300000005,-0.00787353515625,0.0,0.0
7.634422308,0.00274658203125,0.0,0.0
7.635468721,0.0003662109375,0.0,0.0
7.636467209,0.0003662109375,0.0,0.0
7.637470474,0.00347900390625,0.0,0.0
7.638421444,0.0003662109375,0.0,0.0
7.639466487000001,-0.002197265625,0.0,0.0
7.6404653080000005,-0.002197265625,0.0,0.0
7.641463685000001,0.00091552734375,0.0,0.0
7.642469488000001,0.00439453125,0.0,0.0
7.643600233,-0.002197265625,0.0,0.0
7.6444583150000005,0.0003662109375,0.0,0.0
7.645456896,0.00347900390625,0.0,0.0
7.646460384,0.00091552734375,0.0,0.0
7.647408446000001,0.0003662109375,0.0,0.0
7.648409508000001,0.00091552734375,0.0,0.0
7.649461366,-0.002197265625,0.0,0.0
7.650466613,0.0003662109375,0.0,0.0
7.651476656000001,0.00091552734375,0.0,0.0
7.6524591630000005,0.00091552734375,0.0,0.0
7.653455966,0.00347900390625,0.0,0.0
7.654452546000001,-0.00274658203125,0.0,0.0
7.655449164000001,0.00347900390625,0.0,0.0
7.656453022,-0.00531005859375,0.0,0.0
7.657454658,-0.002197265625,0.0,0.0
7.658464497,0.0003662109375,0.0,0.0
7.659455671000001,0.00347900390625,0.0,0.0
7.660450603,0.00439453125,0.0,0.0
7.661459109,0.0003662109375,0.0,0.0
7.662449579,-0.00787353515625,0.0,0.0
7.663454196000001,-0.0047607421875,0.0,0.0
7.664453499000001,0.00091552734375,0.0,0.0
7.665455616,0.00091552734375,0.0,0.0
7.666455697000001,-0.00531005859375,0.0,0.0
7.667456462,-0.002197265625,0.0,0.0
7.668453432000001,0.0003662109375,0.0,0.0
7.669459086000001,0.00091552734375,0.0,0.0
7.670458796000001,-0.002197265625,0.0,0.0
7.67146334,0.00091552734375,0.0,0.0
7.672456198,-0.00787353515625,0.0,0.0
7.6734544080000004,-0.002197265625,0.0,0.0
7.6744549520000005,0.00347900390625,0.0,0.0
7.675574883,0.00347900390625,0.0,0.0
7.676454205,0.00091552734375,0.0,0.0
7.677458841000001,-0.002197265625,0.0,0.0
7.678454866,0.0003662109375,0.0,0.0
7.679449669000001,0.0003662109375,0.0,0.0
7.68045086,0.00091552734375,0.0,0.0
7.681447885,-0.002197265625,0.0,0.0
7.682455373000001,-0.00531005859375,0.0,0.0
7.683504527000001,0.0003662109375,0.0,0.0
7.684456997000001,0.00091552734375,0.0,0.0
7.685452115000001,-0.00531005859375,0.0,0.0
7.686503046000001,-0.002197265625,0.0,0.0
7.687503701,0.00091552734375,0.0,0.0
7.688502429000001,0.00677490234375,0.0,0.0
7.689507028,0.00347900390625,0.0,0.0
7.690502609,-0.002197265625,0.0,0.0
7.691455542000001,-0.00531005859375,0.0,0.0
7.692450937000001,-0.002197265625,0.0,0.0
7.693498961,-0.002197265625,0.0,0.0
7.694495746,0.00091552734375,0.0,0.0
7.695501048,-0.00164794921875,0.0,0.0
7.696503110000001,0.0003662109375,0.0,0.0
7.697497468000001,0.00347900390625,0.0,0.0
7.6985066600000005,0.00091552734375,0.0,0.0
7.699453537000001,-0.002197265625,0.0,0.0
7.700453377,0.0003662109375,0.0,0.0
7.70148905,-0.0047607421875,0.0,0.0
7.702496871,0.00091552734375,0.0,0.0
7.703491970000001,0.0003662109375,0.0,0.0
7.704497495000001,0.00347900390625,0.0,0.0
7.7054945009999996,0.00091552734375,0.0,0.0
7.706495489000001,0.0003662109375,0.0,0.0
7.707493921,-0.0047607421875,0.0,0.0
7.708443002,0.00347900390625,0.0,0.0
7.709444175000001,0.0003662109375,0.0,0.0
7.710494663000001,-0.002197265625,0.0,0.0
7.711491669,-0.002197265625,0.0,0.0
7.7124912310000004,0.00677490234375,0.0,0.0
7.7135005340000005,0.0003662109375,0.0,0.0
7.7145012809999995,0.0018310546875,0.0,0.0
7.715506787,0.0003662109375,0.0,0.0
7.716495868,0.00091552734375,0.0,0.0
7.717438634,-0.002197265625,0.0,0.0
7.718438881,-0.0047607421875,0.0,0.0
7.719495016000001,-0.00531005859375,0.0,0.0
7.720498282,-0.002197265625,0.0,0.0
7.721494752000001,-0.002197265625,0.0,0.0
7.722490351,0.00347900390625,0.0,0.0
7.723494005,0.0003662109375,0.0,0.0
7.724488937000001,-0.002197265625,0.0,0.0
7.725442704,-0.00531005859375,0.0,0.0
7.726483284000001,-0.002197265625,0.0,0.0
7.727484901000001,-0.00787353515625,0.0,0.0
7.728489796000001,0.00091552734375,0.0,0.0
7.729433989000001,0.0018310546875,0.0,0.0
7.730482346,-0.002197265625,0.0,0.0
7.731479445000001,0.00091552734375,0.0,0.0
7.7324813400000005,0.00274658203125,0.0,0.0
7.733484551000001,0.00091552734375,0.0,0.0
7.734476446000001,-0.002197265625,0.0,0.0
7.735487082,-0.002197265625,0.0,0.0
7.736446089,0.0003662109375,0.0,0.0
7.737430225,0.00347900390625,0.0,0.0
7.738488971,-0.002197265625,0.0,0.0
7.739481996000001,0.0003662109375,0.0,0.0
7.740482355,-0.00164794921875,0.0,0.0
7.741480805000001,0.00347900390625,0.0,0.0
7.742489997000001,0.00091552734375,0.0,0.0
7.743475615,-0.0047607421875,0.0,0.0
7.744490491,0.0003662109375,0.0,0.0
7.745423776,0.00091552734375,0.0,0.0
7.746427486000001,0.00439453125,0.0,0.0
7.7474737330000005,0.0003662109375,0.0,0.0
7.748473980000001,-0.002197265625,0.0,0.0
7.749474968,0.00091552734375,0.0,0.0
7.750474493,-0.00164794921875,0.0,0.0
7.751473369,-0.00274658203125,0.0,0.0
7.752422839,0.00347900390625,0.0,0.0
7.753471216,-0.002197265625,0.0,0.0
7.754426426000001,-0.002197265625,0.0,0.0
7.755477802000001,-0.0047607421875,0.0,0.0
7.756474679000001,-0.002197265625,0.0,0.0
7.757506963,0.00091552734375,0.0,0.0
7.758477655000001,0.00347900390625,0.0,0.0
7.759466532,0.00347900390625,0.0,0.0
7.760426557,-0.002197265625,0.0,0.0
7.761426878000001,-0.002197265625,0.0,0.0
7.762464458000001,-0.0047607421875,0.0,0.0
7.763463131000001,0.00347900390625,0.0,0.0
7.764470638,-0.002197265625,0.0,0.0
7.765466533000001,-0.00274658203125,0.0,0.0
7.766468188,-0.002197265625,0.0,0.0
7.767467009,-0.00164794921875,0.0,0.0
7.768467923,0.0003662109375,0.0,0.0
7.769415985000001,0.00347900390625,0.0,0.0
7.770464954,0.0003662109375,0.0,0.0
7.771465331000001,0.0003662109375,0.0,0.0
7.772473837000001,0.00091552734375,0.0,0.0
7.773466936000001,-0.002197265625,0.0,0.0
7.774469053,0.00347900390625,0.0,0.0
7.775466375,0.0003662109375,0.0,0.0
7.776462863,0.0003662109375,0.0,0.0
7.777463573000001,0.0003662109375,0.0,0.0
7.778409228,0.0003662109375,0.0,0.0
7.779465419,-0.00164794921875,0.0,0.0
7.780464296000001,0.00091552734375,0.0,0.0
7.781461228,-0.00274658203125,0.0,0.0
7.782464642,-0.002197265625,0.0,0.0
7.783597165000001,-0.0047607421875,0.0,0.0
7.7844531550000005,-0.002197265625,0.0,0.0
7.785460531000001,-0.002197265625,0.0,0.0
7.786418075000001,0.00091552734375,0.0,0.0
7.787418415,0.0003662109375,0.0,0.0
7.788456995,0.00439453125,0.0,0.0
7.7894600380000005,0.0003662109375,0.0,0.0
7.7904595819999995,-0.002197265625,0.0,0.0
7.791456347,0.0003662109375,0.0,0.0
7.792460687000001,0.00347900390625,0.0,0.0
7.7936012660000005,-0.002197265625,0.0,0.0
7.794464366000001,0.00274658203125,0.0,0.0
7.795462040000001,0.0003662109375,0.0,0.0
7.796455842000001,0.00347900390625,0.0,0.0
7.797452645000001,-0.00531005859375,0.0,0.0
7.798453022000001,0.00347900390625,0.0,0.0
7.799457787000001,0.00347900390625,0.0,0.0
7.800460757000001,-0.002197265625,0.0,0.0
7.801461337,0.00347900390625,0.0,0.0
7.802454788000001,-0.00531005859375,0.0,0.0
7.803452869,0.00347900390625,0.0,0.0
7.804453875000001,-0.002197265625,0.0,0.0
7.805455011,-0.00164794921875,0.0,0.0
7.806455925000001,0.00091552734375,0.0,0.0
7.807455801000001,-0.002197265625,0.0,0.0
7.808449086,-0.002197265625,0.0,0.0
7.809449703000001,0.00091552734375,0.0,0.0
7.810453598,-0.00274658203125,0.0,0.0
7.811461845000001,-0.002197265625,0.0,0.0
7.812462481,0.00347900390625,0.0,0.0
7.813455321,-0.0047607421875,0.0,0.0
7.81445268,0.0003662109375,0.0,0.0
7.815458353000001,-0.002197265625,0.0,0.0
7.816458433,0.00439453125,0.0,0.0
7.817463236000001,0.00091552734375,0.0,0.0
7.818470316,0.00274658203125,0.0,0.0
7.81945836,-0.00274658203125,0.0,0.0
7.820456866,-0.002197265625,0.0,0.0
7.821458946000001,-0.00531005859375,0.0,0.0
7.822465064,0.0003662109375,0.0,0.0
7.823509033,-0.00274658203125,0.0,0.0
7.824450781,-0.002197265625,0.0,0.0
7.825509694,0.00091552734375,0.0,0.0
7.826502311,-0.002197265625,0.0,0.0
7.82750191,0.0003662109375,0.0,0.0
7.828500917,-0.002197265625,0.0,0.0
7.829502719,-0.002197265625,0.0,0.0
7.830450578,-0.002197265625,0.0,0.0
7.831447751,-0.002197265625,0.0,0.0
7.832504164,0.00091552734375,0.0,0.0
7.833499467,-0.002197265625,0.0,0.0
7.834501399,0.00347900390625,0.0,0.0
7.835494017000001,-0.002197265625,0.0,0.0
7.836492338,0.00347900390625,0.0,0.0
7.837504381,-0.0047607421875,0.0,0.0
7.838493684,0.0003662109375,0.0,0.0
7.839447136000001,0.00091552734375,0.0,0.0
7.840496716,-0.00164794921875,0.0,0.0
7.841491037,0.00347900390625,0.0,0.0
7.842492395,-0.002197265625,0.0,0.0
7.843497494,0.00091552734375,0.0,0.0
7.844487945,0.00347900390625,0.0,0.0
7.845495414000001,0.0003662109375,0.0,0.0
7.846495846000001,0.00347900390625,0.0,0.0
7.8474427790000005,0.00347900390625,0.0,0.0
7.848444582,0.00091552734375,0.0,0.0
7.849489792000001,-0.002197265625,0.0,0.0
7.850495761,0.0003662109375,0.0,0.0
7.851491564000001,0.00091552734375,0.0,0.0
7.852494607,0.00091552734375,0.0,0.0
7.853491447000001,-0.002197265625,0.0,0.0
7.854498805000001,-0.002197265625,0.0,0.0
7.85549596,0.00347900390625,0.0,0.0
7.856439356,0.00091552734375,0.0,0.0
7.857443029,0.0018310546875,0.0,0.0
7.858488183000001,0.0003662109375,0.0,0.0
7.859494930000001,0.0003662109375,0.0,0.0
7.860491455000001,0.00347900390625,0.0,0.0
7.861492628,0.0003662109375,0.0,0.0
7.862482004000001,0.005859375,0.0,0.0
7.863493474000001,0.0003662109375,0.0,0.0
7.864485554000001,-0.002197265625,0.0,0.0
7.865433265000001,0.0003662109375,0.0,0.0
7.86643566,-0.002197265625,0.0,0.0
7.867497092,-0.0047607421875,0.0,0.0
7.868483413000001,-0.002197265625,0.0,0.0
7.869481105000001,0.00347900390625,0.0,0.0
7.87048363,0.00347900390625,0.0,0.0
7.871486266000001,0.00347900390625,0.0,0.0
7.872431643,-0.002197265625,0.0,0.0
7.873479519000001,-0.002197265625,0.0,0.0
7.874437915000001,0.00091552734375,0.0,0.0
7.875435051000001,-0.002197265625,0.0,0.0
7.876486112000001,0.00091552734375,0.0,0.0
7.877480526,-0.002197265625,0.0,0.0
7.878481292000001,-0.00274658203125,0.0,0.0
7.879483817,0.0003662109375,0.0,0.0
7.880483527,0.00091552734375,0.0,0.0
7.8814855150000005,0.0003662109375,0.0,0.0
7.882427800000001,-0.002197265625,0.0,0.0
7.883484509,0.0003662109375,0.0,0.0
7.884421072000001,0.0003662109375,0.0,0.0
7.88553841,-0.002197265625,0.0,0.0
7.88647601,0.00091552734375,0.0,0.0
7.887474664,-0.002197265625,0.0,0.0
7.8884740970000005,-0.002197265625,0.0,0.0
7.889475362,0.0003662109375,0.0,0.0
7.890474887000001,0.00677490234375,0.0,0.0
7.891422561,0.00347900390625,0.0,0.0
7.8924347710000005,-0.002197265625,0.0,0.0
7.893472629000001,-0.00531005859375,0.0,0.0
7.894420617000001,0.00091552734375,0.0,0.0
7.895472901000001,0.00439453125,0.0,0.0
7.896465833,-0.00274658203125,0.0,0.0
7.897469247000001,0.00347900390625,0.0,0.0
7.898471086,0.00347900390625,0.0,0.0
7.899423445000001,-0.002197265625,0.0,0.0
7.900420118,0.0003662109375,0.0,0.0
7.901473939,0.00091552734375,0.0,0.0
7.902463631000001,0.00091552734375,0.0,0.0
7.90347597,0.00091552734375,0.0,0.0
7.9044672920000005,-0.002197265625,0.0,0.0
7.905463354000001,0.0003662109375,0.0,0.0
7.906472304,0.0003662109375,0.0,0.0
7.907462163000001,-0.002197265625,0.0,0.0
7.908422466,-0.002197265625,0.0,0.0
7.909416306,0.0003662109375,0.0,0.0
7.910462811000001,-0.002197265625,0.0,0.0
7.911469021000001,0.00677490234375,0.0,0.0
7.912468472,0.0003662109375,0.0,0.0
7.91346496,0.00347900390625,0.0,0.0
7.914464041,0.0003662109375,0.0,0.0
7.915465936000001,-0.00531005859375,0.0,0.0
7.916462683,-0.002197265625,0.0,0.0
7.9174068570000005,0.00091552734375,0.0,0.0
7.918413122,0.00677490234375,0.0,0.0
7.919463406000001,0.0003662109375,0.0,0.0
7.920461172,0.00091552734375,0.0,0.0
7.921462900000001,0.00347900390625,0.0,0.0
7.922460314000001,0.00091552734375,0.0,0.0
7.9236528,-0.002197265625,0.0,0.0
7.924457734,0.0003662109375,0.0,0.0
7.9254587590000005,0.0003662109375,0.0,0.0
7.92646634,-0.002197265625,0.0,0.0
7.927408717,0.0003662109375,0.0,0.0
7.928407112000001,-0.002197265625,0.0,0.0
7.929455248000001,0.00091552734375,0.0,0.0
7.930455847,0.00347900390625,0.0,0.0
7.931453446,0.0003662109375,0.0,0.0
7.932455341,0.00091552734375,0.0,0.0
7.933452588000001,0.00091552734375,0.0,0.0
7.9344577240000005,0.005859375,0.0,0.0
7.935446508000001,0.0003662109375,0.0,0.0
7.9364534220000005,-0.002197265625,0.0,0.0
7.93745304,0.00677490234375,0.0,0.0
7.938472194,0.0003662109375,0.0,0.0
7.939461663,-0.002197265625,0.0,0.0
7.940457596000001,-0.002197265625,0.0,0.0
7.941459917,0.0003662109375,0.0,0.0
7.942452609000001,0.00347900390625,0.0,0.0
7.943448652,-0.002197265625,0.0,0.0
7.944456084,0.00091552734375,0.0,0.0
7.945505942,0.00091552734375,0.0,0.0
7.946453634,0.00347900390625,0.0,0.0
7.947452252000001,-0.002197265625,0.0,0.0
7.948453332000001,-0.002197265625,0.0,0.0
7.949453301000001,-0.002197265625,0.0,0.0
7.950455345000001,0.00347900390625,0.0,0.0
7.951453685,-0.002197265625,0.0,0.0
7.952452098000001,-0.002197265625,0.0,0.0
7.953453123,0.0003662109375,0.0,0.0
7.954460111,0.0003662109375,0.0,0.0
7.955455395,-0.002197265625,0.0,0.0
7.956553919,0.0003662109375,0.0,0.0
7.957452519000001,-0.002197265625,0.0,0.0
7.958454711000001,-0.002197265625,0.0,0.0
7.959461791,-0.002197265625,0.0,0.0
7.960451409,0.00347900390625,0.0,0.0
7.961449600000001,-0.002197265625,0.0,0.0
7.962449736000001,0.00347900390625,0.0,0.0
7.963500353,-0.00274658203125,0.0,0.0
7.964485767,-0.002197265625,0.0,0.0
7.965452774,-0.002197265625,0.0,0.0
7.966507039000001,-0.002197265625,0.0,0.0
7.967501564,0.00091552734375,0.0,0.0
7.968507293000001,0.0003662109375,0.0,0.0
7.969450633,0.00347900390625,0.0,0.0
7.970499805,0.0003662109375,0.0,0.0
7.971492664,-0.002197265625,0.0,0.0
7.972493559000001,0.0003662109375,0.0,0.0
7.973501491000001,0.00091552734375,0.0,0.0
7.974497479000001,0.00347900390625,0.0,0.0
7.975497245000001,0.00091552734375,0.0,0.0
7.976505733000001,0.0003662109375,0.0,0.0
7.977505406,0.00091552734375,0.0,0.0
7.9784509130000005,0.0003662109375,0.0,0.0
7.9794949740000005,0.00091552734375,0.0,0.0
7.980493943,0.00347900390625,0.0,0.0
7.98149195,0.0003662109375,0.0,0.0
7.982491827,0.0003662109375,0.0,0.0
7.98359811,0.00091552734375,0.0,0.0
7.984440229,0.00347900390625,0.0,0.0
7.985443569,-0.002197265625,0.0,0.0
7.986502000000001,0.0003662109375,0.0,0.0
7.987493692,0.0003662109375,0.0,0.0
7.988490772,0.0003662109375,0.0,0.0
7.989491001,0.00439453125,0.0,0.0
7.990492304000001,0.00347900390625,0.0,0.0
7.991440014000001,-0.00531005859375,0.0,0.0
7.9924466690000004,-0.002197265625,0.0,0.0
7.993488082,-0.002197265625,0.0,0.0
7.994493329,0.00091552734375,0.0,0.0
7.995501354000001,0.00091552734375,0.0,0.0
7.996489083000001,0.00347900390625,0.0,0.0
7.997486423000001,-0.002197265625,0.0,0.0
7.998489947,0.0003662109375,0.0,0.0
7.999431677,-0.002197265625,0.0,0.0
8.000495164,0.0003662109375,0.0,0.0
8.001492781,0.00347900390625,0.0,0.0
8.002485566,-0.002197265625,0.0,0.0
8.003490628000002,0.0003662109375,0.0,0.0
8.004488486,0.00347900390625,0.0,0.0
8.005493196,-0.002197265625,0.0,0.0
8.006486443,0.0003662109375,0.0,0.0
8.007447617,0.00091552734375,0.0,0.0
8.008482011000002,-0.002197265625,0.0,0.0
8.009486943999999,-0.002197265625,0.0,0.0
8.01048982,0.00091552734375,0.0,0.0
8.011483012,0.00091552734375,0.0,0.0
8.012439889,0.00091552734375,0.0,0.0
8.013481377000002,0.00677490234375,0.0,0.0
8.014482642,-0.002197265625,0.0,0.0
8.015474482000002,0.00347900390625,0.0,0.0
8.01647784,0.00347900390625,0.0,0.0
8.017478513,0.00091552734375,0.0,0.0
8.018480001,-0.00164794921875,0.0,0.0
8.019423323000002,0.0003662109375,0.0,0.0
8.020426163,-0.002197265625,0.0,0.0
8.021480817,-0.002197265625,0.0,0.0
8.022479397000001,-0.002197265625,0.0,0.0
8.023477441,0.00091552734375,0.0,0.0
8.024471206000001,0.00347900390625,0.0,0.0
8.025475657000001,-0.002197265625,0.0,0.0
8.026475219000002,-0.00274658203125,0.0,0.0
8.027485022,0.0003662109375,0.0,0.0
8.028422343999999,0.0003662109375,0.0,0.0
8.02942448,-0.00274658203125,0.0,0.0
8.030467486,0.00091552734375,0.0,0.0
8.031477325000001,0.00677490234375,0.0,0.0
8.032471145999999,0.00347900390625,0.0,0.0
8.033494301000001,-0.00274658203125,0.0,0.0
8.034470567,0.00091552734375,0.0,0.0
8.035466461999999,0.0003662109375,0.0,0.0
8.036426339000002,-0.002197265625,0.0,0.0
8.037431457,-0.002197265625,0.0,0.0
8.038464888,-0.002197265625,0.0,0.0
8.039463636,-0.00531005859375,0.0,0.0
8.040474883000002,0.00347900390625,0.0,0.0
8.041416316,0.0003662109375,0.0,0.0
8.042470933,0.00091552734375,0.0,0.0
8.043474845999999,-0.002197265625,0.0,0.0
8.044465019,0.00347900390625,0.0,0.0
8.045466026,0.00347900390625,0.0,0.0
8.04646744,-0.002197265625,0.0,0.0
8.047409632,-0.002197265625,0.0,0.0
8.048416286000002,0.0003662109375,0.0,0.0
8.049471459,-0.00164794921875,0.0,0.0
8.050472947,-0.002197265625,0.0,0.0
8.051466100999999,-0.002197265625,0.0,0.0
8.052414108,0.0003662109375,0.0,0.0
8.053467095000002,-0.0047607421875,0.0,0.0
8.05445938,0.0003662109375,0.0,0.0
8.055465238,0.0003662109375,0.0,0.0
8.056460911000002,0.00347900390625,0.0,0.0
8.057472879999999,0.00347900390625,0.0,0.0
8.058457739000001,0.0003662109375,0.0,0.0
8.059417171,0.00347900390625,0.0,0.0
8.060454918000001,0.005859375,0.0,0.0
8.061468202,0.00347900390625,0.0,0.0
8.062410913,0.00347900390625,0.0,0.0
8.063459307999999,0.0003662109375,0.0,0.0
8.064451203,-0.002197265625,0.0,0.0
8.065457246000001,0.00091552734375,0.0,0.0
8.066465882,0.0003662109375,0.0,0.0
8.067458204000001,0.00091552734375,0.0,0.0
8.068407618000002,0.0003662109375,0.0,0.0
8.069453235000001,0.00439453125,0.0,0.0
8.070454260000002,-0.002197265625,0.0,0.0
8.071454914,0.0003662109375,0.0,0.0
8.072458735000001,0.00091552734375,0.0,0.0
8.073452057,-0.002197265625,0.0,0.0
8.074451748000001,0.00274658203125,0.0,0.0
8.075448125000001,0.0003662109375,0.0,0.0
8.07645165,-0.002197265625,0.0,0.0
8.077452971,0.0003662109375,0.0,0.0
8.078454811,0.00091552734375,0.0,0.0
8.079461336000001,0.00091552734375,0.0,0.0
8.080450231,0.00347900390625,0.0,0.0
8.081461700000002,0.00439453125,0.0,0.0
8.082451077000002,0.00347900390625,0.0,0.0
8.08346612,-0.002197265625,0.0,0.0
8.084449127,-0.002197265625,0.0,0.0
8.085446374,0.0003662109375,0.0,0.0
8.086457214,0.0003662109375,0.0,0.0
8.087448128000002,0.00091552734375,0.0,0.0
8.088459875000002,-0.0047607421875,0.0,0.0
8.089543973000001,0.00347900390625,0.0,0.0
8.090456443,0.00091552734375,0.0,0.0
8.091451098,0.00091552734375,0.0,0.0
8.092453697,0.00091552734375,0.0,0.0
8.093453018000002,0.00347900390625,0.0,0.0
8.094456654000002,-0.0047607421875,0.0,0.0
8.095465104999999,0.0003662109375,0.0,0.0
8.096453463,0.00091552734375,0.0,0.0
8.097454155000001,0.00274658203125,0.0,0.0
8.098452939000001,0.0003662109375,0.0,0.0
8.099456297,0.00347900390625,0.0,0.0
8.100459433000001,0.0003662109375,0.0,0.0
8.101457791000001,0.0003662109375,0.0,0.0
8.102459890000002,-0.002197265625,0.0,0.0
8.103502155000001,0.0003662109375,0.0,0.0
8.104448181000002,0.0003662109375,0.0,0.0
8.105496798,-0.00164794921875,0.0,0.0
8.106500545,-0.002197265625,0.0,0.0
8.107500959,-0.002197265625,0.0,0.0
8.108499891000001,-0.0047607421875,0.0,0.0
8.109503119,0.0003662109375,0.0,0.0
8.110450478,0.00091552734375,0.0,0.0
8.111458577,-0.00274658203125,0.0,0.0
8.112492305,-0.00531005859375,0.0,0.0
8.113501849000002,0.00347900390625,0.0,0.0
8.114490966000002,-0.0047607421875,0.0,0.0
8.115495343,0.0003662109375,0.0,0.0
8.116496664,0.00091552734375,0.0,0.0
8.117499374000001,0.0003662109375,0.0,0.0
8.118496677,0.00347900390625,0.0,0.0
8.119453703000001,0.00347900390625,0.0,0.0
8.120492801000001,0.00091552734375,0.0,0.0
8.121491011,0.00347900390625,0.0,0.0
8.122497536000001,0.00439453125,0.0,0.0
8.1236313,-0.00531005859375,0.0,0.0
8.124502197000002,0.00091552734375,0.0,0.0
8.1254435,0.0003662109375,0.0,0.0
8.126443784,-0.002197265625,0.0,0.0
8.127490011999999,-0.002197265625,0.0,0.0
8.128494629999999,-0.00531005859375,0.0,0.0
8.12949734,-0.002197265625,0.0,0.0
8.130518179,-0.002197265625,0.0,0.0
8.13149126,0.00091552734375,0.0,0.0
8.132451137,0.00274658203125,0.0,0.0
8.133487366,-0.002197265625,0.0,0.0
8.134441539,-0.002197265625,0.0,0.0
8.13548686,0.0018310546875,0.0,0.0
8.136485718,-0.002197265625,0.0,0.0
8.137493743,0.00091552734375,0.0,0.0
8.138491342000002,0.00347900390625,0.0,0.0
8.139491385,0.00091552734375,0.0,0.0
8.140432485000002,-0.002197265625,0.0,0.0
8.141437269,0.0003662109375,0.0,0.0
8.14249096,0.00347900390625,0.0,0.0
8.143486152000001,0.00274658203125,0.0,0.0
8.144482695,0.00091552734375,0.0,0.0
8.145481627999999,-0.002197265625,0.0,0.0
8.146490282000002,0.00091552734375,0.0,0.0
8.147483917999999,0.00091552734375,0.0,0.0
8.148481368999999,0.00347900390625,0.0,0.0
8.149432209,-0.002197265625,0.0,0.0
8.150478547999999,-0.002197265625,0.0,0.0
8.151482407,0.00091552734375,0.0,0.0
8.152480598,-0.00787353515625,0.0,0.0
8.153486938,0.0003662109375,0.0,0.0
8.154482907000002,0.00347900390625,0.0,0.0
8.155488691000002,0.00677490234375,0.0,0.0
8.156479679,0.0003662109375,0.0,0.0
8.157439649,-0.0047607421875,0.0,0.0
8.158470896,-0.00531005859375,0.0,0.0
8.159477402,0.00091552734375,0.0,0.0
8.160475075,0.0003662109375,0.0,0.0
8.16147423,0.00091552734375,0.0,0.0
8.162477958,0.0003662109375,0.0,0.0
8.163467465,-0.00274658203125,0.0,0.0
8.164474453,0.00347900390625,0.0,0.0
8.165423904,-0.0047607421875,0.0,0.0
8.166426948000002,0.0003662109375,0.0,0.0
8.167471157000001,-0.002197265625,0.0,0.0
8.168475756,0.00091552734375,0.0,0.0
8.169479244000001,0.00347900390625,0.0,0.0
8.170479306,0.0003662109375,0.0,0.0
8.17142135,0.00091552734375,0.0,0.0
8.172469578000001,-0.002197265625,0.0,0.0
8.173475381,0.00347900390625,0.0,0.0
8.174473572,-0.002197265625,0.0,0.0
8.175470893,-0.002197265625,0.0,0.0
8.176468881000002,0.00347900390625,0.0,0.0
8.177483925,0.0003662109375,0.0,0.0
8.178419024,-0.0047607421875,0.0,0.0
8.179414956999999,-0.002197265625,0.0,0.0
8.180470814,0.00091552734375,0.0,0.0
8.18147171,0.00091552734375,0.0,0.0
8.182466549,-0.0047607421875,0.0,0.0
8.183462258999999,0.00439453125,0.0,0.0
8.184466932,-0.00531005859375,0.0,0.0
8.185464624000002,0.00347900390625,0.0,0.0
8.186465723000001,-0.002197265625,0.0,0.0
8.187466489000002,0.00091552734375,0.0,0.0
8.188413551,0.0003662109375,0.0,0.0
8.189411334999999,-0.002197265625,0.0,0.0
8.190462397000001,0.00439453125,0.0,0.0
8.191462107,0.0003662109375,0.0,0.0
8.192456299,-0.002197265625,0.0,0.0
8.193464323,0.0003662109375,0.0,0.0
8.194469904000002,0.00091552734375,0.0,0.0
8.195466855,0.00677490234375,0.0,0.0
8.196411695000002,0.0003662109375,0.0,0.0
8.197460219,-0.002197265625,0.0,0.0
8.198466615000001,0.0003662109375,0.0,0.0
8.199458972999999,0.0003662109375,0.0,0.0
8.200413350000002,-0.0047607421875,0.0,0.0
8.201450004000002,-0.00274658203125,0.0,0.0
8.202466658999999,0.0003662109375,0.0,0.0
8.203467906,0.00091552734375,0.0,0.0
8.204465375000002,0.0003662109375,0.0,0.0
8.205456548,-0.002197265625,0.0,0.0
8.206459481,0.00091552734375,0.0,0.0
8.207408339,0.00091552734375,0.0,0.0
8.208407919999999,-0.002197265625,0.0,0.0
8.209453704000001,0.00091552734375,0.0,0.0
8.210460875999999,0.00347900390625,0.0,0.0
8.211453827,0.00091552734375,0.0,0.0
8.212454000000001,0.00091552734375,0.0,0.0
8.213597320000002,0.00347900390625,0.0,0.0
8.214464661000001,0.00439453125,0.0,0.0
8.215398187000002,0.0003662109375,0.0,0.0
8.216450526,0.0003662109375,0.0,0.0
8.217449495,0.0003662109375,0.0,0.0
8.218460150000002,0.00091552734375,0.0,0.0
8.21946286,-0.002197265625,0.0,0.0
8.220455052000002,-0.00164794921875,0.0,0.0
8.221456225,-0.002197265625,0.0,0.0
8.222459768,-0.002197265625,0.0,0.0
8.223453810999999,0.00347900390625,0.0,0.0
8.224453077,0.00091552734375,0.0,0.0
8.225453084000002,0.0003662109375,0.0,0.0
8.226453368000001,-0.002197265625,0.0,0.0
8.22745193,0.00347900390625,0.0,0.0
8.228447881000001,-0.00274658203125,0.0,0.0
8.229456998,0.00347900390625,0.0,0.0
8.230450615999999,0.00347900390625,0.0,0.0
8.231451937,-0.002197265625,0.0,0.0
8.232456869,-0.002197265625,0.0,0.0
8.233447338000001,-0.002197265625,0.0,0.0
8.234446197,0.00347900390625,0.0,0.0
8.23545111,0.00347900390625,0.0,0.0
8.236461857000002,0.0003662109375,0.0,0.0
8.237459327,0.00091552734375,0.0,0.0
8.238461778000001,-0.002197265625,0.0,0.0
8.239453061999999,0.00347900390625,0.0,0.0
8.240454419999999,-0.00164794921875,0.0,0.0
8.241454741000002,0.00347900390625,0.0,0.0
8.242451080999999,0.0003662109375,0.0,0.0
8.243451198999999,-0.002197265625,0.0,0.0
8.244450372,0.0003662109375,0.0,0.0
8.245450136999999,0.00091552734375,0.0,0.0
8.246451921000002,0.0003662109375,0.0,0.0
8.247496798,0.00091552734375,0.0,0.0
8.248495674,0.0003662109375,0.0,0.0
8.249498588000002,0.00347900390625,0.0,0.0
8.250507132,-0.002197265625,0.0,0.0
8.251448972000002,0.0003662109375,0.0,0.0
8.252496533000002,0.0003662109375,0.0,0.0
8.253511577000001,0.0003662109375,0.0,0.0
8.254503305,0.00347900390625,0.0,0.0
8.255501255999999,0.0003662109375,0.0,0.0
8.256446410999999,-0.002197265625,0.0,0.0
8.257488473000002,-0.002197265625,0.0,0.0
8.258498535000001,0.0003662109375,0.0,0.0
8.259506430000002,0.00347900390625,0.0,0.0
8.260501657999999,0.0003662109375,0.0,0.0
8.261502961000001,0.00091552734375,0.0,0.0
8.262444505000001,-0.002197265625,0.0,0.0
8.263495641000002,0.00439453125,0.0,0.0
8.264443296,0.0003662109375,0.0,0.0
8.265542616000001,-0.00531005859375,0.0,0.0
8.266490586,-0.002197265625,0.0,0.0
8.267489555000001,-0.002197265625,0.0,0.0
8.268490025000002,-0.002197265625,0.0,0.0
8.269489642,-0.002197265625,0.0,0.0
8.270434408,-0.002197265625,0.0,0.0
8.271440006999999,0.0003662109375,0.0,0.0
8.272487069,-0.002197265625,0.0,0.0
8.273486390000002,0.0003662109375,0.0,0.0
8.274495155,0.00091552734375,0.0,0.0
8.275502569,0.0003662109375,0.0,0.0
8.276486890000001,-0.002197265625,0.0,0.0
8.277500230000001,0.00347900390625,0.0,0.0
8.278445181999999,-0.00531005859375,0.0,0.0
8.279489317,-0.00164794921875,0.0,0.0
8.280490157,0.00091552734375,0.0,0.0
8.281492237000002,0.00091552734375,0.0,0.0
8.282485429000001,0.00347900390625,0.0,0.0
8.283490323999999,-0.002197265625,0.0,0.0
8.284486905000001,0.00347900390625,0.0,0.0
8.285483984999999,-0.002197265625,0.0,0.0
8.286485417000002,0.00677490234375,0.0,0.0
8.287433239000002,0.0003662109375,0.0,0.0
8.288432209,0.00347900390625,0.0,0.0
8.289479158999999,-0.0047607421875,0.0,0.0
8.290478128,0.00091552734375,0.0,0.0
8.291481616000002,0.0003662109375,0.0,0.0
8.292488344999999,0.00091552734375,0.0,0.0
8.293485629,0.00091552734375,0.0,0.0
8.294479209000002,-0.002197265625,0.0,0.0
8.295481956,0.00347900390625,0.0,0.0
8.296481185000001,0.00933837890625,0.0,0.0
8.297424451000001,-0.00164794921875,0.0,0.0
8.298427235000002,0.00091552734375,0.0,0.0
8.299478277999999,-0.00274658203125,0.0,0.0
8.300487488000002,0.00347900390625,0.0,0.0
8.301479587,0.00439453125,0.0,0.0
8.302474409000002,0.00347900390625,0.0,0.0
8.303473581999999,0.00091552734375,0.0,0.0
8.304474718000002,0.0003662109375,0.0,0.0
8.305481687,0.005859375,0.0,0.0
8.306474508,0.0003662109375,0.0,0.0
8.307478459000002,0.00091552734375,0.0,0.0
8.308424392,-0.002197265625,0.0,0.0
8.309422232,0.00347900390625,0.0,0.0
8.310470515000002,0.00439453125,0.0,0.0
8.311464726,-0.00531005859375,0.0,0.0
8.312471139,0.0003662109375,0.0,0.0
8.313477108,0.00091552734375,0.0,0.0
8.314473615,0.0003662109375,0.0,0.0
8.315465529,0.0003662109375,0.0,0.0
8.316468331,-0.002197265625,0.0,0.0
8.317417468000002,-0.002197265625,0.0,0.0
8.318424641,-0.00787353515625,0.0,0.0
8.319463703,-0.002197265625,0.0,0.0
8.320465024,0.00091552734375,0.0,0.0
8.321465826,-0.002197265625,0.0,0.0
8.322471628999999,0.0003662109375,0.0,0.0
8.323601949,0.00347900390625,0.0,0.0
8.324465123,0.00347900390625,0.0,0.0
8.325464074,-0.00531005859375,0.0,0.0
8.326414822,-0.002197265625,0.0,0.0
8.327409088,-0.002197265625,0.0,0.0
8.328465444999999,-0.002197265625,0.0,0.0
8.329462841000002,0.00091552734375,0.0,0.0
8.330468347,0.00091552734375,0.0,0.0
8.331462576,-0.002197265625,0.0,0.0
8.332410934000002,0.00347900390625,0.0,0.0
8.333467866,0.0003662109375,0.0,0.0
8.334472002000002,0.00091552734375,0.0,0.0
8.335466101000002,-0.002197265625,0.0,0.0
8.336477181,0.0003662109375,0.0,0.0
8.337459281000001,0.00347900390625,0.0,0.0
8.338418713,0.00347900390625,0.0,0.0
8.339462071,-0.002197265625,0.0,0.0
8.340461022,0.00347900390625,0.0,0.0
8.341458399,0.00091552734375,0.0,0.0
8.342452239,0.00347900390625,0.0,0.0
8.343459152000001,0.0003662109375,0.0,0.0
8.344462140000001,0.0003662109375,0.0,0.0
8.345405294999999,-0.002197265625,0.0,0.0
8.346406117,0.00347900390625,0.0,0.0
8.347454382000002,0.00091552734375,0.0,0.0
8.348452739999999,0.0003662109375,0.0,0.0
8.349453412999999,0.0003662109375,0.0,0.0
8.350454827,-0.00531005859375,0.0,0.0
8.351461592,0.00347900390625,0.0,0.0
8.352402747,0.00091552734375,0.0,0.0
8.353458901,-0.00164794921875,0.0,0.0
8.354406704999999,-0.002197265625,0.0,0.0
8.355443785000002,-0.002197265625,0.0,0.0
8.356454309,0.00091552734375,0.0,0.0
8.357444038,0.00347900390625,0.0,0.0
8.358457156,-0.002197265625,0.0,0.0
8.359458551,0.00347900390625,0.0,0.0
8.360454428,-0.002197265625,0.0,0.0
8.361460027,0.0003662109375,0.0,0.0
8.362453552000002,0.00347900390625,0.0,0.0
8.363444632,0.00091552734375,0.0,0.0
8.364451638000002,0.00091552734375,0.0,0.0
8.365455571000002,0.00091552734375,0.0,0.0
8.366452114000001,-0.00531005859375,0.0,0.0
8.367442158,-0.002197265625,0.0,0.0
8.368453774999999,0.00439453125,0.0,0.0
8.369443726,-0.00531005859375,0.0,0.0
8.370457343000002,0.00091552734375,0.0,0.0
8.371457849999999,-0.0047607421875,0.0,0.0
8.372449986,0.00347900390625,0.0,0.0
8.373460918,0.0003662109375,0.0,0.0
8.374452053999999,-0.0047607421875,0.0,0.0
8.375447931,-0.002197265625,0.0,0.0
8.376454974000001,-0.002197265625,0.0,0.0
8.377461869000001,-0.002197265625,0.0,0.0
8.378456375999999,0.0003662109375,0.0,0.0
8.379463642000001,-0.00531005859375,0.0,0.0
8.38046387,0.00091552734375,0.0,0.0
8.381456728,0.00091552734375,0.0,0.0
8.382450568,0.00091552734375,0.0,0.0
8.383449612,-0.002197265625,0.0,0.0
8.384454692000002,-0.002197265625,0.0,0.0
8.385449162,0.0003662109375,0.0,0.0
8.386446649,-0.00164794921875,0.0,0.0
8.387451915,0.0003662109375,0.0,0.0
8.388495736,-0.00787353515625,0.0,0.0
8.389497186,-0.002197265625,0.0,0.0
8.390492656,0.00439453125,0.0,0.0
8.391497718,0.00091552734375,0.0,0.0
8.392496946000001,-0.00531005859375,0.0,0.0
8.393500397,0.00091552734375,0.0,0.0
8.394494218000002,-0.002197265625,0.0,0.0
8.395453577000001,0.0003662109375,0.0,0.0
8.396445286999999,-0.002197265625,0.0,0.0
8.39750746,0.0003662109375,0.0,0.0
8.398493929,0.0003662109375,0.0,0.0
8.399498417,-0.002197265625,0.0,0.0
8.400497923,0.005859375,0.0,0.0
8.401443281999999,-0.002197265625,0.0,0.0
8.402504769,0.0003662109375,0.0,0.0
8.403498887000001,0.0003662109375,0.0,0.0
8.404490801000001,-0.002197265625,0.0,0.0
8.405498641000001,0.00091552734375,0.0,0.0
8.406488314,-0.00531005859375,0.0,0.0
8.407484265,0.0003662109375,0.0,0.0
8.408489677999999,-0.002197265625,0.0,0.0
8.409435815000002,0.0003662109375,0.0,0.0
8.410488061999999,-0.0047607421875,0.0,0.0
8.411492864,0.0003662109375,0.0,0.0
8.412489222000001,0.00091552734375,0.0,0.0
8.413479896000002,0.00347900390625,0.0,0.0
8.414482772,0.00347900390625,0.0,0.0
8.415437557,0.0003662109375,0.0,0.0
8.416484285,-0.0047607421875,0.0,0.0
8.417484421000001,-0.002197265625,0.0,0.0
8.418492316000002,0.00677490234375,0.0,0.0
8.419434730999999,0.0003662109375,0.0,0.0
8.420485533,-0.0047607421875,0.0,0.0
8.421482316999999,-0.002197265625,0.0,0.0
8.422483248999999,-0.002197265625,0.0,0.0
8.423489848,0.00091552734375,0.0,0.0
8.424485521000001,-0.00164794921875,0.0,0.0
8.425481583,0.00274658203125,0.0,0.0
8.426487052999999,0.0003662109375,0.0,0.0
8.427430744999999,-0.002197265625,0.0,0.0
8.428430770000002,-0.00531005859375,0.0,0.0
8.429478016000001,-0.002197265625,0.0,0.0
8.430473949,0.00091552734375,0.0,0.0
8.431472659,0.00439453125,0.0,0.0
8.432584756,0.0003662109375,0.0,0.0
8.433480431,0.00347900390625,0.0,0.0
8.434484622,0.0003662109375,0.0,0.0
8.435438074,-0.002197265625,0.0,0.0
8.436427506000001,-0.00531005859375,0.0,0.0
8.437492882,-0.002197265625,0.0,0.0
8.438470648,0.00439453125,0.0,0.0
8.439475080000001,0.00439453125,0.0,0.0
8.440474976,0.0003662109375,0.0,0.0
8.441473223,0.0003662109375,0.0,0.0
8.442426156,0.0003662109375,0.0,0.0
8.443471865,0.00347900390625,0.0,0.0
8.444426298,-0.002197265625,0.0,0.0
8.445471878,0.0003662109375,0.0,0.0
8.446477828999999,0.00347900390625,0.0,0.0
8.447470631000002,0.0003662109375,0.0,0.0
8.448470416,0.00347900390625,0.0,0.0
8.449471125999999,-0.002197265625,0.0,0.0
8.450425854999999,0.0003662109375,0.0,0.0
8.451419769000001,-0.002197265625,0.0,0.0
8.452466959999999,0.00347900390625,0.0,0.0
8.453465651000002,0.0018310546875,0.0,0.0
8.45446475,0.0003662109375,0.0,0.0
8.455462053000002,-0.00274658203125,0.0,0.0
8.456468300000001,0.00091552734375,0.0,0.0
8.45747651,-0.002197265625,0.0,0.0
8.458469628,0.0003662109375,0.0,0.0
8.459420505,-0.0047607421875,0.0,0.0
8.460466863,-0.002197265625,0.0,0.0
8.461463479999999,-0.002197265625,0.0,0.0
8.462467894,0.0003662109375,0.0,0.0
8.463610269,0.0003662109375,0.0,0.0
8.464462629,0.005859375,0.0,0.0
8.465464395000001,-0.002197265625,0.0,0.0
8.466414067999999,0.00439453125,0.0,0.0
8.467413427,-0.002197265625,0.0,0.0
8.468460562,0.00091552734375,0.0,0.0
8.469462698000001,0.0003662109375,0.0,0.0
8.470464501000002,0.0003662109375,0.0,0.0
8.471461914999999,0.00091552734375,0.0,0.0
8.472461088,0.00091552734375,0.0,0.0
8.473596759,-0.0047607421875,0.0,0.0
8.47446823,0.00091552734375,0.0,0.0
8.475466106999999,0.0003662109375,0.0,0.0
8.476408762000002,0.00347900390625,0.0,0.0
8.477414139,-0.00164794921875,0.0,0.0
8.478457033000002,-0.002197265625,0.0,0.0
8.479461429,0.00677490234375,0.0,0.0
8.480460139000002,0.00347900390625,0.0,0.0
8.481462293,0.00677490234375,0.0,0.0
8.482461744000002,0.00091552734375,0.0,0.0
8.483453214,-0.002197265625,0.0,0.0
8.484463942000001,0.0003662109375,0.0,0.0
8.485404357,-0.002197265625,0.0,0.0
8.486410955,0.00091552734375,0.0,0.0
8.487453628,-0.00787353515625,0.0,0.0
8.488460782,0.0003662109375,0.0,0.0
8.489452585000002,-0.002197265625,0.0,0.0
8.490455888,0.0003662109375,0.0,0.0
8.491456617,0.00347900390625,0.0,0.0
8.492401809,0.0003662109375,0.0,0.0
8.493455111,0.00091552734375,0.0,0.0
8.494406913999999,0.0003662109375,0.0,0.0
8.495442698000002,-0.0047607421875,0.0,0.0
8.496449112,0.0003662109375,0.0,0.0
8.497456376999999,0.00347900390625,0.0,0.0
8.498453735000002,0.00091552734375,0.0,0.0
8.499446446,-0.002197265625,0.0,0.0
8.500447358999999,0.0003662109375,0.0,0.0
8.501447292000002,0.00677490234375,0.0,0.0
8.502484538000001,0.0003662109375,0.0,0.0
8.503452601,0.00091552734375,0.0,0.0
8.504452866000001,-0.002197265625,0.0,0.0
8.505449390999999,0.00439453125,0.0,0.0
8.506450861000001,0.00091552734375,0.0,0.0
8.507447756000001,0.00091552734375,0.0,0.0
8.508452077000001,-0.002197265625,0.0,0.0
8.509450935,0.00091552734375,0.0,0.0
8.510456293,-0.002197265625,0.0,0.0
8.511450243999999,0.0003662109375,0.0,0.0
8.512450362,-0.002197265625,0.0,0.0
8.513503775,0.0003662109375,0.0,0.0
8.514452597000002,0.00091552734375,0.0,0.0
8.515449140000001,-0.00531005859375,0.0,0.0
8.516451869,0.00091552734375,0.0,0.0
8.517446968000002,-0.002197265625,0.0,0.0
8.518456271000002,0.0003662109375,0.0,0.0
8.519456518000002,0.00091552734375,0.0,0.0
8.520454339,0.00347900390625,0.0,0.0
8.521455345,-0.00164794921875,0.0,0.0
8.522460833,0.0003662109375,0.0,0.0
8.523526709000002,0.00347900390625,0.0,0.0
8.524448902,-0.0047607421875,0.0,0.0
8.525454056000001,0.00091552734375,0.0,0.0
8.526454803,0.00091552734375,0.0,0.0
8.527495902000002,-0.0047607421875,0.0,0.0
8.528500723,0.00347900390625,0.0,0.0
8.529496063,-0.0047607421875,0.0,0.0
8.530498291,-0.002197265625,0.0,0.0
8.531496148999999,0.00347900390625,0.0,0.0
8.532446471,0.0003662109375,0.0,0.0
8.533496199000002,0.00091552734375,0.0,0.0
8.534451114,0.0003662109375,0.0,0.0
8.535492638000001,-0.002197265625,0.0,0.0
8.536492643999999,-0.00531005859375,0.0,0.0
8.537494854000002,0.0003662109375,0.0,0.0
8.538500713000001,-0.002197265625,0.0,0.0
8.539445905000001,-0.00531005859375,0.0,0.0
8.540497911,0.00091552734375,0.0,0.0
8.541488343000001,-0.002197265625,0.0,0.0
8.54249196,0.00347900390625,0.0,0.0
8.543494282000001,-0.002197265625,0.0,0.0
8.544489492,-0.002197265625,0.0,0.0
8.545492331000002,-0.002197265625,0.0,0.0
8.546491523,0.00091552734375,0.0,0.0
8.547496529,-0.002197265625,0.0,0.0
8.548439648000002,0.00091552734375,0.0,0.0
8.549443913000001,0.00347900390625,0.0,0.0
8.550488400999999,-0.002197265625,0.0,0.0
8.551487296000001,0.00347900390625,0.0,0.0
8.55248645,0.005859375,0.0,0.0
8.553494327,-0.002197265625,0.0,0.0
8.554494259000002,0.00091552734375,0.0,0.0
8.555488544,0.0003662109375,0.0,0.0
8.556493105000001,0.0003662109375,0.0,0.0
8.557436909,0.0003662109375,0.0,0.0
8.558435193000001,-0.002197265625,0.0,0.0
8.559492216999999,0.0003662109375,0.0,0.0
8.560487242,-0.002197265625,0.0,0.0
8.561491508,-0.002197265625,0.0,0.0
8.562482644,0.00091552734375,0.0,0.0
8.563484113000001,0.00091552734375,0.0,0.0
8.564479879,-0.002197265625,0.0,0.0
8.565576514,0.0003662109375,0.0,0.0
8.566482262000001,0.00091552734375,0.0,0.0
8.567481417,0.0003662109375,0.0,0.0
8.568427887000002,-0.0047607421875,0.0,0.0
8.569434911000002,0.0003662109375,0.0,0.0
8.570481102000002,0.0003662109375,0.0,0.0
8.571478812999999,0.0003662109375,0.0,0.0
8.572480449,0.0003662109375,0.0,0.0
8.573622879000002,-0.002197265625,0.0,0.0
8.574485258,0.00091552734375,0.0,0.0
8.575477337999999,0.00347900390625,0.0,0.0
8.576424493000001,0.0003662109375,0.0,0.0
8.577428407,0.00347900390625,0.0,0.0
8.578481061000002,-0.00787353515625,0.0,0.0
8.579471271,-0.00531005859375,0.0,0.0
8.580471796000001,-0.002197265625,0.0,0.0
8.581476784,0.0003662109375,0.0,0.0
8.582472123999999,-0.002197265625,0.0,0.0
8.583479167,0.0003662109375,0.0,0.0
8.584473099,0.0003662109375,0.0,0.0
8.585476421,0.00347900390625,0.0,0.0
8.586479334,0.00677490234375,0.0,0.0
8.587427137999999,0.0003662109375,0.0,0.0
8.588423829,0.00091552734375,0.0,0.0
8.589470243000001,0.00091552734375,0.0,0.0
8.590470842000002,0.00347900390625,0.0,0.0
8.591477143999999,0.0003662109375,0.0,0.0
8.592469428000001,0.00274658203125,0.0,0.0
8.593472509000001,0.00091552734375,0.0,0.0
8.594478663,0.0003662109375,0.0,0.0
8.595419319000001,0.0003662109375,0.0,0.0
8.596471787000002,0.00347900390625,0.0,0.0
8.597472053,-0.002197265625,0.0,0.0
8.598424523000002,-0.0047607421875,0.0,0.0
8.599469529,-0.002197265625,0.0,0.0
8.600466035,0.00091552734375,0.0,0.0
8.601472986000001,0.00347900390625,0.0,0.0
8.602470066000002,-0.002197265625,0.0,0.0
8.60365783,0.00347900390625,0.0,0.0
8.604468746000002,-0.00274658203125,0.0,0.0
8.605464270999999,0.00677490234375,0.0,0.0
8.606416685,0.0003662109375,0.0,0.0
8.607407766000001,-0.002197265625,0.0,0.0
8.608455309,0.0003662109375,0.0,0.0
8.609461704000001,0.00091552734375,0.0,0.0
8.610467469,0.00091552734375,0.0,0.0
8.611462272,0.00091552734375,0.0,0.0
8.612418242,-0.002197265625,0.0,0.0
8.613465137000002,0.00091552734375,0.0,0.0
8.614459421,-0.002197265625,0.0,0.0
8.615464835000001,0.00091552734375,0.0,0.0
8.616462878,-0.0047607421875,0.0,0.0
8.617456588,0.00347900390625,0.0,0.0
8.618480557000002,0.0003662109375,0.0,0.0
8.619410824,0.00347900390625,0.0,0.0
8.620412552000001,0.0003662109375,0.0,0.0
8.621453373000001,-0.002197265625,0.0,0.0
8.622452212999999,0.0003662109375,0.0,0.0
8.623454590000001,0.0003662109375,0.0,0.0
8.624454874000001,0.00091552734375,0.0,0.0
8.625465213000002,0.00091552734375,0.0,0.0
8.626455368000002,0.00091552734375,0.0,0.0
8.627454670999999,0.0003662109375,0.0,0.0
8.628410196,0.00091552734375,0.0,0.0
8.629409314,-0.002197265625,0.0,0.0
8.630455097000002,-0.0047607421875,0.0,0.0
8.631450326,-0.002197265625,0.0,0.0
8.632458351,0.0003662109375,0.0,0.0
8.633452931,0.00091552734375,0.0,0.0
8.634459475,0.00091552734375,0.0,0.0
8.635456814000001,0.00347900390625,0.0,0.0
8.63639934,-0.00531005859375,0.0,0.0
8.637446216,-0.002197265625,0.0,0.0
8.638447463000002,0.00347900390625,0.0,0.0
8.639443322000002,-0.002197265625,0.0,0.0
8.640443513000001,0.00091552734375,0.0,0.0
8.641444705000001,0.00677490234375,0.0,0.0
8.642451433000002,-0.002197265625,0.0,0.0
8.643635086,0.0003662109375,0.0,0.0
8.644450002,0.00091552734375,0.0,0.0
8.645458934,0.00347900390625,0.0,0.0
8.646452848,0.0003662109375,0.0,0.0
8.647452928,0.00347900390625,0.0,0.0
8.648450509,-0.002197265625,0.0,0.0
8.649446403999999,-0.002197265625,0.0,0.0
8.650449188,0.00091552734375,0.0,0.0
8.651451454,0.00347900390625,0.0,0.0
8.652453034,-0.00531005859375,0.0,0.0
8.653457059,-0.0047607421875,0.0,0.0
8.654453695,-0.002197265625,0.0,0.0
8.655447183,-0.002197265625,0.0,0.0
8.656448560000001,0.0003662109375,0.0,0.0
8.657452585000001,-0.002197265625,0.0,0.0
8.658453647000002,-0.00787353515625,0.0,0.0
8.659454060000002,0.00347900390625,0.0,0.0
8.660452585000002,0.00091552734375,0.0,0.0
8.661451907,0.0003662109375,0.0,0.0
8.662451006000001,-0.002197265625,0.0,0.0
8.663447623,0.00091552734375,0.0,0.0
8.664447759000002,0.0003662109375,0.0,0.0
8.665444190999999,-0.00531005859375,0.0,0.0
8.666449975999999,0.00091552734375,0.0,0.0
8.667453741,-0.0047607421875,0.0,0.0
8.668496784000002,0.00091552734375,0.0,0.0
8.669498346000001,0.00347900390625,0.0,0.0
8.670507371,0.0003662109375,0.0,0.0
8.671495729,0.0003662109375,0.0,0.0
8.672494143000002,0.00091552734375,0.0,0.0
8.673690369,0.00347900390625,0.0,0.0
8.674491971000002,-0.002197265625,0.0,0.0
8.67549107,0.00274658203125,0.0,0.0
8.676444428,0.00091552734375,0.0,0.0
8.677443361000002,-0.00164794921875,0.0,0.0
8.678492088999999,-0.002197265625,0.0,0.0
8.679495651,0.00677490234375,0.0,0.0
8.680500601000002,-0.002197265625,0.0,0.0
8.681445756999999,-0.002197265625,0.0,0.0
8.682494355,-0.002197265625,0.0,0.0
8.683491232000002,-0.002197265625,0.0,0.0
8.684488423000001,-0.002197265625,0.0,0.0
8.685488652,0.005859375,0.0,0.0
8.686491232000002,0.00091552734375,0.0,0.0
8.687488202,-0.002197265625,0.0,0.0
8.688442524,0.0003662109375,0.0,0.0
8.689439234000002,0.00347900390625,0.0,0.0
8.690487165,-0.002197265625,0.0,0.0
8.691483635,0.00347900390625,0.0,0.0
8.692488012000002,0.00091552734375,0.0,0.0
8.693626664,0.005859375,0.0,0.0
8.694484654,0.0003662109375,0.0,0.0
8.695486531,0.00091552734375,0.0,0.0
8.69644039,-0.00164794921875,0.0,0.0
8.697435674000001,0.00091552734375,0.0,0.0
8.698477383,-0.002197265625,0.0,0.0
8.699479464,0.00091552734375,0.0,0.0
8.700480599999999,-0.002197265625,0.0,0.0
8.701483606,0.0003662109375,0.0,0.0
8.702476927,-0.002197265625,0.0,0.0
8.703479286,-0.002197265625,0.0,0.0
8.704480107000002,0.00347900390625,0.0,0.0
8.705480206,-0.002197265625,0.0,0.0
8.706435082999999,-0.002197265625,0.0,0.0
8.707439645000001,0.00091552734375,0.0,0.0
8.708506836000002,0.00347900390625,0.0,0.0
8.709475991000001,-0.0003662109375,0.0,0.0
8.71047996,0.00091552734375,0.0,0.0
8.711478689,-0.002197265625,0.0,0.0
8.712483342999999,0.00091552734375,0.0,0.0
8.713470905000001,0.0003662109375,0.0,0.0
8.714478282000002,0.0003662109375,0.0,0.0
8.715426621999999,0.00091552734375,0.0,0.0
8.716420092,-0.002197265625,0.0,0.0
8.717474579000001,-0.002197265625,0.0,0.0
8.718469826,-0.002197265625,0.0,0.0
8.71946861,0.00091552734375,0.0,0.0
8.720473431000002,0.0003662109375,0.0,0.0
8.721485993000002,0.00091552734375,0.0,0.0
8.722429907999999,-0.002197265625,0.0,0.0
8.723467414000002,-0.00274658203125,0.0,0.0
8.724530178000002,0.0003662109375,0.0,0.0
8.725469019000002,0.0018310546875,0.0,0.0
8.726470914,-0.002197265625,0.0,0.0
8.727468680000001,-0.00274658203125,0.0,0.0
8.728470482999999,0.00091552734375,0.0,0.0
8.729592542999999,0.00347900390625,0.0,0.0
8.730420422000002,-0.0047607421875,0.0,0.0
8.731467539,0.0003662109375,0.0,0.0
8.732471064000002,-0.00531005859375,0.0,0.0
8.733463903,0.00091552734375,0.0,0.0
8.734462206,0.0003662109375,0.0,0.0
8.735466138,0.0003662109375,0.0,0.0
8.73647046,-0.00164794921875,0.0,0.0
8.737466262000002,-0.002197265625,0.0,0.0
8.738464213,0.00091552734375,0.0,0.0
8.739423627,-0.0047607421875,0.0,0.0
8.740456948000002,-0.002197265625,0.0,0.0
8.741459307,0.00091552734375,0.0,0.0
8.742465850000002,0.00091552734375,0.0,0.0
8.743464653,-0.002197265625,0.0,0.0
8.744462252000002,0.00091552734375,0.0,0.0
8.745462276000001,0.00091552734375,0.0,0.0
8.746463209000002,0.00677490234375,0.0,0.0
8.747461511000001,-0.00531005859375,0.0,0.0
8.748410667000002,-0.002197265625,0.0,0.0
8.749412025000002,0.0003662109375,0.0,0.0
8.750465271,0.00091552734375,0.0,0.0
8.751458296,-0.00274658203125,0.0,0.0
8.752455451,0.0003662109375,0.0,0.0
8.753467013000002,0.00347900390625,0.0,0.0
8.754454038000002,-0.002197265625,0.0,0.0
8.755461118,0.0003662109375,0.0,0.0
8.756413458,-0.00787353515625,0.0,0.0
8.757449742000002,-0.002197265625,0.0,0.0
8.758457989,0.00091552734375,0.0,0.0
8.75946157,0.00091552734375,0.0,0.0
8.760457001999999,0.00091552734375,0.0,0.0
8.761406878999999,0.005859375,0.0,0.0
8.762411978,-0.0047607421875,0.0,0.0
8.763453261999999,-0.002197265625,0.0,0.0
8.764458083000001,-0.002197265625,0.0,0.0
8.765452571,0.00091552734375,0.0,0.0
8.766468670000002,-0.002197265625,0.0,0.0
8.767453788000001,-0.00274658203125,0.0,0.0
8.768458905,0.0003662109375,0.0,0.0
8.769402097,0.0003662109375,0.0,0.0
8.77040027,-0.00531005859375,0.0,0.0
8.771448832,0.00347900390625,0.0,0.0
8.772452208,0.00091552734375,0.0,0.0
8.773448900000002,0.00091552734375,0.0,0.0
8.774451462000002,-0.002197265625,0.0,0.0
8.775449116,0.00347900390625,0.0,0.0
8.776448549000001,0.00347900390625,0.0,0.0
8.777403352,-0.002197265625,0.0,0.0
8.778452136000002,-0.002197265625,0.0,0.0
8.779455253000002,0.0003662109375,0.0,0.0
8.780447723000002,0.00677490234375,0.0,0.0
8.78144284,0.00091552734375,0.0,0.0
8.782458902000002,-0.002197265625,0.0,0.0
8.783451852999999,-0.002197265625,0.0,0.0
8.784450063000001,0.0003662109375,0.0,0.0
8.785444865999999,0.00347900390625,0.0,0.0
8.786456575999999,0.005859375,0.0,0.0
8.787449249000002,0.00091552734375,0.0,0.0
8.788453422,-0.00531005859375,0.0,0.0
8.789444299,-0.002197265625,0.0,0.0
8.790449379000002,-0.002197265625,0.0,0.0
8.791447922,0.00091552734375,0.0,0.0
8.792453873,0.0003662109375,0.0,0.0
8.79345188,0.005859375,0.0,0.0
8.794447423000001,0.0003662109375,0.0,0.0
8.795450578,-0.002197265625,0.0,0.0
8.796446917,0.00091552734375,0.0,0.0
8.797450201,0.00347900390625,0.0,0.0
8.79845556,0.0003662109375,0.0,0.0
8.799451696000002,-0.002197265625,0.0,0.0
8.800447535,-0.002197265625,0.0,0.0
8.80145756,-0.00531005859375,0.0,0.0
8.80244553,0.00091552734375,0.0,0.0
8.803627849000002,-0.00531005859375,0.0,0.0
8.804449302000002,0.0003662109375,0.0,0.0
8.805491678,-0.002197265625,0.0,0.0
8.806448037,0.0003662109375,0.0,0.0
8.807444784000001,0.00347900390625,0.0,0.0
8.808495401000002,-0.002197265625,0.0,0.0
8.809506684999999,0.0003662109375,0.0,0.0
8.810445377,-0.002197265625,0.0,0.0
8.811447643000001,-0.002197265625,0.0,0.0
8.812445334,0.00347900390625,0.0,0.0
8.813491840000001,-0.002197265625,0.0,0.0
8.814493421000002,0.00347900390625,0.0,0.0
8.815493575000001,-0.00531005859375,0.0,0.0
8.816507063,0.00091552734375,0.0,0.0
8.817448459000001,0.0003662109375,0.0,0.0
8.818448169,-0.00531005859375,0.0,0.0
8.819485193000002,0.00091552734375,0.0,0.0
8.820484107000002,-0.002197265625,0.0,0.0
8.821490299,0.0003662109375,0.0,0.0
8.822500861000002,-0.002197265625,0.0,0.0
8.823628106000001,-0.002197265625,0.0,0.0
8.824490021999999,0.00091552734375,0.0,0.0
8.825488954,0.00347900390625,0.0,0.0
8.826439442000002,0.0003662109375,0.0,0.0
8.827439153,-0.002197265625,0.0,0.0
8.828490399,0.0003662109375,0.0,0.0
8.829495424000001,0.00347900390625,0.0,0.0
8.830488782,0.00091552734375,0.0,0.0
8.831486807000001,0.00347900390625,0.0,0.0
8.832489795,0.00347900390625,0.0,0.0
8.833485061000001,0.0003662109375,0.0,0.0
8.834485456,-0.00531005859375,0.0,0.0
8.835435963000002,0.0003662109375,0.0,0.0
8.836442951000002,-0.002197265625,0.0,0.0
8.837475735000002,-0.002197265625,0.0,0.0
8.838477463,-0.00531005859375,0.0,0.0
8.839475877000002,0.00347900390625,0.0,0.0
8.840480291000002,-0.002197265625,0.0,0.0
8.841483204,0.005859375,0.0,0.0
8.842433286000002,-0.002197265625,0.0,0.0
8.843482662,-0.00164794921875,0.0,0.0
8.844429965,-0.00164794921875,0.0,0.0
8.845472082,0.00347900390625,0.0,0.0
8.846483866,-0.002197265625,0.0,0.0
8.847484002000002,0.0003662109375,0.0,0.0
8.848479971,0.00091552734375,0.0,0.0
8.849481570000002,0.0003662109375,0.0,0.0
8.850428411,0.00439453125,0.0,0.0
8.851428028,-0.002197265625,0.0,0.0
8.852471682000001,0.00091552734375,0.0,0.0
8.853475689,-0.002197265625,0.0,0.0
8.85448251,0.0003662109375,0.0,0.0
8.855474646000001,0.0003662109375,0.0,0.0
8.856476486000002,-0.002197265625,0.0,0.0
8.857478122,0.00091552734375,0.0,0.0
8.858476332000002,-0.0003662109375,0.0,0.0
8.859427283000002,-0.002197265625,0.0,0.0
8.860472474000002,0.0003662109375,0.0,0.0
8.861466666000002,0.0003662109375,0.0,0.0
8.862468524,0.00091552734375,0.0,0.0
8.863474790000001,0.00091552734375,0.0,0.0
8.864471981000001,0.0003662109375,0.0,0.0
8.865471543000002,-0.002197265625,0.0,0.0
8.866421291000002,-0.00164794921875,0.0,0.0
8.867467834,-0.002197265625,0.0,0.0
8.868468785000001,-0.002197265625,0.0,0.0
8.869470013,0.00091552734375,0.0,0.0
8.870471927,0.00091552734375,0.0,0.0
8.871475081,0.00091552734375,0.0,0.0
8.872473347,-0.0047607421875,0.0,0.0
8.873470668,-0.002197265625,0.0,0.0
8.874416046,-0.002197265625,0.0,0.0
8.875469773999999,-0.002197265625,0.0,0.0
8.876466002,0.0003662109375,0.0,0.0
8.877469342000001,0.00347900390625,0.0,0.0
8.878470941,0.0003662109375,0.0,0.0
8.879469688,0.00677490234375,0.0,0.0
8.880409547,0.0003662109375,0.0,0.0
8.881412942,0.00091552734375,0.0,0.0
8.882459189000002,-0.002197265625,0.0,0.0
8.883467454000002,0.0003662109375,0.0,0.0
8.884461961,0.00091552734375,0.0,0.0
8.885473671,0.00677490234375,0.0,0.0
8.886457807,0.00091552734375,0.0,0.0
8.887471868999999,0.00347900390625,0.0,0.0
8.888404691000002,-0.002197265625,0.0,0.0
8.889456974000002,0.00347900390625,0.0,0.0
8.890457462,-0.002197265625,0.0,0.0
8.891459950000002,0.0003662109375,0.0,0.0
8.892479604000002,0.00091552734375,0.0,0.0
8.893454593000001,-0.002197265625,0.0,0.0
8.894410562000001,-0.002197265625,0.0,0.0
8.895422865,-0.00787353515625,0.0,0.0
8.896448890000002,-0.002197265625,0.0,0.0
8.897449859000002,0.00091552734375,0.0,0.0
8.89845768,-0.002197265625,0.0,0.0
8.899456872000002,0.00091552734375,0.0,0.0
8.900409971000002,0.0003662109375,0.0,0.0
8.901465792,-0.002197265625,0.0,0.0
8.902456391000001,0.0003662109375,0.0,0.0
8.903447804999999,0.00091552734375,0.0,0.0
8.904403978000001,0.00091552734375,0.0,0.0
8.905404892,0.00347900390625,0.0,0.0
8.906450824,-0.002197265625,0.0,0.0
8.907446145000002,-0.002197265625,0.0,0.0
8.908559187000002,0.00347900390625,0.0,0.0
8.909455602000001,-0.00164794921875,0.0,0.0
8.910400887000002,0.00347900390625,0.0,0.0
8.911400523000001,-0.002197265625,0.0,0.0
8.912449751,0.0003662109375,0.0,0.0
8.913447795,0.0003662109375,0.0,0.0
8.914444449000001,-0.0047607421875,0.0,0.0
8.915470603,-0.0047607421875,0.0,0.0
8.916444295000002,-0.002197265625,0.0,0.0
8.917449116,-0.002197265625,0.0,0.0
8.918452697,0.00091552734375,0.0,0.0
8.91945187,-0.002197265625,0.0,0.0
8.920447617,-0.002197265625,0.0,0.0
8.921453586000002,0.00091552734375,0.0,0.0
8.922456408000002,0.00091552734375,0.0,0.0
8.923447118000002,0.00347900390625,0.0,0.0
8.924453865,0.00091552734375,0.0,0.0
8.925447260000002,0.0003662109375,0.0,0.0
8.926454396,0.00347900390625,0.0,0.0
8.927442032000002,0.00091552734375,0.0,0.0
8.92844839,0.00091552734375,0.0,0.0
8.929441008000001,0.0003662109375,0.0,0.0
8.930452940000002,0.0003662109375,0.0,0.0
8.931446706,0.00091552734375,0.0,0.0
8.932465711999999,-0.002197265625,0.0,0.0
8.933442756000002,0.00347900390625,0.0,0.0
8.934441373000002,-0.00531005859375,0.0,0.0
8.935450528,0.0003662109375,0.0,0.0
8.936442108000001,0.00091552734375,0.0,0.0
8.937447837,-0.002197265625,0.0,0.0
8.938445991000002,-0.00787353515625,0.0,0.0
8.939451979000001,-0.002197265625,0.0,0.0
8.940452708000002,0.00677490234375,0.0,0.0
8.941444880999999,0.00091552734375,0.0,0.0
8.942456165,0.00347900390625,0.0,0.0
8.943445857,-0.002197265625,0.0,0.0
8.944444659000002,0.0003662109375,0.0,0.0
8.945444944000002,0.00091552734375,0.0,0.0
8.946448876000002,0.00347900390625,0.0,0.0
8.947447178000001,0.0003662109375,0.0,0.0
8.948447129000002,0.0003662109375,0.0,0.0
8.949498561000002,-0.00274658203125,0.0,0.0
8.950502938,0.00091552734375,0.0,0.0
8.951494722,-0.002197265625,0.0,0.0
8.952501728000001,0.00347900390625,0.0,0.0
8.953498716000002,0.00347900390625,0.0,0.0
8.954495130000002,-0.002197265625,0.0,0.0
8.955443043999999,0.00347900390625,0.0,0.0
8.956489884,-0.002197265625,0.0,0.0
8.957590833000001,0.00347900390625,0.0,0.0
8.958496359000002,0.0003662109375,0.0,0.0
8.959438959,0.0003662109375,0.0,0.0
8.960441873,-0.00164794921875,0.0,0.0
8.961495193000001,-0.0047607421875,0.0,0.0
8.962489885,0.00347900390625,0.0,0.0
8.963489853999999,-0.002197265625,0.0,0.0
8.964482639,0.00347900390625,0.0,0.0
8.965488682,0.0003662109375,0.0,0.0
8.966494392000001,0.0003662109375,0.0,0.0
8.967438992000002,-0.002197265625,0.0,0.0
8.96849409,-0.0047607421875,0.0,0.0
8.969480189000002,0.00347900390625,0.0,0.0
8.970490343000002,0.00347900390625,0.0,0.0
8.971485405,0.00347900390625,0.0,0.0
8.972430968000001,0.0003662109375,0.0,0.0
8.973484826,0.00347900390625,0.0,0.0
8.974438683999999,-0.002197265625,0.0,0.0
8.975486320000002,0.0003662109375,0.0,0.0
8.976476586,0.00091552734375,0.0,0.0
8.977483944,0.00347900390625,0.0,0.0
8.978486395000001,0.00091552734375,0.0,0.0
8.97948779,-0.002197265625,0.0,0.0
8.980485537,0.00677490234375,0.0,0.0
8.981431637,0.0003662109375,0.0,0.0
8.982431773000002,-0.00164794921875,0.0,0.0
8.983484464,-0.00531005859375,0.0,0.0
8.984479322000002,0.00347900390625,0.0,0.0
8.985478014000002,-0.002197265625,0.0,0.0
8.986479316,-0.0047607421875,0.0,0.0
8.987478674000002,-0.002197265625,0.0,0.0
8.988478125,0.00439453125,0.0,0.0
8.989430854000002,0.00347900390625,0.0,0.0
8.990436361,-0.002197265625,0.0,0.0
8.991474978,0.0003662109375,0.0,0.0
8.992491187999999,0.0003662109375,0.0,0.0
8.993482602,0.0003662109375,0.0,0.0
8.994476108,0.00347900390625,0.0,0.0
8.995480226000002,0.00347900390625,0.0,0.0
8.996478675999999,0.0003662109375,0.0,0.0
8.997482405,0.00091552734375,0.0,0.0
8.998420153000001,0.0003662109375,0.0,0.0
8.999475288,-0.00164794921875,0.0,0.0
9.000479961,-0.0047607421875,0.0,0.0
9.001472857,0.0003662109375,0.0,0.0
9.0024309,0.00439453125,0.0,0.0
9.003473850999999,0.0003662109375,0.0,0.0
9.004469541999999,0.00091552734375,0.0,0.0
9.005468919000002,0.00347900390625,0.0,0.0
9.006471313999999,0.0003662109375,0.0,0.0
9.007469395000001,0.00347900390625,0.0,0.0
9.008471698000001,0.00091552734375,0.0,0.0
9.009418723,-0.002197265625,0.0,0.0
9.010466247,-0.002197265625,0.0,0.0
9.011470328000001,0.0003662109375,0.0,0.0
9.012463667999999,0.00091552734375,0.0,0.0
9.013464841000001,0.00347900390625,0.0,0.0
9.014467161999999,0.00091552734375,0.0,0.0
9.015486279000001,-0.002197265625,0.0,0.0
9.016469582,0.00347900390625,0.0,0.0
9.017419034,-0.0047607421875,0.0,0.0
9.018470020999999,0.00347900390625,0.0,0.0
9.019463916,0.0003662109375,0.0,0.0
9.020471478000001,0.005859375,0.0,0.0
9.021464688000002,0.00091552734375,0.0,0.0
9.022414640000001,0.0003662109375,0.0,0.0
9.023460923000002,-0.002197265625,0.0,0.0
9.024412838,0.0003662109375,0.0,0.0
9.025413011000001,0.0003662109375,0.0,0.0
9.026461442000002,0.00347900390625,0.0,0.0
9.027465893000002,0.0003662109375,0.0,0.0
9.028465381,-0.002197265625,0.0,0.0
9.029459887000002,0.00347900390625,0.0,0.0
9.030409487,-0.0047607421875,0.0,0.0
9.031410216000001,0.0003662109375,0.0,0.0
9.032457814,0.00091552734375,0.0,0.0
9.033459117,0.00091552734375,0.0,0.0
9.034468586,0.0003662109375,0.0,0.0
9.035466241000002,0.00091552734375,0.0,0.0
9.036456247,0.0003662109375,0.0,0.0
9.037454976,0.005859375,0.0,0.0
9.038456315000001,0.00347900390625,0.0,0.0
9.039409359,-0.0047607421875,0.0,0.0
9.040508568,0.0003662109375,0.0,0.0
9.041457056999999,-0.00531005859375,0.0,0.0
9.042453656,-0.002197265625,0.0,0.0
9.043462532,-0.002197265625,0.0,0.0
9.044445539000002,0.00347900390625,0.0,0.0
9.045445527000002,0.00347900390625,0.0,0.0
9.046453348,0.00091552734375,0.0,0.0
9.047400688,-0.002197265625,0.0,0.0
9.048401991000002,0.00091552734375,0.0,0.0
9.04944459,-0.00274658203125,0.0,0.0
9.050450188,0.00091552734375,0.0,0.0
9.051450158000002,0.00091552734375,0.0,0.0
9.052444498,-0.00531005859375,0.0,0.0
9.053452282000002,0.0003662109375,0.0,0.0
9.054403455,0.00091552734375,0.0,0.0
9.055447128,0.00091552734375,0.0,0.0
9.056467727000001,0.0003662109375,0.0,0.0
9.057454196000002,0.00347900390625,0.0,0.0
9.058447573000002,0.0003662109375,0.0,0.0
9.059401672,0.0003662109375,0.0,0.0
9.060441178000001,0.00091552734375,0.0,0.0
9.061440666,0.00347900390625,0.0,0.0
9.062445099000001,0.005859375,0.0,0.0
9.063450790000001,-0.002197265625,0.0,0.0
9.064442797000002,-0.00531005859375,0.0,0.0
9.065439562000002,0.00347900390625,0.0,0.0
9.066444124,0.00347900390625,0.0,0.0
9.067448927000001,0.00091552734375,0.0,0.0
9.068444248000002,-0.00531005859375,0.0,0.0
9.069444235999999,-0.002197265625,0.0,0.0
9.070448686999999,0.00091552734375,0.0,0.0
9.071446452,0.00091552734375,0.0,0.0
9.072447644,-0.002197265625,0.0,0.0
9.073457002000001,0.00091552734375,0.0,0.0
9.074446990000002,0.00677490234375,0.0,0.0
9.075446441,0.0003662109375,0.0,0.0
9.076447132000002,0.00091552734375,0.0,0.0
9.077453676000001,-0.002197265625,0.0,0.0
9.078453923000001,0.00091552734375,0.0,0.0
9.079449985,0.0003662109375,0.0,0.0
9.080450472999999,0.00091552734375,0.0,0.0
9.081446405000001,-0.002197265625,0.0,0.0
9.082450986000001,-0.002197265625,0.0,0.0
9.083450714000001,0.0003662109375,0.0,0.0
9.084441035000001,0.00347900390625,0.0,0.0
9.085446986000001,0.0003662109375,0.0,0.0
9.086458789000002,0.0003662109375,0.0,0.0
9.087448479999999,0.0003662109375,0.0,0.0
9.088446616999999,-0.0047607421875,0.0,0.0
9.089495696,0.0003662109375,0.0,0.0
9.090503277,-0.002197265625,0.0,0.0
9.091495691000002,-0.002197265625,0.0,0.0
9.092499938,-0.002197265625,0.0,0.0
9.09363235,0.0003662109375,0.0,0.0
9.094495765000001,0.00677490234375,0.0,0.0
9.095495068000002,0.00091552734375,0.0,0.0
9.096494167,-0.002197265625,0.0,0.0
9.097440507000002,-0.00164794921875,0.0,0.0
9.098439642999999,0.00347900390625,0.0,0.0
9.099497168,-0.002197265625,0.0,0.0
9.100491933,0.00091552734375,0.0,0.0
9.101525402,0.00091552734375,0.0,0.0
9.102492187,0.00347900390625,0.0,0.0
9.103628747000002,-0.0047607421875,0.0,0.0
9.104485922000002,0.0003662109375,0.0,0.0
9.105490205999999,0.00347900390625,0.0,0.0
9.106446806000001,0.00091552734375,0.0,0.0
9.107446831,-0.00531005859375,0.0,0.0
9.108487299,0.0003662109375,0.0,0.0
9.109492398,-0.002197265625,0.0,0.0
9.110494590000002,0.00347900390625,0.0,0.0
9.111487410999999,0.0003662109375,0.0,0.0
9.112487436000002,-0.002197265625,0.0,0.0
9.113491609,-0.0047607421875,0.0,0.0
9.114489375000002,0.00347900390625,0.0,0.0
9.11548564,-0.00274658203125,0.0,0.0
9.116433665999999,-0.002197265625,0.0,0.0
9.117438487000001,0.00091552734375,0.0,0.0
9.118485752000002,-0.002197265625,0.0,0.0
9.119489333,0.0003662109375,0.0,0.0
9.120484098000002,0.0003662109375,0.0,0.0
9.121482994,-0.002197265625,0.0,0.0
9.122494055,0.0003662109375,0.0,0.0
9.123493154000002,-0.002197265625,0.0,0.0
9.124481068000001,-0.002197265625,0.0,0.0
9.125428483,-0.0047607421875,0.0,0.0
9.126480785000002,0.00091552734375,0.0,0.0
9.127481143,0.005859375,0.0,0.0
9.128479094,0.00439453125,0.0,0.0
9.129478786,-0.002197265625,0.0,0.0
9.130478570000001,0.00347900390625,0.0,0.0
9.131478891,0.00347900390625,0.0,0.0
9.132432509000001,-0.002197265625,0.0,0.0
9.133481959000001,-0.002197265625,0.0,0.0
9.134428502999999,0.00347900390625,0.0,0.0
9.135427787000001,0.0003662109375,0.0,0.0
9.13647396,-0.002197265625,0.0,0.0
9.137469022000001,-0.002197265625,0.0,0.0
9.138470584,-0.002197265625,0.0,0.0
9.139470127,0.00091552734375,0.0,0.0
9.140469319000001,0.00347900390625,0.0,0.0
9.141424807,0.0003662109375,0.0,0.0
9.14245111,0.0003662109375,0.0,0.0
9.143475394,0.00091552734375,0.0,0.0
9.14446877,-0.002197265625,0.0,0.0
9.145471017000002,-0.0047607421875,0.0,0.0
9.146471598000002,-0.002197265625,0.0,0.0
9.147470475000002,-0.002197265625,0.0,0.0
9.148470332999999,-0.002197265625,0.0,0.0
9.149414451000002,-0.002197265625,0.0,0.0
9.15041605,-0.002197265625,0.0,0.0
9.151466630000002,-0.00274658203125,0.0,0.0
9.152473525000001,0.0003662109375,0.0,0.0
9.153476661,-0.002197265625,0.0,0.0
9.154468668,-0.002197265625,0.0,0.0
9.155468155000001,0.00091552734375,0.0,0.0
9.156468384,0.0003662109375,0.0,0.0
9.157413428000002,-0.0047607421875,0.0,0.0
9.158423546000002,-0.002197265625,0.0,0.0
9.159471792000001,0.00091552734375,0.0,0.0
9.160465131999999,0.0003662109375,0.0,0.0
9.16146862,0.00091552734375,0.0,0.0
9.162465311000002,0.0018310546875,0.0,0.0
9.16346554,-0.002197265625,0.0,0.0
9.164463083000001,-0.00274658203125,0.0,0.0
9.165464349,0.00091552734375,0.0,0.0
9.166420208000002,0.00091552734375,0.0,0.0
9.167470362,0.0003662109375,0.0,0.0
9.168461257,-0.002197265625,0.0,0.0
9.169460745000002,0.005859375,0.0,0.0
9.170458751000002,0.00091552734375,0.0,0.0
9.171410998999999,-0.002197265625,0.0,0.0
9.172462098,-0.00274658203125,0.0,0.0
9.173463419,0.00091552734375,0.0,0.0
9.174457814,0.00347900390625,0.0,0.0
9.175452635,0.00091552734375,0.0,0.0
9.17646216,-0.002197265625,0.0,0.0
9.177451852,0.00347900390625,0.0,0.0
9.178414248,-0.00274658203125,0.0,0.0
9.179448939,-0.002197265625,0.0,0.0
9.180455871,0.00091552734375,0.0,0.0
9.181447859000002,-0.002197265625,0.0,0.0
9.182448643,-0.002197265625,0.0,0.0
9.183461001000001,-0.00274658203125,0.0,0.0
9.184402749,-0.002197265625,0.0,0.0
9.185402829000001,-0.00531005859375,0.0,0.0
9.186451372,-0.00164794921875,0.0,0.0
9.187449860000001,0.00347900390625,0.0,0.0
9.188449978000001,0.00347900390625,0.0,0.0
9.189450595,0.0003662109375,0.0,0.0
9.190408565000002,0.00091552734375,0.0,0.0
9.191399905,0.00091552734375,0.0,0.0
9.192449966000002,-0.002197265625,0.0,0.0
9.193454435,-0.002197265625,0.0,0.0
9.194447442000001,-0.002197265625,0.0,0.0
9.195445578000001,-0.0047607421875,0.0,0.0
9.196447639999999,0.0003662109375,0.0,0.0
9.197458591,0.0003662109375,0.0,0.0
9.198391672,-0.002197265625,0.0,0.0
9.199455622000002,0.0003662109375,0.0,0.0
9.200445479999999,0.00091552734375,0.0,0.0
9.201453950000001,-0.002197265625,0.0,0.0
9.202455604,0.00439453125,0.0,0.0
9.203446591999999,-0.002197265625,0.0,0.0
9.204451672000001,0.0003662109375,0.0,0.0
9.205446604999999,0.00091552734375,0.0,0.0
9.206445278,0.00439453125,0.0,0.0
9.207442562,-0.00531005859375,0.0,0.0
9.208443865,-0.002197265625,0.0,0.0
9.209438853000002,-0.002197265625,0.0,0.0
9.210439804,0.00347900390625,0.0,0.0
9.211444958000001,0.00347900390625,0.0,0.0
9.212446242000002,-0.002197265625,0.0,0.0
9.213456304000001,0.00091552734375,0.0,0.0
9.21444644,-0.002197265625,0.0,0.0
9.215444391000002,-0.00531005859375,0.0,0.0
9.216444397,0.00347900390625,0.0,0.0
9.217442719000001,0.00091552734375,0.0,0.0
9.218445058,0.00091552734375,0.0,0.0
9.219444065000001,-0.002197265625,0.0,0.0
9.220443978999999,0.0003662109375,0.0,0.0
9.221444818000002,0.00091552734375,0.0,0.0
9.222445232000002,-0.00164794921875,0.0,0.0
9.22344759,-0.00787353515625,0.0,0.0
9.224450282,-0.002197265625,0.0,0.0
9.225442899,-0.002197265625,0.0,0.0
9.226446591000002,0.0003662109375,0.0,0.0
9.227446449000002,0.0003662109375,0.0,0.0
9.228492529,-0.002197265625,0.0,0.0
9.229492554,-0.00787353515625,0.0,0.0
9.230497801000002,-0.002197265625,0.0,0.0
9.231493937,0.0003662109375,0.0,0.0
9.232503369,0.00091552734375,0.0,0.0
9.233494282999999,0.00347900390625,0.0,0.0
9.234494975,0.0003662109375,0.0,0.0
9.235442371000001,0.0003662109375,0.0,0.0
9.236453488000002,0.00347900390625,0.0,0.0
9.237491604999999,-0.002197265625,0.0,0.0
9.238496148,-0.002197265625,0.0,0.0
9.239493562,-0.002197265625,0.0,0.0
9.240493309000001,-0.00164794921875,0.0,0.0
9.241490631000001,0.00091552734375,0.0,0.0
9.242436193,-0.002197265625,0.0,0.0
9.243490440000002,-0.002197265625,0.0,0.0
9.244484983,-0.002197265625,0.0,0.0
9.245484730000001,-0.0047607421875,0.0,0.0
9.246486791999999,0.00091552734375,0.0,0.0
